UserName,MenuDate,Breakfast,MorningSnack,Lunch,AfternoonSnack,Dinner
AndreaC,2026-01-01,Pan blanco Musmanni 2 rebanadas x1 | Queso fresco Dos Pinos 30 g x1 | Yogurt de fresa Dos Pinos 125 g x1 | Banano mediano x1,Yogurt griego natural Dos Pinos 150 g x1 | Banano mediano x1,Tilapia al horno 120 g x1 | Arroz blanco cocido 1 taza x1 | Vegetales salteados 1 taza x1 | Aguacate 1/2 unidad x1,Barra de cereal Jack's 1 unidad x1 | Manzana mediana x1,Tilapia al horno 120 g x1 | Papa cocida 150 g x1 | Vegetales salteados 1 taza x1
AndreaC,2026-01-02,Pan blanco Musmanni 2 rebanadas x1 | Queso fresco Dos Pinos 30 g x1 | Yogurt de fresa Dos Pinos 125 g x1 | Banano mediano x1,Sandía 1 taza x1 | Nueces mixtas 20 g x1,Tilapia al horno 120 g x1 | Arroz blanco cocido 1 taza x1 | Vegetales salteados 1 taza x1 | Aguacate 1/2 unidad x1,Papaya 1 taza x1 | Almendras 20 g x1,Pechuga de pollo a la plancha 120 g x1 | Camote cocido 150 g x1 | Ensalada verde 1 taza x1
AndreaC,2026-01-03,Tortilla de maíz 2 unidades x1 | Huevo entero 1 unidad x2 | Queso mozzarella Dos Pinos 30 g x1 | Piña 1 taza x1,Yogurt griego natural Dos Pinos 150 g x1 | Banano mediano x1,Lomo de cerdo a la plancha 120 g x1 | Yuca cocida 150 g x1 | Pico de gallo 1 porción x1 | Ensalada verde 1 taza x1,Papaya 1 taza x1 | Almendras 20 g x1,Wrap de pollo 1 unidad x1 | Pepino 1 taza x1
AndreaC,2026-01-04,Cereal Chokos Jack's 30 g x1 | Leche más proteína Dos Pinos 250 ml x1 | Manzana mediana x1,Sandía 1 taza x1 | Nueces mixtas 20 g x1,Carne molida magra 120 g x1 | Camote cocido 150 g x1 | Brócoli al vapor 1 taza x1,Yogurt griego natural Dos Pinos 150 g x1 | Pepino 1 taza x1,Omelette de espinaca 1 porción x1 | Aguacate 1/2 unidad x1 | Tomate 1 unidad x1
AndreaC,2026-01-05,Cereal Chokos Jack's 30 g x1 | Leche más proteína Dos Pinos 250 ml x1 | Manzana mediana x1,Barra de cereal Jack's 1 unidad x1 | Leche descremada Dos Pinos 250 ml x1,Lomo de cerdo a la plancha 120 g x1 | Yuca cocida 150 g x1 | Pico de gallo 1 porción x1 | Ensalada verde 1 taza x1,Barra de cereal Jack's 1 unidad x1 | Manzana mediana x1,Pechuga de pollo a la plancha 120 g x1 | Camote cocido 150 g x1 | Ensalada verde 1 taza x1
AndreaC,2026-01-06,Avena en hojuelas 40 g x1 | Leche descremada Dos Pinos 250 ml x1 | Banano mediano x1 | Semillas de chía 1 cda x1,Yogurt griego natural Dos Pinos 150 g x1 | Banano mediano x1,Atún en agua Sardimar 1 lata x1 | Pasta integral cocida 1 taza x1 | Ensalada verde 1 taza x1,Batido de proteína 1 porción x1 | Banano mediano x1,Tilapia al horno 120 g x1 | Papa cocida 150 g x1 | Vegetales salteados 1 taza x1
AndreaC,2026-01-07,Cereal Chokos Jack's 30 g x1 | Leche más proteína Dos Pinos 250 ml x1 | Manzana mediana x1,Piña 1 taza x1 | Queso fresco Dos Pinos 30 g x1,Carne molida magra 120 g x1 | Camote cocido 150 g x1 | Brócoli al vapor 1 taza x1,Queso cottage Dos Pinos 1 taza x1 | Piña 1 taza x1,Wrap de pollo 1 unidad x1 | Pepino 1 taza x1
AndreaC,2026-01-08,Pan blanco Musmanni 2 rebanadas x1 | Queso fresco Dos Pinos 30 g x1 | Yogurt de fresa Dos Pinos 125 g x1 | Banano mediano x1,Papaya 1 taza x1 | Galleta soda Pozuelo 4 unidades x1,Carne molida magra 120 g x1 | Camote cocido 150 g x1 | Brócoli al vapor 1 taza x1,Barra de cereal Jack's 1 unidad x1 | Manzana mediana x1,Pechuga de pollo a la plancha 120 g x1 | Camote cocido 150 g x1 | Ensalada verde 1 taza x1
AndreaC,2026-01-09,Yogurt griego natural Dos Pinos 150 g x1 | Granola artesanal 30 g x1 | Fresas 1 taza x1 | Mantequilla de maní 1 cda x1,Yogurt griego natural Dos Pinos 150 g x1 | Banano mediano x1,Tilapia al horno 120 g x1 | Arroz blanco cocido 1 taza x1 | Vegetales salteados 1 taza x1 | Aguacate 1/2 unidad x1,Yogurt de fresa Dos Pinos 125 g x1 | Galleta maría Pozuelo 4 unidades x1,Pechuga de pollo a la plancha 120 g x1 | Camote cocido 150 g x1 | Ensalada verde 1 taza x1
AndreaC,2026-01-10,Gallo pinto casero 1 taza x1 | Huevo entero 1 unidad x2 | Queso fresco Dos Pinos 30 g x1 | Papaya 1 taza x1,Yogurt griego natural Dos Pinos 150 g x1 | Banano mediano x1,Carne molida magra 120 g x1 | Camote cocido 150 g x1 | Brócoli al vapor 1 taza x1,Barra de cereal Jack's 1 unidad x1 | Manzana mediana x1,Sopa negra 1 taza x1 | Queso fresco Dos Pinos 30 g x1 | Tortilla de maíz 2 unidades x1
AndreaC,2026-01-11,Yogurt griego natural Dos Pinos 150 g x1 | Granola artesanal 30 g x1 | Fresas 1 taza x1 | Mantequilla de maní 1 cda x1,Sandía 1 taza x1 | Nueces mixtas 20 g x1,Tilapia al horno 120 g x1 | Arroz blanco cocido 1 taza x1 | Vegetales salteados 1 taza x1 | Aguacate 1/2 unidad x1,Barra de cereal Jack's 1 unidad x1 | Manzana mediana x1,Ensalada de atún 1 porción x1 | Galleta soda Pozuelo 4 unidades x1
AndreaC,2026-01-12,Pan blanco Musmanni 2 rebanadas x1 | Queso fresco Dos Pinos 30 g x1 | Yogurt de fresa Dos Pinos 125 g x1 | Banano mediano x1,Manzana mediana x1 | Almendras 20 g x1,Bistec de res 120 g x1 | Papa cocida 150 g x1 | Brócoli al vapor 1 taza x1 | Tomate 1 unidad x1,Batido de proteína 1 porción x1 | Banano mediano x1,Ensalada de atún 1 porción x1 | Galleta soda Pozuelo 4 unidades x1
AndreaC,2026-01-13,Gallo pinto casero 1 taza x1 | Huevo entero 1 unidad x2 | Queso fresco Dos Pinos 30 g x1 | Papaya 1 taza x1,Papaya 1 taza x1 | Galleta soda Pozuelo 4 unidades x1,Bistec de res 120 g x1 | Papa cocida 150 g x1 | Brócoli al vapor 1 taza x1 | Tomate 1 unidad x1,Batido de proteína 1 porción x1 | Banano mediano x1,Pechuga de pollo a la plancha 120 g x1 | Camote cocido 150 g x1 | Ensalada verde 1 taza x1
AndreaC,2026-01-14,Pan blanco Musmanni 2 rebanadas x1 | Queso fresco Dos Pinos 30 g x1 | Yogurt de fresa Dos Pinos 125 g x1 | Banano mediano x1,Papaya 1 taza x1 | Galleta soda Pozuelo 4 unidades x1,Tilapia al horno 120 g x1 | Arroz blanco cocido 1 taza x1 | Vegetales salteados 1 taza x1 | Aguacate 1/2 unidad x1,Barra de cereal Jack's 1 unidad x1 | Manzana mediana x1,Ensalada de atún 1 porción x1 | Galleta soda Pozuelo 4 unidades x1
AndreaC,2026-01-15,Pan blanco Musmanni 2 rebanadas x1 | Queso fresco Dos Pinos 30 g x1 | Yogurt de fresa Dos Pinos 125 g x1 | Banano mediano x1,Sandía 1 taza x1 | Nueces mixtas 20 g x1,Bistec de res 120 g x1 | Papa cocida 150 g x1 | Brócoli al vapor 1 taza x1 | Tomate 1 unidad x1,Yogurt de fresa Dos Pinos 125 g x1 | Galleta maría Pozuelo 4 unidades x1,Ensalada de atún 1 porción x1 | Galleta soda Pozuelo 4 unidades x1
AndreaC,2026-01-16,Pan blanco Musmanni 2 rebanadas x1 | Queso fresco Dos Pinos 30 g x1 | Yogurt de fresa Dos Pinos 125 g x1 | Banano mediano x1,Sandía 1 taza x1 | Nueces mixtas 20 g x1,Pechuga de pollo a la plancha 120 g x1 | Arroz integral cocido 1 taza x1 | Frijoles negros cocidos 1 taza x1 | Ensalada verde 1 taza x1 | Aguacate 1/2 unidad x1,Yogurt de fresa Dos Pinos 125 g x1 | Galleta maría Pozuelo 4 unidades x1,Omelette de espinaca 1 porción x1 | Aguacate 1/2 unidad x1 | Tomate 1 unidad x1
AndreaC,2026-01-17,Gallo pinto casero 1 taza x1 | Huevo entero 1 unidad x2 | Queso fresco Dos Pinos 30 g x1 | Papaya 1 taza x1,Papaya 1 taza x1 | Galleta soda Pozuelo 4 unidades x1,Carne molida magra 120 g x1 | Camote cocido 150 g x1 | Brócoli al vapor 1 taza x1,Barra de cereal Jack's 1 unidad x1 | Manzana mediana x1,Sopa negra 1 taza x1 | Queso fresco Dos Pinos 30 g x1 | Tortilla de maíz 2 unidades x1
AndreaC,2026-01-18,Tortilla de maíz 2 unidades x1 | Huevo entero 1 unidad x2 | Queso mozzarella Dos Pinos 30 g x1 | Piña 1 taza x1,Sandía 1 taza x1 | Nueces mixtas 20 g x1,Pechuga de pollo a la plancha 120 g x1 | Arroz integral cocido 1 taza x1 | Frijoles negros cocidos 1 taza x1 | Ensalada verde 1 taza x1 | Aguacate 1/2 unidad x1,Papaya 1 taza x1 | Almendras 20 g x1,Ensalada de atún 1 porción x1 | Galleta soda Pozuelo 4 unidades x1
AndreaC,2026-01-19,Cereal Chokos Jack's 30 g x1 | Leche más proteína Dos Pinos 250 ml x1 | Manzana mediana x1,Papaya 1 taza x1 | Galleta soda Pozuelo 4 unidades x1,Atún en agua Sardimar 1 lata x1 | Pasta integral cocida 1 taza x1 | Ensalada verde 1 taza x1,Batido de proteína 1 porción x1 | Banano mediano x1,Tilapia al horno 120 g x1 | Papa cocida 150 g x1 | Vegetales salteados 1 taza x1
AndreaC,2026-01-20,Yogurt griego natural Dos Pinos 150 g x1 | Granola artesanal 30 g x1 | Fresas 1 taza x1 | Mantequilla de maní 1 cda x1,Sandía 1 taza x1 | Nueces mixtas 20 g x1,Lomo de cerdo a la plancha 120 g x1 | Yuca cocida 150 g x1 | Pico de gallo 1 porción x1 | Ensalada verde 1 taza x1,Barra de cereal Jack's 1 unidad x1 | Manzana mediana x1,Salmón al horno 120 g x1 | Arroz integral cocido 1 taza x1 | Brócoli al vapor 1 taza x1
AndreaC,2026-01-21,Gallo pinto casero 1 taza x1 | Huevo entero 1 unidad x2 | Queso fresco Dos Pinos 30 g x1 | Papaya 1 taza x1,Barra de cereal Jack's 1 unidad x1 | Leche descremada Dos Pinos 250 ml x1,Tilapia al horno 120 g x1 | Arroz blanco cocido 1 taza x1 | Vegetales salteados 1 taza x1 | Aguacate 1/2 unidad x1,Batido de proteína 1 porción x1 | Banano mediano x1,Tilapia al horno 120 g x1 | Papa cocida 150 g x1 | Vegetales salteados 1 taza x1
AndreaC,2026-01-22,Pan cuadrado integral Musmanni 2 rebanadas x1 | Revuelto de huevo con tomate 1 porción x1 | Aguacate 1/2 unidad x1 | Café negro 1 taza x1,Yogurt griego natural Dos Pinos 150 g x1 | Banano mediano x1,Casado con pollo 1 plato x1,Papaya 1 taza x1 | Almendras 20 g x1,Omelette de espinaca 1 porción x1 | Aguacate 1/2 unidad x1 | Tomate 1 unidad x1
AndreaC,2026-01-23,Cereal Chokos Jack's 30 g x1 | Leche más proteína Dos Pinos 250 ml x1 | Manzana mediana x1,Sandía 1 taza x1 | Nueces mixtas 20 g x1,Carne molida magra 120 g x1 | Camote cocido 150 g x1 | Brócoli al vapor 1 taza x1,Yogurt de fresa Dos Pinos 125 g x1 | Galleta maría Pozuelo 4 unidades x1,Tilapia al horno 120 g x1 | Papa cocida 150 g x1 | Vegetales salteados 1 taza x1
AndreaC,2026-01-24,Avena en hojuelas 40 g x1 | Leche descremada Dos Pinos 250 ml x1 | Banano mediano x1 | Semillas de chía 1 cda x1,Manzana mediana x1 | Almendras 20 g x1,Bistec de res 120 g x1 | Papa cocida 150 g x1 | Brócoli al vapor 1 taza x1 | Tomate 1 unidad x1,Queso cottage Dos Pinos 1 taza x1 | Piña 1 taza x1,Salmón al horno 120 g x1 | Arroz integral cocido 1 taza x1 | Brócoli al vapor 1 taza x1
AndreaC,2026-01-25,Avena en hojuelas 40 g x1 | Leche descremada Dos Pinos 250 ml x1 | Banano mediano x1 | Semillas de chía 1 cda x1,Sandía 1 taza x1 | Nueces mixtas 20 g x1,Bistec de res 120 g x1 | Papa cocida 150 g x1 | Brócoli al vapor 1 taza x1 | Tomate 1 unidad x1,Yogurt griego natural Dos Pinos 150 g x1,Pechuga de pollo a la plancha 120 g x1 | Camote cocido 150 g x1 | Ensalada verde 1 taza x1
AndreaC,2026-01-26,Gallo pinto casero 1 taza x1 | Huevo entero 1 unidad x2 | Queso fresco Dos Pinos 30 g x1 | Papaya 1 taza x1,Manzana mediana x1 | Almendras 20 g x1,Pechuga de pollo a la plancha 120 g x1 | Arroz integral cocido 1 taza x1 | Frijoles negros cocidos 1 taza x1 | Ensalada verde 1 taza x1 | Aguacate 1/2 unidad x1,Papaya 1 taza x1 | Almendras 20 g x1,Tilapia al horno 120 g x1 | Papa cocida 150 g x1 | Vegetales salteados 1 taza x1
AndreaC,2026-01-27,Gallo pinto casero 1 taza x1 | Huevo entero 1 unidad x2 | Queso fresco Dos Pinos 30 g x1 | Papaya 1 taza x1,Piña 1 taza x1 | Queso fresco Dos Pinos 30 g x1,Pechuga de pollo a la plancha 120 g x1 | Arroz integral cocido 1 taza x1 | Frijoles negros cocidos 1 taza x1 | Ensalada verde 1 taza x1 | Aguacate 1/2 unidad x1,Barra de cereal Jack's 1 unidad x1 | Manzana mediana x1,Sopa negra 1 taza x1 | Queso fresco Dos Pinos 30 g x1 | Tortilla de maíz 2 unidades x1
AndreaC,2026-01-28,Cereal Chokos Jack's 30 g x1 | Leche más proteína Dos Pinos 250 ml x1 | Manzana mediana x1,Sandía 1 taza x1 | Nueces mixtas 20 g x1,Casado con pollo 1 plato x1,Papaya 1 taza x1 | Almendras 20 g x1,Salmón al horno 120 g x1 | Arroz integral cocido 1 taza x1 | Brócoli al vapor 1 taza x1
AndreaC,2026-01-29,Gallo pinto casero 1 taza x1 | Huevo entero 1 unidad x2 | Queso fresco Dos Pinos 30 g x1 | Papaya 1 taza x1,Piña 1 taza x1 | Queso fresco Dos Pinos 30 g x1,Lomo de cerdo a la plancha 120 g x1 | Yuca cocida 150 g x1 | Pico de gallo 1 porción x1 | Ensalada verde 1 taza x1,Queso cottage Dos Pinos 1 taza x1 | Piña 1 taza x1,Pechuga de pollo a la plancha 120 g x1 | Camote cocido 150 g x1 | Ensalada verde 1 taza x1
AndreaC,2026-01-30,Tortilla de maíz 2 unidades x1 | Huevo entero 1 unidad x2 | Queso mozzarella Dos Pinos 30 g x1 | Piña 1 taza x1,Barra de cereal Jack's 1 unidad x1 | Leche descremada Dos Pinos 250 ml x1,Lomo de cerdo a la plancha 120 g x1 | Yuca cocida 150 g x1 | Pico de gallo 1 porción x1 | Ensalada verde 1 taza x1,Queso cottage Dos Pinos 1 taza x1 | Piña 1 taza x1,Wrap de pollo 1 unidad x1 | Pepino 1 taza x1
AndreaC,2026-01-31,Cereal Chokos Jack's 30 g x1 | Leche más proteína Dos Pinos 250 ml x1 | Manzana mediana x1,Sandía 1 taza x1 | Nueces mixtas 20 g x1,Casado con pollo 1 plato x1,Papaya 1 taza x1 | Almendras 20 g x1,Sopa negra 1 taza x1 | Queso fresco Dos Pinos 30 g x1 | Tortilla de maíz 2 unidades x1
AndreaC,2026-02-01,Pan cuadrado integral Musmanni 2 rebanadas x1 | Revuelto de huevo con tomate 1 porción x1 | Aguacate 1/2 unidad x1 | Café negro 1 taza x1,Barra de cereal Jack's 1 unidad x1 | Leche descremada Dos Pinos 250 ml x1,Pechuga de pollo a la plancha 120 g x1 | Arroz integral cocido 1 taza x1 | Frijoles negros cocidos 1 taza x1 | Ensalada verde 1 taza x1 | Aguacate 1/2 unidad x1,Papaya 1 taza x1 | Almendras 20 g x1,Salmón al horno 120 g x1 | Arroz integral cocido 1 taza x1 | Brócoli al vapor 1 taza x1
AndreaC,2026-02-02,Gallo pinto casero 1 taza x1 | Huevo entero 1 unidad x2 | Queso fresco Dos Pinos 30 g x1 | Papaya 1 taza x1,Papaya 1 taza x1 | Galleta soda Pozuelo 4 unidades x1,Tilapia al horno 120 g x1 | Arroz blanco cocido 1 taza x1 | Vegetales salteados 1 taza x1 | Aguacate 1/2 unidad x1,Barra de cereal Jack's 1 unidad x1 | Manzana mediana x1,Salmón al horno 120 g x1 | Arroz integral cocido 1 taza x1 | Brócoli al vapor 1 taza x1
AndreaC,2026-02-03,Gallo pinto casero 1 taza x1 | Huevo entero 1 unidad x2 | Queso fresco Dos Pinos 30 g x1 | Papaya 1 taza x1,Papaya 1 taza x1 | Galleta soda Pozuelo 4 unidades x1,Pechuga de pollo a la plancha 120 g x1 | Arroz integral cocido 1 taza x1 | Frijoles negros cocidos 1 taza x1 | Ensalada verde 1 taza x1 | Aguacate 1/2 unidad x1,Yogurt griego natural Dos Pinos 150 g x1,Omelette de espinaca 1 porción x1 | Aguacate 1/2 unidad x1 | Tomate 1 unidad x1
AndreaC,2026-02-04,Tortilla de maíz 2 unidades x1 | Huevo entero 1 unidad x2 | Queso mozzarella Dos Pinos 30 g x1 | Piña 1 taza x1,Sandía 1 taza x1 | Nueces mixtas 20 g x1,Tilapia al horno 120 g x1 | Arroz blanco cocido 1 taza x1 | Vegetales salteados 1 taza x1 | Aguacate 1/2 unidad x1,Yogurt griego natural Dos Pinos 150 g x1,Tilapia al horno 120 g x1 | Papa cocida 150 g x1 | Vegetales salteados 1 taza x1
AndreaC,2026-02-05,Pan blanco Musmanni 2 rebanadas x1 | Queso fresco Dos Pinos 30 g x1 | Yogurt de fresa Dos Pinos 125 g x1 | Banano mediano x1,Manzana mediana x1 | Almendras 20 g x1,Tilapia al horno 120 g x1 | Arroz blanco cocido 1 taza x1 | Vegetales salteados 1 taza x1 | Aguacate 1/2 unidad x1,Queso cottage Dos Pinos 1 taza x1 | Piña 1 taza x1,Pechuga de pollo a la plancha 120 g x1 | Camote cocido 150 g x1 | Ensalada verde 1 taza x1
AndreaC,2026-02-06,Gallo pinto casero 1 taza x1 | Huevo entero 1 unidad x2 | Queso fresco Dos Pinos 30 g x1 | Papaya 1 taza x1,Piña 1 taza x1 | Queso fresco Dos Pinos 30 g x1,Atún en agua Sardimar 1 lata x1 | Pasta integral cocida 1 taza x1 | Ensalada verde 1 taza x1,Yogurt griego natural Dos Pinos 150 g x1,Ensalada de atún 1 porción x1 | Galleta soda Pozuelo 4 unidades x1
AndreaC,2026-02-07,Pan blanco Musmanni 2 rebanadas x1 | Queso fresco Dos Pinos 30 g x1 | Yogurt de fresa Dos Pinos 125 g x1 | Banano mediano x1,Papaya 1 taza x1 | Galleta soda Pozuelo 4 unidades x1,Lomo de cerdo a la plancha 120 g x1 | Yuca cocida 150 g x1 | Pico de gallo 1 porción x1 | Ensalada verde 1 taza x1,Yogurt de fresa Dos Pinos 125 g x1 | Galleta maría Pozuelo 4 unidades x1,Wrap de pollo 1 unidad x1 | Pepino 1 taza x1
AndreaC,2026-02-08,Cereal Chokos Jack's 30 g x1 | Leche más proteína Dos Pinos 250 ml x1 | Manzana mediana x1,Manzana mediana x1 | Almendras 20 g x1,Lomo de cerdo a la plancha 120 g x1 | Yuca cocida 150 g x1 | Pico de gallo 1 porción x1 | Ensalada verde 1 taza x1,Papaya 1 taza x1 | Almendras 20 g x1,Salmón al horno 120 g x1 | Arroz integral cocido 1 taza x1 | Brócoli al vapor 1 taza x1
AndreaC,2026-02-09,Gallo pinto casero 1 taza x1 | Huevo entero 1 unidad x2 | Queso fresco Dos Pinos 30 g x1 | Papaya 1 taza x1,Sandía 1 taza x1 | Nueces mixtas 20 g x1,Carne molida magra 120 g x1 | Camote cocido 150 g x1 | Brócoli al vapor 1 taza x1,Barra de cereal Jack's 1 unidad x1 | Manzana mediana x1,Salmón al horno 120 g x1 | Arroz integral cocido 1 taza x1 | Brócoli al vapor 1 taza x1
AndreaC,2026-02-10,Tortilla de maíz 2 unidades x1 | Huevo entero 1 unidad x2 | Queso mozzarella Dos Pinos 30 g x1 | Piña 1 taza x1,Barra de cereal Jack's 1 unidad x1 | Leche descremada Dos Pinos 250 ml x1,Casado con pollo 1 plato x1,Yogurt griego natural Dos Pinos 150 g x1,Omelette de espinaca 1 porción x1 | Aguacate 1/2 unidad x1 | Tomate 1 unidad x1
AndreaC,2026-02-11,Gallo pinto casero 1 taza x1 | Huevo entero 1 unidad x2 | Queso fresco Dos Pinos 30 g x1 | Papaya 1 taza x1,Yogurt griego natural Dos Pinos 150 g x1 | Banano mediano x1,Bistec de res 120 g x1 | Papa cocida 150 g x1 | Brócoli al vapor 1 taza x1 | Tomate 1 unidad x1,Barra de cereal Jack's 1 unidad x1 | Manzana mediana x1,Salmón al horno 120 g x1 | Arroz integral cocido 1 taza x1 | Brócoli al vapor 1 taza x1
AndreaC,2026-02-12,Avena en hojuelas 40 g x1 | Leche descremada Dos Pinos 250 ml x1 | Banano mediano x1 | Semillas de chía 1 cda x1,Barra de cereal Jack's 1 unidad x1 | Leche descremada Dos Pinos 250 ml x1,Casado con pollo 1 plato x1,Papaya 1 taza x1 | Almendras 20 g x1,Ensalada de atún 1 porción x1 | Galleta soda Pozuelo 4 unidades x1
AndreaC,2026-02-13,Avena en hojuelas 40 g x1 | Leche descremada Dos Pinos 250 ml x1 | Banano mediano x1 | Semillas de chía 1 cda x1,Manzana mediana x1 | Almendras 20 g x1,Pechuga de pollo a la plancha 120 g x1 | Arroz integral cocido 1 taza x1 | Frijoles negros cocidos 1 taza x1 | Ensalada verde 1 taza x1 | Aguacate 1/2 unidad x1,Barra de cereal Jack's 1 unidad x1 | Manzana mediana x1,Wrap de pollo 1 unidad x1 | Pepino 1 taza x1
AndreaC,2026-02-14,Cereal Chokos Jack's 30 g x1 | Leche más proteína Dos Pinos 250 ml x1 | Manzana mediana x1,Yogurt griego natural Dos Pinos 150 g x1 | Banano mediano x1,Atún en agua Sardimar 1 lata x1 | Pasta integral cocida 1 taza x1 | Ensalada verde 1 taza x1,Queso cottage Dos Pinos 1 taza x1 | Piña 1 taza x1,Ensalada de atún 1 porción x1 | Galleta soda Pozuelo 4 unidades x1
AndreaC,2026-02-15,Cereal Chokos Jack's 30 g x1 | Leche más proteína Dos Pinos 250 ml x1 | Manzana mediana x1,Papaya 1 taza x1 | Galleta soda Pozuelo 4 unidades x1,Pechuga de pollo a la plancha 120 g x1 | Arroz integral cocido 1 taza x1 | Frijoles negros cocidos 1 taza x1 | Ensalada verde 1 taza x1 | Aguacate 1/2 unidad x1,Barra de cereal Jack's 1 unidad x1 | Manzana mediana x1,Pechuga de pollo a la plancha 120 g x1 | Camote cocido 150 g x1 | Ensalada verde 1 taza x1
AndreaC,2026-02-16,Pan blanco Musmanni 2 rebanadas x1 | Queso fresco Dos Pinos 30 g x1 | Yogurt de fresa Dos Pinos 125 g x1 | Banano mediano x1,Barra de cereal Jack's 1 unidad x1 | Leche descremada Dos Pinos 250 ml x1,Casado con pollo 1 plato x1,Yogurt de fresa Dos Pinos 125 g x1 | Galleta maría Pozuelo 4 unidades x1,Omelette de espinaca 1 porción x1 | Aguacate 1/2 unidad x1 | Tomate 1 unidad x1
AndreaC,2026-02-17,Gallo pinto casero 1 taza x1 | Huevo entero 1 unidad x2 | Queso fresco Dos Pinos 30 g x1 | Papaya 1 taza x1,Manzana mediana x1 | Almendras 20 g x1,Carne molida magra 120 g x1 | Camote cocido 150 g x1 | Brócoli al vapor 1 taza x1,Yogurt de fresa Dos Pinos 125 g x1 | Galleta maría Pozuelo 4 unidades x1,Wrap de pollo 1 unidad x1 | Pepino 1 taza x1
AndreaC,2026-02-18,Yogurt griego natural Dos Pinos 150 g x1 | Granola artesanal 30 g x1 | Fresas 1 taza x1 | Mantequilla de maní 1 cda x1,Sandía 1 taza x1 | Nueces mixtas 20 g x1,Carne molida magra 120 g x1 | Camote cocido 150 g x1 | Brócoli al vapor 1 taza x1,Yogurt de fresa Dos Pinos 125 g x1 | Galleta maría Pozuelo 4 unidades x1,Tilapia al horno 120 g x1 | Papa cocida 150 g x1 | Vegetales salteados 1 taza x1
AndreaC,2026-02-19,Tortilla de maíz 2 unidades x1 | Huevo entero 1 unidad x2 | Queso mozzarella Dos Pinos 30 g x1 | Piña 1 taza x1,Yogurt griego natural Dos Pinos 150 g x1 | Banano mediano x1,Tilapia al horno 120 g x1 | Arroz blanco cocido 1 taza x1 | Vegetales salteados 1 taza x1 | Aguacate 1/2 unidad x1,Papaya 1 taza x1 | Almendras 20 g x1,Sopa negra 1 taza x1 | Queso fresco Dos Pinos 30 g x1 | Tortilla de maíz 2 unidades x1
AndreaC,2026-02-20,Pan cuadrado integral Musmanni 2 rebanadas x1 | Revuelto de huevo con tomate 1 porción x1 | Aguacate 1/2 unidad x1 | Café negro 1 taza x1,Barra de cereal Jack's 1 unidad x1 | Leche descremada Dos Pinos 250 ml x1,Carne molida magra 120 g x1 | Camote cocido 150 g x1 | Brócoli al vapor 1 taza x1,Batido de proteína 1 porción x1 | Banano mediano x1,Omelette de espinaca 1 porción x1 | Aguacate 1/2 unidad x1 | Tomate 1 unidad x1
AndreaC,2026-02-21,Pan cuadrado integral Musmanni 2 rebanadas x1 | Revuelto de huevo con tomate 1 porción x1 | Aguacate 1/2 unidad x1 | Café negro 1 taza x1,Manzana mediana x1 | Almendras 20 g x1,Casado con pollo 1 plato x1,Yogurt de fresa Dos Pinos 125 g x1 | Galleta maría Pozuelo 4 unidades x1,Omelette de espinaca 1 porción x1 | Aguacate 1/2 unidad x1 | Tomate 1 unidad x1
AndreaC,2026-02-22,Tortilla de maíz 2 unidades x1 | Huevo entero 1 unidad x2 | Queso mozzarella Dos Pinos 30 g x1 | Piña 1 taza x1,Sandía 1 taza x1 | Nueces mixtas 20 g x1,Carne molida magra 120 g x1 | Camote cocido 150 g x1 | Brócoli al vapor 1 taza x1,Yogurt griego natural Dos Pinos 150 g x1,Sopa negra 1 taza x1 | Queso fresco Dos Pinos 30 g x1 | Tortilla de maíz 2 unidades x1
AndreaC,2026-02-23,Gallo pinto casero 1 taza x1 | Huevo entero 1 unidad x2 | Queso fresco Dos Pinos 30 g x1 | Papaya 1 taza x1,Barra de cereal Jack's 1 unidad x1 | Leche descremada Dos Pinos 250 ml x1,Casado con pollo 1 plato x1,Yogurt griego natural Dos Pinos 150 g x1,Sopa negra 1 taza x1 | Queso fresco Dos Pinos 30 g x1 | Tortilla de maíz 2 unidades x1
AndreaC,2026-02-24,Cereal Chokos Jack's 30 g x1 | Leche más proteína Dos Pinos 250 ml x1 | Manzana mediana x1,Piña 1 taza x1 | Queso fresco Dos Pinos 30 g x1,Bistec de res 120 g x1 | Papa cocida 150 g x1 | Brócoli al vapor 1 taza x1 | Tomate 1 unidad x1,Papaya 1 taza x1 | Almendras 20 g x1,Ensalada de atún 1 porción x1 | Galleta soda Pozuelo 4 unidades x1
AndreaC,2026-02-25,Gallo pinto casero 1 taza x1 | Huevo entero 1 unidad x2 | Queso fresco Dos Pinos 30 g x1 | Papaya 1 taza x1,Papaya 1 taza x1 | Galleta soda Pozuelo 4 unidades x1,Tilapia al horno 120 g x1 | Arroz blanco cocido 1 taza x1 | Vegetales salteados 1 taza x1 | Aguacate 1/2 unidad x1,Yogurt griego natural Dos Pinos 150 g x1,Sopa negra 1 taza x1 | Queso fresco Dos Pinos 30 g x1 | Tortilla de maíz 2 unidades x1
AndreaC,2026-02-26,Pan cuadrado integral Musmanni 2 rebanadas x1 | Revuelto de huevo con tomate 1 porción x1 | Aguacate 1/2 unidad x1 | Café negro 1 taza x1,Yogurt griego natural Dos Pinos 150 g x1 | Banano mediano x1,Tilapia al horno 120 g x1 | Arroz blanco cocido 1 taza x1 | Vegetales salteados 1 taza x1 | Aguacate 1/2 unidad x1,Yogurt de fresa Dos Pinos 125 g x1 | Galleta maría Pozuelo 4 unidades x1,Pechuga de pollo a la plancha 120 g x1 | Camote cocido 150 g x1 | Ensalada verde 1 taza x1
AndreaC,2026-02-27,Pan cuadrado integral Musmanni 2 rebanadas x1 | Revuelto de huevo con tomate 1 porción x1 | Aguacate 1/2 unidad x1 | Café negro 1 taza x1,Manzana mediana x1 | Almendras 20 g x1,Atún en agua Sardimar 1 lata x1 | Pasta integral cocida 1 taza x1 | Ensalada verde 1 taza x1,Barra de cereal Jack's 1 unidad x1 | Manzana mediana x1,Sopa negra 1 taza x1 | Queso fresco Dos Pinos 30 g x1 | Tortilla de maíz 2 unidades x1
AndreaC,2026-02-28,Avena en hojuelas 40 g x1 | Leche descremada Dos Pinos 250 ml x1 | Banano mediano x1 | Semillas de chía 1 cda x1,Sandía 1 taza x1 | Nueces mixtas 20 g x1,Tilapia al horno 120 g x1 | Arroz blanco cocido 1 taza x1 | Vegetales salteados 1 taza x1 | Aguacate 1/2 unidad x1,Barra de cereal Jack's 1 unidad x1 | Manzana mediana x1,Sopa negra 1 taza x1 | Queso fresco Dos Pinos 30 g x1 | Tortilla de maíz 2 unidades x1
AndreaC,2026-03-01,Pan cuadrado integral Musmanni 2 rebanadas x1 | Revuelto de huevo con tomate 1 porción x1 | Aguacate 1/2 unidad x1 | Café negro 1 taza x1,Papaya 1 taza x1 | Galleta soda Pozuelo 4 unidades x1,Atún en agua Sardimar 1 lata x1 | Pasta integral cocida 1 taza x1 | Ensalada verde 1 taza x1,Queso cottage Dos Pinos 1 taza x1 | Piña 1 taza x1,Tilapia al horno 120 g x1 | Papa cocida 150 g x1 | Vegetales salteados 1 taza x1
AndreaC,2026-03-02,Pan cuadrado integral Musmanni 2 rebanadas x1 | Revuelto de huevo con tomate 1 porción x1 | Aguacate 1/2 unidad x1 | Café negro 1 taza x1,Piña 1 taza x1 | Queso fresco Dos Pinos 30 g x1,Pechuga de pollo a la plancha 120 g x1 | Arroz integral cocido 1 taza x1 | Frijoles negros cocidos 1 taza x1 | Ensalada verde 1 taza x1 | Aguacate 1/2 unidad x1,Yogurt de fresa Dos Pinos 125 g x1 | Galleta maría Pozuelo 4 unidades x1,Salmón al horno 120 g x1 | Arroz integral cocido 1 taza x1 | Brócoli al vapor 1 taza x1
AndreaC,2026-03-03,Pan cuadrado integral Musmanni 2 rebanadas x1 | Revuelto de huevo con tomate 1 porción x1 | Aguacate 1/2 unidad x1 | Café negro 1 taza x1,Papaya 1 taza x1 | Galleta soda Pozuelo 4 unidades x1,Tilapia al horno 120 g x1 | Arroz blanco cocido 1 taza x1 | Vegetales salteados 1 taza x1 | Aguacate 1/2 unidad x1,Queso cottage Dos Pinos 1 taza x1 | Piña 1 taza x1,Salmón al horno 120 g x1 | Arroz integral cocido 1 taza x1 | Brócoli al vapor 1 taza x1
AndreaC,2026-03-04,Yogurt griego natural Dos Pinos 150 g x1 | Granola artesanal 30 g x1 | Fresas 1 taza x1 | Mantequilla de maní 1 cda x1,Piña 1 taza x1 | Queso fresco Dos Pinos 30 g x1,Pechuga de pollo a la plancha 120 g x1 | Arroz integral cocido 1 taza x1 | Frijoles negros cocidos 1 taza x1 | Ensalada verde 1 taza x1 | Aguacate 1/2 unidad x1,Barra de cereal Jack's 1 unidad x1 | Manzana mediana x1,Ensalada de atún 1 porción x1 | Galleta soda Pozuelo 4 unidades x1
AndreaC,2026-03-05,Pan cuadrado integral Musmanni 2 rebanadas x1 | Revuelto de huevo con tomate 1 porción x1 | Aguacate 1/2 unidad x1 | Café negro 1 taza x1,Piña 1 taza x1 | Queso fresco Dos Pinos 30 g x1,Atún en agua Sardimar 1 lata x1 | Pasta integral cocida 1 taza x1 | Ensalada verde 1 taza x1,Barra de cereal Jack's 1 unidad x1 | Manzana mediana x1,Omelette de espinaca 1 porción x1 | Aguacate 1/2 unidad x1 | Tomate 1 unidad x1
CarlosT,2026-01-01,Cereal Chokos Jack's 30 g x1 | Leche más proteína Dos Pinos 250 ml x1 | Manzana mediana x1,Manzana mediana x1 | Almendras 20 g x1,Lomo de cerdo a la plancha 120 g x2 | Yuca cocida 150 g x1 | Pico de gallo 1 porción x1 | Ensalada verde 1 taza x1,Papaya 1 taza x1 | Almendras 20 g x1,Ensalada de atún 1 porción x1 | Galleta soda Pozuelo 4 unidades x1
CarlosT,2026-01-02,Pan blanco Musmanni 2 rebanadas x2 | Queso fresco Dos Pinos 30 g x1 | Yogurt de fresa Dos Pinos 125 g x1 | Banano mediano x1,Barra de cereal Jack's 1 unidad x1 | Leche descremada Dos Pinos 250 ml x1,Lomo de cerdo a la plancha 120 g x1 | Yuca cocida 150 g x1 | Pico de gallo 1 porción x1 | Ensalada verde 1 taza x1,Barra de cereal Jack's 1 unidad x1 | Manzana mediana x1,Sopa negra 1 taza x1 | Queso fresco Dos Pinos 30 g x1 | Tortilla de maíz 2 unidades x1
CarlosT,2026-01-03,Cereal Chokos Jack's 30 g x1 | Leche más proteína Dos Pinos 250 ml x1 | Manzana mediana x1,Barra de cereal Jack's 1 unidad x1 | Leche descremada Dos Pinos 250 ml x1 | Leche más proteína Dos Pinos 250 ml x1,Atún en agua Sardimar 1 lata x1 | Pasta integral cocida 1 taza x2 | Ensalada verde 1 taza x1,Batido de proteína 1 porción x2 | Banano mediano x1,Ensalada de atún 1 porción x1 | Galleta soda Pozuelo 4 unidades x1
CarlosT,2026-01-04,Avena en hojuelas 40 g x1 | Leche descremada Dos Pinos 250 ml x1 | Banano mediano x2 | Semillas de chía 1 cda x1,Sandía 1 taza x1 | Nueces mixtas 20 g x1,Casado con pollo 1 plato x1,Meneitos Jack's 25 g x1 | Yogurt griego natural Dos Pinos 150 g x1,Wrap de pollo 1 unidad x1 | Pepino 1 taza x1
CarlosT,2026-01-05,Yogurt griego natural Dos Pinos 150 g x1 | Granola artesanal 30 g x1 | Fresas 1 taza x1 | Mantequilla de maní 1 cda x1,Yogurt griego natural Dos Pinos 150 g x1 | Banano mediano x1,Carne molida magra 120 g x1 | Camote cocido 150 g x2 | Brócoli al vapor 1 taza x1,Yogurt de fresa Dos Pinos 125 g x1 | Galleta maría Pozuelo 4 unidades x1,Salmón al horno 120 g x1 | Arroz integral cocido 1 taza x2 | Brócoli al vapor 1 taza x1
CarlosT,2026-01-06,Pan cuadrado integral Musmanni 2 rebanadas x2 | Revuelto de huevo con tomate 1 porción x1 | Aguacate 1/2 unidad x1 | Café negro 1 taza x1,Manzana mediana x1 | Almendras 20 g x1,Pechuga de pollo a la plancha 120 g x1 | Arroz integral cocido 1 taza x2 | Frijoles negros cocidos 1 taza x1 | Ensalada verde 1 taza x1 | Aguacate 1/2 unidad x1,Barra de cereal Jack's 1 unidad x1 | Manzana mediana x1,Ensalada de atún 1 porción x1 | Galleta soda Pozuelo 4 unidades x1
CarlosT,2026-01-07,Pan cuadrado integral Musmanni 2 rebanadas x2 | Revuelto de huevo con tomate 1 porción x1 | Aguacate 1/2 unidad x1 | Café negro 1 taza x1,Papaya 1 taza x1 | Galleta soda Pozuelo 4 unidades x1,Atún en agua Sardimar 1 lata x1 | Pasta integral cocida 1 taza x1 | Ensalada verde 1 taza x1,Barra de cereal Jack's 1 unidad x1 | Manzana mediana x1,Ensalada de atún 1 porción x1 | Galleta soda Pozuelo 4 unidades x1
CarlosT,2026-01-08,Tortilla de maíz 2 unidades x1 | Huevo entero 1 unidad x2 | Queso mozzarella Dos Pinos 30 g x1 | Piña 1 taza x1,Barra de cereal Jack's 1 unidad x1 | Leche descremada Dos Pinos 250 ml x1,Carne molida magra 120 g x1 | Camote cocido 150 g x1 | Brócoli al vapor 1 taza x1,Queso cottage Dos Pinos 1 taza x2 | Piña 1 taza x1 | Leche más proteína Dos Pinos 250 ml x1,Wrap de pollo 1 unidad x1 | Pepino 1 taza x1
CarlosT,2026-01-09,Gallo pinto casero 1 taza x1 | Huevo entero 1 unidad x2 | Queso fresco Dos Pinos 30 g x1 | Papaya 1 taza x2,Piña 1 taza x1 | Queso fresco Dos Pinos 30 g x1,Casado con pollo 1 plato x1,Batido de proteína 1 porción x2 | Banano mediano x1,Ensalada de atún 1 porción x1 | Galleta soda Pozuelo 4 unidades x1
CarlosT,2026-01-10,Tortilla de maíz 2 unidades x1 | Huevo entero 1 unidad x2 | Queso mozzarella Dos Pinos 30 g x1 | Piña 1 taza x1,Sandía 1 taza x1 | Nueces mixtas 20 g x1 | Barra de cereal Jack's 1 unidad x1,Carne molida magra 120 g x1 | Camote cocido 150 g x1 | Brócoli al vapor 1 taza x1,Barra de cereal Jack's 1 unidad x1 | Manzana mediana x1,Tilapia al horno 120 g x1 | Papa cocida 150 g x1 | Vegetales salteados 1 taza x1
CarlosT,2026-01-11,Avena en hojuelas 40 g x1 | Leche descremada Dos Pinos 250 ml x1 | Banano mediano x2 | Semillas de chía 1 cda x1,Manzana mediana x1 | Almendras 20 g x1 | Barra de cereal Jack's 1 unidad x1,Casado con pollo 1 plato x1,Barra de cereal Jack's 1 unidad x1 | Manzana mediana x1,Pechuga de pollo a la plancha 120 g x2 | Camote cocido 150 g x2 | Ensalada verde 1 taza x1
CarlosT,2026-01-12,Gallo pinto casero 1 taza x2 | Huevo entero 1 unidad x2 | Queso fresco Dos Pinos 30 g x1 | Papaya 1 taza x1,Manzana mediana x1 | Almendras 20 g x1 | Banano mediano x1,Bistec de res 120 g x1 | Papa cocida 150 g x1 | Brócoli al vapor 1 taza x1 | Tomate 1 unidad x1,Queso cottage Dos Pinos 1 taza x1 | Piña 1 taza x1,Salmón al horno 120 g x2 | Arroz integral cocido 1 taza x1 | Brócoli al vapor 1 taza x1
CarlosT,2026-01-13,Tortilla de maíz 2 unidades x1 | Huevo entero 1 unidad x2 | Queso mozzarella Dos Pinos 30 g x1 | Piña 1 taza x1,Barra de cereal Jack's 1 unidad x1 | Leche descremada Dos Pinos 250 ml x1,Atún en agua Sardimar 1 lata x2 | Pasta integral cocida 1 taza x2 | Ensalada verde 1 taza x1,Barra de cereal Jack's 1 unidad x1 | Manzana mediana x1,Sopa negra 1 taza x1 | Queso fresco Dos Pinos 30 g x1 | Tortilla de maíz 2 unidades x1
CarlosT,2026-01-14,Avena en hojuelas 40 g x1 | Leche descremada Dos Pinos 250 ml x1 | Banano mediano x1 | Semillas de chía 1 cda x1,Manzana mediana x1 | Almendras 20 g x1,Casado con pollo 1 plato x1,Meneitos Jack's 25 g x1 | Yogurt griego natural Dos Pinos 150 g x1,Wrap de pollo 1 unidad x1 | Pepino 1 taza x1
CarlosT,2026-01-15,Gallo pinto casero 1 taza x1 | Huevo entero 1 unidad x2 | Queso fresco Dos Pinos 30 g x1 | Papaya 1 taza x2,Yogurt griego natural Dos Pinos 150 g x1 | Banano mediano x1 | Barra de cereal Jack's 1 unidad x1,Atún en agua Sardimar 1 lata x1 | Pasta integral cocida 1 taza x2 | Ensalada verde 1 taza x1,Queso cottage Dos Pinos 1 taza x1 | Piña 1 taza x1,Omelette de espinaca 1 porción x1 | Aguacate 1/2 unidad x1 | Tomate 1 unidad x1
CarlosT,2026-01-16,Tortilla de maíz 2 unidades x1 | Huevo entero 1 unidad x2 | Queso mozzarella Dos Pinos 30 g x1 | Piña 1 taza x1,Sandía 1 taza x1 | Nueces mixtas 20 g x1,Casado con pollo 1 plato x1,Yogurt de fresa Dos Pinos 125 g x1 | Galleta maría Pozuelo 4 unidades x1,Omelette de espinaca 1 porción x1 | Aguacate 1/2 unidad x1 | Tomate 1 unidad x1
CarlosT,2026-01-17,Cereal Chokos Jack's 30 g x1 | Leche más proteína Dos Pinos 250 ml x2 | Manzana mediana x1,Yogurt griego natural Dos Pinos 150 g x1 | Banano mediano x1 | Barra de cereal Jack's 1 unidad x1,Bistec de res 120 g x2 | Papa cocida 150 g x1 | Brócoli al vapor 1 taza x1 | Tomate 1 unidad x1,Batido de proteína 1 porción x1 | Banano mediano x2,Wrap de pollo 1 unidad x1 | Pepino 1 taza x1
CarlosT,2026-01-18,Tortilla de maíz 2 unidades x1 | Huevo entero 1 unidad x2 | Queso mozzarella Dos Pinos 30 g x1 | Piña 1 taza x1,Papaya 1 taza x1 | Galleta soda Pozuelo 4 unidades x1,Bistec de res 120 g x2 | Papa cocida 150 g x1 | Brócoli al vapor 1 taza x1 | Tomate 1 unidad x1,Batido de proteína 1 porción x2 | Banano mediano x1,Wrap de pollo 1 unidad x1 | Pepino 1 taza x1
CarlosT,2026-01-19,Gallo pinto casero 1 taza x2 | Huevo entero 1 unidad x2 | Queso fresco Dos Pinos 30 g x1 | Papaya 1 taza x1,Sandía 1 taza x1 | Nueces mixtas 20 g x1 | Banano mediano x1,Lomo de cerdo a la plancha 120 g x1 | Yuca cocida 150 g x1 | Pico de gallo 1 porción x1 | Ensalada verde 1 taza x1,Meneitos Jack's 25 g x1 | Yogurt griego natural Dos Pinos 150 g x1,Sopa negra 1 taza x1 | Queso fresco Dos Pinos 30 g x1 | Tortilla de maíz 2 unidades x1
CarlosT,2026-01-20,Pan blanco Musmanni 2 rebanadas x2 | Queso fresco Dos Pinos 30 g x1 | Yogurt de fresa Dos Pinos 125 g x1 | Banano mediano x2,Manzana mediana x1 | Almendras 20 g x1 | Barra de cereal Jack's 1 unidad x1,Lomo de cerdo a la plancha 120 g x1 | Yuca cocida 150 g x1 | Pico de gallo 1 porción x1 | Ensalada verde 1 taza x1,Papaya 1 taza x1 | Almendras 20 g x1,Salmón al horno 120 g x1 | Arroz integral cocido 1 taza x1 | Brócoli al vapor 1 taza x1
CarlosT,2026-01-21,Cereal Chokos Jack's 30 g x1 | Leche más proteína Dos Pinos 250 ml x1 | Manzana mediana x1,Papaya 1 taza x2 | Galleta soda Pozuelo 4 unidades x1 | Banano mediano x1,Casado con pollo 1 plato x1,Batido de proteína 1 porción x2 | Banano mediano x2,Sopa negra 1 taza x1 | Queso fresco Dos Pinos 30 g x1 | Tortilla de maíz 2 unidades x1
CarlosT,2026-01-22,Tortilla de maíz 2 unidades x1 | Huevo entero 1 unidad x2 | Queso mozzarella Dos Pinos 30 g x1 | Piña 1 taza x1,Yogurt griego natural Dos Pinos 150 g x1 | Banano mediano x2,Pechuga de pollo a la plancha 120 g x2 | Arroz integral cocido 1 taza x1 | Frijoles negros cocidos 1 taza x2 | Ensalada verde 1 taza x1 | Aguacate 1/2 unidad x1,Papaya 1 taza x2 | Almendras 20 g x1,Omelette de espinaca 1 porción x1 | Aguacate 1/2 unidad x1 | Tomate 1 unidad x1
CarlosT,2026-01-23,Cereal Chokos Jack's 30 g x1 | Leche más proteína Dos Pinos 250 ml x2 | Manzana mediana x1,Barra de cereal Jack's 1 unidad x1 | Leche descremada Dos Pinos 250 ml x1,Pechuga de pollo a la plancha 120 g x2 | Arroz integral cocido 1 taza x2 | Frijoles negros cocidos 1 taza x1 | Ensalada verde 1 taza x1 | Aguacate 1/2 unidad x1,Yogurt de fresa Dos Pinos 125 g x1 | Galleta maría Pozuelo 4 unidades x1,Wrap de pollo 1 unidad x1 | Pepino 1 taza x1
CarlosT,2026-01-24,Cereal Chokos Jack's 30 g x1 | Leche más proteína Dos Pinos 250 ml x1 | Manzana mediana x1,Yogurt griego natural Dos Pinos 150 g x1 | Banano mediano x2,Carne molida magra 120 g x1 | Camote cocido 150 g x2 | Brócoli al vapor 1 taza x1,Queso cottage Dos Pinos 1 taza x1 | Piña 1 taza x1 | Leche más proteína Dos Pinos 250 ml x1,Salmón al horno 120 g x2 | Arroz integral cocido 1 taza x1 | Brócoli al vapor 1 taza x1
CarlosT,2026-01-25,Pan cuadrado integral Musmanni 2 rebanadas x2 | Revuelto de huevo con tomate 1 porción x1 | Aguacate 1/2 unidad x1 | Café negro 1 taza x1,Sandía 1 taza x1 | Nueces mixtas 20 g x1,Casado con pollo 1 plato x1,Papaya 1 taza x2 | Almendras 20 g x1 | Barra de cereal Jack's 1 unidad x1,Tilapia al horno 120 g x1 | Papa cocida 150 g x2 | Vegetales salteados 1 taza x1
CarlosT,2026-01-26,Pan blanco Musmanni 2 rebanadas x1 | Queso fresco Dos Pinos 30 g x1 | Yogurt de fresa Dos Pinos 125 g x1 | Banano mediano x1,Yogurt griego natural Dos Pinos 150 g x1 | Banano mediano x1,Casado con pollo 1 plato x1,Barra de cereal Jack's 1 unidad x1 | Manzana mediana x1,Salmón al horno 120 g x1 | Arroz integral cocido 1 taza x1 | Brócoli al vapor 1 taza x1
CarlosT,2026-01-27,Avena en hojuelas 40 g x1 | Leche descremada Dos Pinos 250 ml x1 | Banano mediano x2 | Semillas de chía 1 cda x1,Yogurt griego natural Dos Pinos 150 g x1 | Banano mediano x2,Lomo de cerdo a la plancha 120 g x1 | Yuca cocida 150 g x1 | Pico de gallo 1 porción x1 | Ensalada verde 1 taza x1,Meneitos Jack's 25 g x1 | Yogurt griego natural Dos Pinos 150 g x1 | Barra de cereal Jack's 1 unidad x1,Pechuga de pollo a la plancha 120 g x1 | Camote cocido 150 g x1 | Ensalada verde 1 taza x1
CarlosT,2026-01-28,Pan cuadrado integral Musmanni 2 rebanadas x2 | Revuelto de huevo con tomate 1 porción x1 | Aguacate 1/2 unidad x1 | Café negro 1 taza x1,Barra de cereal Jack's 1 unidad x1 | Leche descremada Dos Pinos 250 ml x1,Bistec de res 120 g x1 | Papa cocida 150 g x1 | Brócoli al vapor 1 taza x1 | Tomate 1 unidad x1,Papaya 1 taza x2 | Almendras 20 g x1,Pechuga de pollo a la plancha 120 g x1 | Camote cocido 150 g x1 | Ensalada verde 1 taza x1
CarlosT,2026-01-29,Cereal Chokos Jack's 30 g x1 | Leche más proteína Dos Pinos 250 ml x1 | Manzana mediana x1,Piña 1 taza x1 | Queso fresco Dos Pinos 30 g x1 | Leche más proteína Dos Pinos 250 ml x1,Pechuga de pollo a la plancha 120 g x1 | Arroz integral cocido 1 taza x2 | Frijoles negros cocidos 1 taza x1 | Ensalada verde 1 taza x1 | Aguacate 1/2 unidad x1,Batido de proteína 1 porción x2 | Banano mediano x1,Tilapia al horno 120 g x1 | Papa cocida 150 g x1 | Vegetales salteados 1 taza x1
CarlosT,2026-01-30,Pan blanco Musmanni 2 rebanadas x1 | Queso fresco Dos Pinos 30 g x1 | Yogurt de fresa Dos Pinos 125 g x1 | Banano mediano x1,Yogurt griego natural Dos Pinos 150 g x1 | Banano mediano x2,Casado con pollo 1 plato x1,Papaya 1 taza x1 | Almendras 20 g x1,Tilapia al horno 120 g x1 | Papa cocida 150 g x2 | Vegetales salteados 1 taza x1
CarlosT,2026-01-31,Avena en hojuelas 40 g x1 | Leche descremada Dos Pinos 250 ml x1 | Banano mediano x2 | Semillas de chía 1 cda x1,Sandía 1 taza x1 | Nueces mixtas 20 g x1 | Barra de cereal Jack's 1 unidad x1,Tilapia al horno 120 g x1 | Arroz blanco cocido 1 taza x2 | Vegetales salteados 1 taza x1 | Aguacate 1/2 unidad x1,Meneitos Jack's 25 g x1 | Yogurt griego natural Dos Pinos 150 g x1,Tilapia al horno 120 g x1 | Papa cocida 150 g x2 | Vegetales salteados 1 taza x1
CarlosT,2026-02-01,Pan cuadrado integral Musmanni 2 rebanadas x1 | Revuelto de huevo con tomate 1 porción x1 | Aguacate 1/2 unidad x1 | Café negro 1 taza x1,Piña 1 taza x1 | Queso fresco Dos Pinos 30 g x1 | Barra de cereal Jack's 1 unidad x1,Pechuga de pollo a la plancha 120 g x1 | Arroz integral cocido 1 taza x2 | Frijoles negros cocidos 1 taza x1 | Ensalada verde 1 taza x1 | Aguacate 1/2 unidad x1,Barra de cereal Jack's 1 unidad x1 | Manzana mediana x1 | Banano mediano x1,Omelette de espinaca 1 porción x1 | Aguacate 1/2 unidad x1 | Tomate 1 unidad x1
CarlosT,2026-02-02,Gallo pinto casero 1 taza x2 | Huevo entero 1 unidad x2 | Queso fresco Dos Pinos 30 g x1 | Papaya 1 taza x1,Barra de cereal Jack's 1 unidad x1 | Leche descremada Dos Pinos 250 ml x1 | Leche más proteína Dos Pinos 250 ml x1,Casado con pollo 1 plato x1,Batido de proteína 1 porción x2 | Banano mediano x1 | Barra de cereal Jack's 1 unidad x1,Pechuga de pollo a la plancha 120 g x1 | Camote cocido 150 g x1 | Ensalada verde 1 taza x1
CarlosT,2026-02-03,Pan blanco Musmanni 2 rebanadas x2 | Queso fresco Dos Pinos 30 g x1 | Yogurt de fresa Dos Pinos 125 g x1 | Banano mediano x1,Sandía 1 taza x1 | Nueces mixtas 20 g x1,Tilapia al horno 120 g x1 | Arroz blanco cocido 1 taza x1 | Vegetales salteados 1 taza x1 | Aguacate 1/2 unidad x1,Batido de proteína 1 porción x1 | Banano mediano x2,Tilapia al horno 120 g x2 | Papa cocida 150 g x1 | Vegetales salteados 1 taza x1
CarlosT,2026-02-04,Cereal Chokos Jack's 30 g x1 | Leche más proteína Dos Pinos 250 ml x1 | Manzana mediana x1,Manzana mediana x1 | Almendras 20 g x1,Bistec de res 120 g x1 | Papa cocida 150 g x2 | Brócoli al vapor 1 taza x1 | Tomate 1 unidad x1,Meneitos Jack's 25 g x1 | Yogurt griego natural Dos Pinos 150 g x1 | Banano mediano x1,Omelette de espinaca 1 porción x1 | Aguacate 1/2 unidad x1 | Tomate 1 unidad x1
CarlosT,2026-02-05,Pan cuadrado integral Musmanni 2 rebanadas x2 | Revuelto de huevo con tomate 1 porción x1 | Aguacate 1/2 unidad x1 | Café negro 1 taza x1,Piña 1 taza x1 | Queso fresco Dos Pinos 30 g x1,Carne molida magra 120 g x2 | Camote cocido 150 g x2 | Brócoli al vapor 1 taza x1,Meneitos Jack's 25 g x1 | Yogurt griego natural Dos Pinos 150 g x1,Omelette de espinaca 1 porción x1 | Aguacate 1/2 unidad x1 | Tomate 1 unidad x1
CarlosT,2026-02-06,Gallo pinto casero 1 taza x1 | Huevo entero 1 unidad x2 | Queso fresco Dos Pinos 30 g x1 | Papaya 1 taza x1,Barra de cereal Jack's 1 unidad x1 | Leche descremada Dos Pinos 250 ml x1,Casado con pollo 1 plato x1,Yogurt de fresa Dos Pinos 125 g x1 | Galleta maría Pozuelo 4 unidades x1 | Banano mediano x1,Wrap de pollo 1 unidad x1 | Pepino 1 taza x1
CarlosT,2026-02-07,Cereal Chokos Jack's 30 g x1 | Leche más proteína Dos Pinos 250 ml x1 | Manzana mediana x1,Papaya 1 taza x1 | Galleta soda Pozuelo 4 unidades x1,Tilapia al horno 120 g x2 | Arroz blanco cocido 1 taza x2 | Vegetales salteados 1 taza x1 | Aguacate 1/2 unidad x1,Queso cottage Dos Pinos 1 taza x2 | Piña 1 taza x1,Salmón al horno 120 g x1 | Arroz integral cocido 1 taza x1 | Brócoli al vapor 1 taza x1
CarlosT,2026-02-08,Yogurt griego natural Dos Pinos 150 g x1 | Granola artesanal 30 g x1 | Fresas 1 taza x1 | Mantequilla de maní 1 cda x1,Sandía 1 taza x1 | Nueces mixtas 20 g x1,Tilapia al horno 120 g x1 | Arroz blanco cocido 1 taza x2 | Vegetales salteados 1 taza x1 | Aguacate 1/2 unidad x1,Meneitos Jack's 25 g x1 | Yogurt griego natural Dos Pinos 150 g x1 | Banano mediano x1,Salmón al horno 120 g x1 | Arroz integral cocido 1 taza x2 | Brócoli al vapor 1 taza x1
CarlosT,2026-02-09,Cereal Chokos Jack's 30 g x1 | Leche más proteína Dos Pinos 250 ml x1 | Manzana mediana x1,Barra de cereal Jack's 1 unidad x1 | Leche descremada Dos Pinos 250 ml x1 | Leche más proteína Dos Pinos 250 ml x1,Casado con pollo 1 plato x1,Barra de cereal Jack's 1 unidad x1 | Manzana mediana x1,Wrap de pollo 1 unidad x1 | Pepino 1 taza x1
CarlosT,2026-02-10,Cereal Chokos Jack's 30 g x1 | Leche más proteína Dos Pinos 250 ml x1 | Manzana mediana x1,Yogurt griego natural Dos Pinos 150 g x1 | Banano mediano x1,Pechuga de pollo a la plancha 120 g x1 | Arroz integral cocido 1 taza x1 | Frijoles negros cocidos 1 taza x1 | Ensalada verde 1 taza x1 | Aguacate 1/2 unidad x1,Papaya 1 taza x2 | Almendras 20 g x1 | Barra de cereal Jack's 1 unidad x1,Wrap de pollo 1 unidad x1 | Pepino 1 taza x1
CarlosT,2026-02-11,Pan blanco Musmanni 2 rebanadas x1 | Queso fresco Dos Pinos 30 g x1 | Yogurt de fresa Dos Pinos 125 g x1 | Banano mediano x2,Piña 1 taza x1 | Queso fresco Dos Pinos 30 g x1,Casado con pollo 1 plato x1,Meneitos Jack's 25 g x1 | Yogurt griego natural Dos Pinos 150 g x1,Tilapia al horno 120 g x2 | Papa cocida 150 g x2 | Vegetales salteados 1 taza x1
CarlosT,2026-02-12,Avena en hojuelas 40 g x1 | Leche descremada Dos Pinos 250 ml x1 | Banano mediano x2 | Semillas de chía 1 cda x1,Barra de cereal Jack's 1 unidad x1 | Leche descremada Dos Pinos 250 ml x1,Pechuga de pollo a la plancha 120 g x2 | Arroz integral cocido 1 taza x1 | Frijoles negros cocidos 1 taza x1 | Ensalada verde 1 taza x1 | Aguacate 1/2 unidad x1,Meneitos Jack's 25 g x1 | Yogurt griego natural Dos Pinos 150 g x1,Sopa negra 1 taza x1 | Queso fresco Dos Pinos 30 g x1 | Tortilla de maíz 2 unidades x2
CarlosT,2026-02-13,Pan cuadrado integral Musmanni 2 rebanadas x1 | Revuelto de huevo con tomate 1 porción x1 | Aguacate 1/2 unidad x1 | Café negro 1 taza x1,Manzana mediana x1 | Almendras 20 g x1 | Leche más proteína Dos Pinos 250 ml x1,Lomo de cerdo a la plancha 120 g x2 | Yuca cocida 150 g x1 | Pico de gallo 1 porción x1 | Ensalada verde 1 taza x1,Papaya 1 taza x2 | Almendras 20 g x1,Tilapia al horno 120 g x1 | Papa cocida 150 g x2 | Vegetales salteados 1 taza x1
CarlosT,2026-02-14,Pan cuadrado integral Musmanni 2 rebanadas x2 | Revuelto de huevo con tomate 1 porción x1 | Aguacate 1/2 unidad x1 | Café negro 1 taza x1,Piña 1 taza x1 | Queso fresco Dos Pinos 30 g x1 | Banano mediano x1,Carne molida magra 120 g x1 | Camote cocido 150 g x1 | Brócoli al vapor 1 taza x1,Papaya 1 taza x2 | Almendras 20 g x1 | Banano mediano x1,Omelette de espinaca 1 porción x1 | Aguacate 1/2 unidad x1 | Tomate 1 unidad x1
CarlosT,2026-02-15,Cereal Chokos Jack's 30 g x1 | Leche más proteína Dos Pinos 250 ml x2 | Manzana mediana x1,Manzana mediana x1 | Almendras 20 g x1,Carne molida magra 120 g x2 | Camote cocido 150 g x2 | Brócoli al vapor 1 taza x1,Barra de cereal Jack's 1 unidad x1 | Manzana mediana x1,Salmón al horno 120 g x1 | Arroz integral cocido 1 taza x2 | Brócoli al vapor 1 taza x1
CarlosT,2026-02-16,Pan blanco Musmanni 2 rebanadas x2 | Queso fresco Dos Pinos 30 g x1 | Yogurt de fresa Dos Pinos 125 g x1 | Banano mediano x2,Sandía 1 taza x1 | Nueces mixtas 20 g x1 | Banano mediano x1,Atún en agua Sardimar 1 lata x1 | Pasta integral cocida 1 taza x2 | Ensalada verde 1 taza x1,Papaya 1 taza x1 | Almendras 20 g x1 | Banano mediano x1,Wrap de pollo 1 unidad x1 | Pepino 1 taza x1
CarlosT,2026-02-17,Yogurt griego natural Dos Pinos 150 g x1 | Granola artesanal 30 g x1 | Fresas 1 taza x1 | Mantequilla de maní 1 cda x1,Piña 1 taza x1 | Queso fresco Dos Pinos 30 g x1,Tilapia al horno 120 g x1 | Arroz blanco cocido 1 taza x2 | Vegetales salteados 1 taza x1 | Aguacate 1/2 unidad x1,Meneitos Jack's 25 g x1 | Yogurt griego natural Dos Pinos 150 g x1,Omelette de espinaca 1 porción x1 | Aguacate 1/2 unidad x1 | Tomate 1 unidad x1
CarlosT,2026-02-18,Pan cuadrado integral Musmanni 2 rebanadas x2 | Revuelto de huevo con tomate 1 porción x1 | Aguacate 1/2 unidad x1 | Café negro 1 taza x1,Manzana mediana x1 | Almendras 20 g x1,Bistec de res 120 g x1 | Papa cocida 150 g x2 | Brócoli al vapor 1 taza x1 | Tomate 1 unidad x1,Yogurt de fresa Dos Pinos 125 g x1 | Galleta maría Pozuelo 4 unidades x1 | Barra de cereal Jack's 1 unidad x1,Tilapia al horno 120 g x2 | Papa cocida 150 g x2 | Vegetales salteados 1 taza x1
CarlosT,2026-02-19,Avena en hojuelas 40 g x1 | Leche descremada Dos Pinos 250 ml x1 | Banano mediano x2 | Semillas de chía 1 cda x1,Piña 1 taza x1 | Queso fresco Dos Pinos 30 g x1,Lomo de cerdo a la plancha 120 g x2 | Yuca cocida 150 g x1 | Pico de gallo 1 porción x1 | Ensalada verde 1 taza x1,Batido de proteína 1 porción x2 | Banano mediano x1,Omelette de espinaca 1 porción x1 | Aguacate 1/2 unidad x1 | Tomate 1 unidad x1
CarlosT,2026-02-20,Yogurt griego natural Dos Pinos 150 g x1 | Granola artesanal 30 g x1 | Fresas 1 taza x1 | Mantequilla de maní 1 cda x1,Piña 1 taza x1 | Queso fresco Dos Pinos 30 g x1,Atún en agua Sardimar 1 lata x1 | Pasta integral cocida 1 taza x1 | Ensalada verde 1 taza x1,Batido de proteína 1 porción x1 | Banano mediano x2,Omelette de espinaca 1 porción x1 | Aguacate 1/2 unidad x1 | Tomate 1 unidad x1
CarlosT,2026-02-21,Pan cuadrado integral Musmanni 2 rebanadas x1 | Revuelto de huevo con tomate 1 porción x1 | Aguacate 1/2 unidad x1 | Café negro 1 taza x1,Manzana mediana x1 | Almendras 20 g x1 | Leche más proteína Dos Pinos 250 ml x1,Atún en agua Sardimar 1 lata x1 | Pasta integral cocida 1 taza x1 | Ensalada verde 1 taza x1,Papaya 1 taza x1 | Almendras 20 g x1 | Banano mediano x1,Pechuga de pollo a la plancha 120 g x2 | Camote cocido 150 g x2 | Ensalada verde 1 taza x1
CarlosT,2026-02-22,Avena en hojuelas 40 g x1 | Leche descremada Dos Pinos 250 ml x1 | Banano mediano x1 | Semillas de chía 1 cda x1,Yogurt griego natural Dos Pinos 150 g x1 | Banano mediano x1,Tilapia al horno 120 g x1 | Arroz blanco cocido 1 taza x1 | Vegetales salteados 1 taza x1 | Aguacate 1/2 unidad x1,Meneitos Jack's 25 g x1 | Yogurt griego natural Dos Pinos 150 g x1 | Banano mediano x1,Wrap de pollo 1 unidad x1 | Pepino 1 taza x1
CarlosT,2026-02-23,Tortilla de maíz 2 unidades x2 | Huevo entero 1 unidad x2 | Queso mozzarella Dos Pinos 30 g x1 | Piña 1 taza x1,Piña 1 taza x1 | Queso fresco Dos Pinos 30 g x1,Lomo de cerdo a la plancha 120 g x1 | Yuca cocida 150 g x1 | Pico de gallo 1 porción x1 | Ensalada verde 1 taza x1,Queso cottage Dos Pinos 1 taza x1 | Piña 1 taza x1 | Barra de cereal Jack's 1 unidad x1,Pechuga de pollo a la plancha 120 g x2 | Camote cocido 150 g x1 | Ensalada verde 1 taza x1
CarlosT,2026-02-24,Avena en hojuelas 40 g x1 | Leche descremada Dos Pinos 250 ml x1 | Banano mediano x1 | Semillas de chía 1 cda x1,Yogurt griego natural Dos Pinos 150 g x1 | Banano mediano x1,Bistec de res 120 g x2 | Papa cocida 150 g x2 | Brócoli al vapor 1 taza x1 | Tomate 1 unidad x1,Barra de cereal Jack's 1 unidad x1 | Manzana mediana x1,Omelette de espinaca 1 porción x1 | Aguacate 1/2 unidad x1 | Tomate 1 unidad x1
CarlosT,2026-02-25,Cereal Chokos Jack's 30 g x1 | Leche más proteína Dos Pinos 250 ml x2 | Manzana mediana x1,Barra de cereal Jack's 1 unidad x1 | Leche descremada Dos Pinos 250 ml x1,Atún en agua Sardimar 1 lata x1 | Pasta integral cocida 1 taza x1 | Ensalada verde 1 taza x1,Yogurt de fresa Dos Pinos 125 g x1 | Galleta maría Pozuelo 4 unidades x1,Omelette de espinaca 1 porción x1 | Aguacate 1/2 unidad x1 | Tomate 1 unidad x1
CarlosT,2026-02-26,Pan cuadrado integral Musmanni 2 rebanadas x1 | Revuelto de huevo con tomate 1 porción x1 | Aguacate 1/2 unidad x1 | Café negro 1 taza x1,Sandía 1 taza x1 | Nueces mixtas 20 g x1 | Barra de cereal Jack's 1 unidad x1,Atún en agua Sardimar 1 lata x2 | Pasta integral cocida 1 taza x2 | Ensalada verde 1 taza x1,Barra de cereal Jack's 1 unidad x1 | Manzana mediana x1,Salmón al horno 120 g x1 | Arroz integral cocido 1 taza x1 | Brócoli al vapor 1 taza x1
CarlosT,2026-02-27,Tortilla de maíz 2 unidades x2 | Huevo entero 1 unidad x2 | Queso mozzarella Dos Pinos 30 g x1 | Piña 1 taza x1,Yogurt griego natural Dos Pinos 150 g x1 | Banano mediano x1,Bistec de res 120 g x2 | Papa cocida 150 g x1 | Brócoli al vapor 1 taza x1 | Tomate 1 unidad x1,Papaya 1 taza x2 | Almendras 20 g x1 | Banano mediano x1,Tilapia al horno 120 g x1 | Papa cocida 150 g x2 | Vegetales salteados 1 taza x1
CarlosT,2026-02-28,Gallo pinto casero 1 taza x1 | Huevo entero 1 unidad x2 | Queso fresco Dos Pinos 30 g x1 | Papaya 1 taza x2,Papaya 1 taza x2 | Galleta soda Pozuelo 4 unidades x1,Lomo de cerdo a la plancha 120 g x1 | Yuca cocida 150 g x1 | Pico de gallo 1 porción x1 | Ensalada verde 1 taza x1,Barra de cereal Jack's 1 unidad x1 | Manzana mediana x1,Salmón al horno 120 g x2 | Arroz integral cocido 1 taza x1 | Brócoli al vapor 1 taza x1
CarlosT,2026-03-01,Pan blanco Musmanni 2 rebanadas x2 | Queso fresco Dos Pinos 30 g x1 | Yogurt de fresa Dos Pinos 125 g x1 | Banano mediano x1,Barra de cereal Jack's 1 unidad x1 | Leche descremada Dos Pinos 250 ml x1 | Leche más proteína Dos Pinos 250 ml x1,Carne molida magra 120 g x1 | Camote cocido 150 g x1 | Brócoli al vapor 1 taza x1,Yogurt de fresa Dos Pinos 125 g x1 | Galleta maría Pozuelo 4 unidades x1 | Banano mediano x1,Salmón al horno 120 g x1 | Arroz integral cocido 1 taza x1 | Brócoli al vapor 1 taza x1
CarlosT,2026-03-02,Pan cuadrado integral Musmanni 2 rebanadas x1 | Revuelto de huevo con tomate 1 porción x1 | Aguacate 1/2 unidad x1 | Café negro 1 taza x1,Manzana mediana x1 | Almendras 20 g x1,Pechuga de pollo a la plancha 120 g x2 | Arroz integral cocido 1 taza x1 | Frijoles negros cocidos 1 taza x1 | Ensalada verde 1 taza x1 | Aguacate 1/2 unidad x1,Papaya 1 taza x2 | Almendras 20 g x1,Sopa negra 1 taza x1 | Queso fresco Dos Pinos 30 g x1 | Tortilla de maíz 2 unidades x2
CarlosT,2026-03-03,Gallo pinto casero 1 taza x2 | Huevo entero 1 unidad x2 | Queso fresco Dos Pinos 30 g x1 | Papaya 1 taza x1,Manzana mediana x1 | Almendras 20 g x1,Casado con pollo 1 plato x1,Papaya 1 taza x1 | Almendras 20 g x1,Pechuga de pollo a la plancha 120 g x2 | Camote cocido 150 g x1 | Ensalada verde 1 taza x1
CarlosT,2026-03-04,Pan cuadrado integral Musmanni 2 rebanadas x1 | Revuelto de huevo con tomate 1 porción x1 | Aguacate 1/2 unidad x1 | Café negro 1 taza x1,Piña 1 taza x1 | Queso fresco Dos Pinos 30 g x1,Casado con pollo 1 plato x1,Papaya 1 taza x2 | Almendras 20 g x1 | Leche más proteína Dos Pinos 250 ml x1,Ensalada de atún 1 porción x1 | Galleta soda Pozuelo 4 unidades x1
CarlosT,2026-03-05,Tortilla de maíz 2 unidades x2 | Huevo entero 1 unidad x2 | Queso mozzarella Dos Pinos 30 g x1 | Piña 1 taza x1,Sandía 1 taza x1 | Nueces mixtas 20 g x1,Lomo de cerdo a la plancha 120 g x1 | Yuca cocida 150 g x1 | Pico de gallo 1 porción x1 | Ensalada verde 1 taza x1,Queso cottage Dos Pinos 1 taza x1 | Piña 1 taza x1 | Barra de cereal Jack's 1 unidad x1,Omelette de espinaca 1 porción x1 | Aguacate 1/2 unidad x1 | Tomate 1 unidad x1
CarlosT,2026-03-06,Yogurt griego natural Dos Pinos 150 g x1 | Granola artesanal 30 g x1 | Fresas 1 taza x1 | Mantequilla de maní 1 cda x1,Papaya 1 taza x1 | Galleta soda Pozuelo 4 unidades x1,Lomo de cerdo a la plancha 120 g x2 | Yuca cocida 150 g x1 | Pico de gallo 1 porción x1 | Ensalada verde 1 taza x1,Queso cottage Dos Pinos 1 taza x1 | Piña 1 taza x1,Sopa negra 1 taza x1 | Queso fresco Dos Pinos 30 g x1 | Tortilla de maíz 2 unidades x2
CarlosT,2026-03-07,Pan blanco Musmanni 2 rebanadas x1 | Queso fresco Dos Pinos 30 g x1 | Yogurt de fresa Dos Pinos 125 g x1 | Banano mediano x2,Barra de cereal Jack's 1 unidad x1 | Leche descremada Dos Pinos 250 ml x1,Tilapia al horno 120 g x1 | Arroz blanco cocido 1 taza x1 | Vegetales salteados 1 taza x1 | Aguacate 1/2 unidad x1,Meneitos Jack's 25 g x1 | Yogurt griego natural Dos Pinos 150 g x1,Tilapia al horno 120 g x1 | Papa cocida 150 g x1 | Vegetales salteados 1 taza x1
CarlosT,2026-03-08,Tortilla de maíz 2 unidades x1 | Huevo entero 1 unidad x2 | Queso mozzarella Dos Pinos 30 g x1 | Piña 1 taza x1,Barra de cereal Jack's 1 unidad x1 | Leche descremada Dos Pinos 250 ml x1,Bistec de res 120 g x1 | Papa cocida 150 g x2 | Brócoli al vapor 1 taza x1 | Tomate 1 unidad x1,Meneitos Jack's 25 g x1 | Yogurt griego natural Dos Pinos 150 g x1 | Banano mediano x1,Omelette de espinaca 1 porción x1 | Aguacate 1/2 unidad x1 | Tomate 1 unidad x1
CarlosT,2026-03-09,Avena en hojuelas 40 g x1 | Leche descremada Dos Pinos 250 ml x1 | Banano mediano x2 | Semillas de chía 1 cda x1,Yogurt griego natural Dos Pinos 150 g x1 | Banano mediano x1 | Barra de cereal Jack's 1 unidad x1,Lomo de cerdo a la plancha 120 g x1 | Yuca cocida 150 g x1 | Pico de gallo 1 porción x1 | Ensalada verde 1 taza x1,Yogurt de fresa Dos Pinos 125 g x1 | Galleta maría Pozuelo 4 unidades x1,Salmón al horno 120 g x1 | Arroz integral cocido 1 taza x1 | Brócoli al vapor 1 taza x1
CarlosT,2026-03-10,Avena en hojuelas 40 g x1 | Leche descremada Dos Pinos 250 ml x1 | Banano mediano x1 | Semillas de chía 1 cda x1,Papaya 1 taza x2 | Galleta soda Pozuelo 4 unidades x1,Bistec de res 120 g x1 | Papa cocida 150 g x2 | Brócoli al vapor 1 taza x1 | Tomate 1 unidad x1,Queso cottage Dos Pinos 1 taza x1 | Piña 1 taza x1,Omelette de espinaca 1 porción x1 | Aguacate 1/2 unidad x1 | Tomate 1 unidad x1
CarlosT,2026-03-11,Yogurt griego natural Dos Pinos 150 g x1 | Granola artesanal 30 g x1 | Fresas 1 taza x1 | Mantequilla de maní 1 cda x1,Barra de cereal Jack's 1 unidad x1 | Leche descremada Dos Pinos 250 ml x1 | Banano mediano x1,Pechuga de pollo a la plancha 120 g x1 | Arroz integral cocido 1 taza x1 | Frijoles negros cocidos 1 taza x1 | Ensalada verde 1 taza x1 | Aguacate 1/2 unidad x1,Yogurt de fresa Dos Pinos 125 g x1 | Galleta maría Pozuelo 4 unidades x1 | Banano mediano x1,Wrap de pollo 1 unidad x1 | Pepino 1 taza x1
CarlosT,2026-03-12,Pan cuadrado integral Musmanni 2 rebanadas x2 | Revuelto de huevo con tomate 1 porción x1 | Aguacate 1/2 unidad x1 | Café negro 1 taza x1,Sandía 1 taza x1 | Nueces mixtas 20 g x1,Atún en agua Sardimar 1 lata x2 | Pasta integral cocida 1 taza x2 | Ensalada verde 1 taza x1,Meneitos Jack's 25 g x1 | Yogurt griego natural Dos Pinos 150 g x1,Pechuga de pollo a la plancha 120 g x1 | Camote cocido 150 g x2 | Ensalada verde 1 taza x1
CarlosT,2026-03-13,Gallo pinto casero 1 taza x1 | Huevo entero 1 unidad x2 | Queso fresco Dos Pinos 30 g x1 | Papaya 1 taza x2,Sandía 1 taza x1 | Nueces mixtas 20 g x1,Bistec de res 120 g x1 | Papa cocida 150 g x2 | Brócoli al vapor 1 taza x1 | Tomate 1 unidad x1,Papaya 1 taza x1 | Almendras 20 g x1,Tilapia al horno 120 g x1 | Papa cocida 150 g x1 | Vegetales salteados 1 taza x1
CarlosT,2026-03-14,Gallo pinto casero 1 taza x2 | Huevo entero 1 unidad x2 | Queso fresco Dos Pinos 30 g x1 | Papaya 1 taza x1,Manzana mediana x1 | Almendras 20 g x1 | Banano mediano x1,Carne molida magra 120 g x1 | Camote cocido 150 g x1 | Brócoli al vapor 1 taza x1,Batido de proteína 1 porción x2 | Banano mediano x1,Omelette de espinaca 1 porción x1 | Aguacate 1/2 unidad x1 | Tomate 1 unidad x1
CarlosT,2026-03-15,Tortilla de maíz 2 unidades x1 | Huevo entero 1 unidad x2 | Queso mozzarella Dos Pinos 30 g x1 | Piña 1 taza x1,Sandía 1 taza x1 | Nueces mixtas 20 g x1,Tilapia al horno 120 g x2 | Arroz blanco cocido 1 taza x1 | Vegetales salteados 1 taza x1 | Aguacate 1/2 unidad x1,Yogurt de fresa Dos Pinos 125 g x1 | Galleta maría Pozuelo 4 unidades x1 | Barra de cereal Jack's 1 unidad x1,Pechuga de pollo a la plancha 120 g x2 | Camote cocido 150 g x2 | Ensalada verde 1 taza x1
CarlosT,2026-03-16,Tortilla de maíz 2 unidades x1 | Huevo entero 1 unidad x2 | Queso mozzarella Dos Pinos 30 g x1 | Piña 1 taza x1,Sandía 1 taza x1 | Nueces mixtas 20 g x1 | Barra de cereal Jack's 1 unidad x1,Pechuga de pollo a la plancha 120 g x1 | Arroz integral cocido 1 taza x2 | Frijoles negros cocidos 1 taza x2 | Ensalada verde 1 taza x1 | Aguacate 1/2 unidad x1,Batido de proteína 1 porción x2 | Banano mediano x1,Pechuga de pollo a la plancha 120 g x1 | Camote cocido 150 g x1 | Ensalada verde 1 taza x1
CarlosT,2026-03-17,Tortilla de maíz 2 unidades x2 | Huevo entero 1 unidad x2 | Queso mozzarella Dos Pinos 30 g x1 | Piña 1 taza x1,Yogurt griego natural Dos Pinos 150 g x1 | Banano mediano x1 | Leche más proteína Dos Pinos 250 ml x1,Tilapia al horno 120 g x1 | Arroz blanco cocido 1 taza x1 | Vegetales salteados 1 taza x1 | Aguacate 1/2 unidad x1,Queso cottage Dos Pinos 1 taza x2 | Piña 1 taza x1,Tilapia al horno 120 g x2 | Papa cocida 150 g x1 | Vegetales salteados 1 taza x1
CarlosT,2026-03-18,Yogurt griego natural Dos Pinos 150 g x1 | Granola artesanal 30 g x1 | Fresas 1 taza x1 | Mantequilla de maní 1 cda x1,Manzana mediana x1 | Almendras 20 g x1,Pechuga de pollo a la plancha 120 g x2 | Arroz integral cocido 1 taza x2 | Frijoles negros cocidos 1 taza x2 | Ensalada verde 1 taza x1 | Aguacate 1/2 unidad x1,Yogurt de fresa Dos Pinos 125 g x1 | Galleta maría Pozuelo 4 unidades x1,Ensalada de atún 1 porción x1 | Galleta soda Pozuelo 4 unidades x1
CarlosT,2026-03-19,Avena en hojuelas 40 g x1 | Leche descremada Dos Pinos 250 ml x1 | Banano mediano x1 | Semillas de chía 1 cda x1,Yogurt griego natural Dos Pinos 150 g x1 | Banano mediano x1,Lomo de cerdo a la plancha 120 g x1 | Yuca cocida 150 g x1 | Pico de gallo 1 porción x1 | Ensalada verde 1 taza x1,Papaya 1 taza x1 | Almendras 20 g x1,Wrap de pollo 1 unidad x1 | Pepino 1 taza x1
CarlosT,2026-03-20,Yogurt griego natural Dos Pinos 150 g x1 | Granola artesanal 30 g x1 | Fresas 1 taza x1 | Mantequilla de maní 1 cda x1,Piña 1 taza x1 | Queso fresco Dos Pinos 30 g x1 | Barra de cereal Jack's 1 unidad x1,Carne molida magra 120 g x1 | Camote cocido 150 g x1 | Brócoli al vapor 1 taza x1,Queso cottage Dos Pinos 1 taza x1 | Piña 1 taza x1,Tilapia al horno 120 g x1 | Papa cocida 150 g x2 | Vegetales salteados 1 taza x1
CarlosT,2026-03-21,Pan blanco Musmanni 2 rebanadas x1 | Queso fresco Dos Pinos 30 g x1 | Yogurt de fresa Dos Pinos 125 g x1 | Banano mediano x1,Manzana mediana x1 | Almendras 20 g x1,Carne molida magra 120 g x1 | Camote cocido 150 g x1 | Brócoli al vapor 1 taza x1,Papaya 1 taza x1 | Almendras 20 g x1,Sopa negra 1 taza x1 | Queso fresco Dos Pinos 30 g x1 | Tortilla de maíz 2 unidades x1
CarlosT,2026-03-22,Pan blanco Musmanni 2 rebanadas x1 | Queso fresco Dos Pinos 30 g x1 | Yogurt de fresa Dos Pinos 125 g x1 | Banano mediano x1,Yogurt griego natural Dos Pinos 150 g x1 | Banano mediano x1,Carne molida magra 120 g x1 | Camote cocido 150 g x2 | Brócoli al vapor 1 taza x1,Barra de cereal Jack's 1 unidad x1 | Manzana mediana x1 | Leche más proteína Dos Pinos 250 ml x1,Salmón al horno 120 g x1 | Arroz integral cocido 1 taza x1 | Brócoli al vapor 1 taza x1
CarlosT,2026-03-23,Pan blanco Musmanni 2 rebanadas x1 | Queso fresco Dos Pinos 30 g x1 | Yogurt de fresa Dos Pinos 125 g x1 | Banano mediano x1,Sandía 1 taza x1 | Nueces mixtas 20 g x1,Pechuga de pollo a la plancha 120 g x1 | Arroz integral cocido 1 taza x1 | Frijoles negros cocidos 1 taza x1 | Ensalada verde 1 taza x1 | Aguacate 1/2 unidad x1,Batido de proteína 1 porción x2 | Banano mediano x1 | Barra de cereal Jack's 1 unidad x1,Tilapia al horno 120 g x1 | Papa cocida 150 g x2 | Vegetales salteados 1 taza x1
CarmenM,2026-01-01,Bagel integral Musmanni 1 unidad x1 | Queso cottage Dos Pinos 1 taza x1 | Fresas 1 taza x1,Manzana mediana x1 | Almendras 20 g x1,Tofu firme 100 g x1 | Arroz integral cocido 1 taza x1 | Frijoles negros cocidos 1 taza x1 | Ensalada verde 1 taza x1 | Aguacate 1/2 unidad x1,Papaya 1 taza x1 | Almendras 20 g x1,Tofu firme 100 g x1 | Vegetales salteados 1 taza x1 | Aguacate 1/2 unidad x1
CarmenM,2026-01-02,Yogurt griego natural Dos Pinos 150 g x1 | Granola artesanal 30 g x1 | Papaya 1 taza x1,Barra de cereal Jack's 1 unidad x1 | Papaya 1 taza x1,Omelette de espinaca 1 porción x1 | Papa cocida 150 g x1 | Ensalada verde 1 taza x1,Barra de cereal Jack's 1 unidad x1 | Manzana mediana x1,Tofu firme 100 g x1 | Vegetales salteados 1 taza x1 | Aguacate 1/2 unidad x1
CarmenM,2026-01-03,Cereal Poffis Jack's 30 g x1 | Leche descremada Dos Pinos 250 ml x1 | Manzana mediana x1,Barra de cereal Jack's 1 unidad x1 | Papaya 1 taza x1,Ensalada de garbanzos 1 porción x1 | Pan cuadrado integral Musmanni 2 rebanadas x1,Queso cottage Dos Pinos 1 taza x1 | Piña 1 taza x1,Ensalada de garbanzos 1 porción x1 | Galleta soda Pozuelo 4 unidades x1
CarmenM,2026-01-04,Tortilla de maíz 2 unidades x1 | Queso fresco Dos Pinos 30 g x1 | Tomate 1 unidad x1 | Piña 1 taza x1,Barra de cereal Jack's 1 unidad x1 | Papaya 1 taza x1,Ensalada de garbanzos 1 porción x1 | Pan cuadrado integral Musmanni 2 rebanadas x1,Yogurt griego natural Dos Pinos 150 g x1 | Fresas 1 taza x1,Omelette de espinaca 1 porción x1 | Tomate 1 unidad x1 | Aguacate 1/2 unidad x1
CarmenM,2026-01-05,Bagel integral Musmanni 1 unidad x1 | Queso cottage Dos Pinos 1 taza x1 | Fresas 1 taza x1,Yogurt de fresa Dos Pinos 125 g x1 | Banano mediano x1,Casado vegetariano 1 plato x1,Queso cottage Dos Pinos 1 taza x1 | Piña 1 taza x1,Lentejas cocidas 1 taza x1 | Ensalada verde 1 taza x1 | Bagel integral Musmanni 1 unidad x1
CarmenM,2026-01-06,Cereal Poffis Jack's 30 g x1 | Leche descremada Dos Pinos 250 ml x1 | Manzana mediana x1,Barra de cereal Jack's 1 unidad x1 | Papaya 1 taza x1,Tofu firme 100 g x1 | Arroz integral cocido 1 taza x1 | Frijoles negros cocidos 1 taza x1 | Ensalada verde 1 taza x1 | Aguacate 1/2 unidad x1,Yogurt griego natural Dos Pinos 150 g x1 | Fresas 1 taza x1,Tofu firme 100 g x1 | Vegetales salteados 1 taza x1 | Aguacate 1/2 unidad x1
CarmenM,2026-01-07,Pan cuadrado integral Musmanni 2 rebanadas x1 | Omelette de espinaca 1 porción x1 | Aguacate 1/2 unidad x1,Manzana mediana x1 | Almendras 20 g x1 | Papaya 1 taza x1,Ensalada de garbanzos 1 porción x1 | Pan cuadrado integral Musmanni 2 rebanadas x1,Galleta maría Pozuelo 4 unidades x1 | Leche descremada Dos Pinos 250 ml x1,Lentejas cocidas 1 taza x1 | Ensalada verde 1 taza x1 | Bagel integral Musmanni 1 unidad x1
CarmenM,2026-01-08,Avena en hojuelas 40 g x1 | Leche descremada Dos Pinos 250 ml x1 | Banano mediano x1 | Semillas de chía 1 cda x1,Yogurt de fresa Dos Pinos 125 g x1 | Banano mediano x1,Ensalada de garbanzos 1 porción x1 | Pan cuadrado integral Musmanni 2 rebanadas x1,Yogurt griego natural Dos Pinos 150 g x1 | Fresas 1 taza x1,Tofu firme 100 g x1 | Vegetales salteados 1 taza x1 | Aguacate 1/2 unidad x1
CarmenM,2026-01-09,Bagel integral Musmanni 1 unidad x1 | Queso cottage Dos Pinos 1 taza x1 | Fresas 1 taza x1,Manzana mediana x1 | Almendras 20 g x1,Tofu firme 100 g x1 | Arroz integral cocido 1 taza x1 | Frijoles negros cocidos 1 taza x1 | Ensalada verde 1 taza x1 | Aguacate 1/2 unidad x1,Barra de cereal Jack's 1 unidad x1 | Manzana mediana x1,Omelette de espinaca 1 porción x1 | Tomate 1 unidad x1 | Aguacate 1/2 unidad x1
CarmenM,2026-01-10,Tortilla de maíz 2 unidades x1 | Queso fresco Dos Pinos 30 g x1 | Tomate 1 unidad x1 | Piña 1 taza x1,Manzana mediana x1 | Almendras 20 g x1,Casado vegetariano 1 plato x1,Yogurt griego natural Dos Pinos 150 g x1 | Fresas 1 taza x1,Sopa negra 1 taza x1 | Queso fresco Dos Pinos 30 g x1 | Tortilla de maíz 2 unidades x1
CarmenM,2026-01-11,Bagel integral Musmanni 1 unidad x1 | Queso cottage Dos Pinos 1 taza x1 | Fresas 1 taza x1,Barra de cereal Jack's 1 unidad x1 | Papaya 1 taza x1,Omelette de espinaca 1 porción x1 | Papa cocida 150 g x1 | Ensalada verde 1 taza x1,Queso cottage Dos Pinos 1 taza x1 | Piña 1 taza x1,Ensalada de garbanzos 1 porción x1 | Galleta soda Pozuelo 4 unidades x1
CarmenM,2026-01-12,Tortilla de maíz 2 unidades x1 | Queso fresco Dos Pinos 30 g x1 | Tomate 1 unidad x1 | Piña 1 taza x1,Piña 1 taza x1 | Galleta soda Pozuelo 4 unidades x1 | Papaya 1 taza x1,Lentejas cocidas 1 taza x1 | Arroz blanco cocido 1 taza x1 | Brócoli al vapor 1 taza x1 | Tomate 1 unidad x1,Queso cottage Dos Pinos 1 taza x1 | Piña 1 taza x1,Omelette de espinaca 1 porción x1 | Tomate 1 unidad x1 | Aguacate 1/2 unidad x1
CarmenM,2026-01-13,Cereal Poffis Jack's 30 g x1 | Leche descremada Dos Pinos 250 ml x1 | Manzana mediana x1,Barra de cereal Jack's 1 unidad x1 | Papaya 1 taza x1,Omelette de espinaca 1 porción x1 | Papa cocida 150 g x1 | Ensalada verde 1 taza x1,Papaya 1 taza x1 | Almendras 20 g x1,Ensalada de garbanzos 1 porción x1 | Galleta soda Pozuelo 4 unidades x1
CarmenM,2026-01-14,Tortilla de maíz 2 unidades x1 | Queso fresco Dos Pinos 30 g x1 | Tomate 1 unidad x1 | Piña 1 taza x1,Yogurt de fresa Dos Pinos 125 g x1 | Banano mediano x1,Omelette de espinaca 1 porción x1 | Papa cocida 150 g x1 | Ensalada verde 1 taza x1,Papaya 1 taza x1 | Almendras 20 g x1,Ensalada de garbanzos 1 porción x1 | Galleta soda Pozuelo 4 unidades x1
CarmenM,2026-01-15,Tortilla de maíz 2 unidades x1 | Queso fresco Dos Pinos 30 g x1 | Tomate 1 unidad x1 | Piña 1 taza x1,Yogurt de fresa Dos Pinos 125 g x1 | Banano mediano x1 | Papaya 1 taza x1,Ensalada de garbanzos 1 porción x1 | Pan cuadrado integral Musmanni 2 rebanadas x1,Galleta maría Pozuelo 4 unidades x1 | Leche descremada Dos Pinos 250 ml x1,Lentejas cocidas 1 taza x1 | Ensalada verde 1 taza x1 | Bagel integral Musmanni 1 unidad x1
CarmenM,2026-01-16,Cereal Poffis Jack's 30 g x1 | Leche descremada Dos Pinos 250 ml x1 | Manzana mediana x1,Yogurt de fresa Dos Pinos 125 g x1 | Banano mediano x1,Casado vegetariano 1 plato x1,Galleta maría Pozuelo 4 unidades x1 | Leche descremada Dos Pinos 250 ml x1,Omelette de espinaca 1 porción x1 | Tomate 1 unidad x1 | Aguacate 1/2 unidad x1
CarmenM,2026-01-17,Bagel integral Musmanni 1 unidad x1 | Queso cottage Dos Pinos 1 taza x1 | Fresas 1 taza x1,Piña 1 taza x1 | Galleta soda Pozuelo 4 unidades x1 | Papaya 1 taza x1,Omelette de espinaca 1 porción x1 | Papa cocida 150 g x1 | Ensalada verde 1 taza x1,Barra de cereal Jack's 1 unidad x1 | Manzana mediana x1,Sopa negra 1 taza x1 | Queso fresco Dos Pinos 30 g x1 | Tortilla de maíz 2 unidades x1
CarmenM,2026-01-18,Tortilla de maíz 2 unidades x1 | Queso fresco Dos Pinos 30 g x1 | Tomate 1 unidad x1 | Piña 1 taza x1,Barra de cereal Jack's 1 unidad x1 | Papaya 1 taza x1 | Papaya 1 taza x1,Omelette de espinaca 1 porción x1 | Papa cocida 150 g x1 | Ensalada verde 1 taza x1,Barra de cereal Jack's 1 unidad x1 | Manzana mediana x1,Ensalada de garbanzos 1 porción x1 | Galleta soda Pozuelo 4 unidades x1
CarmenM,2026-01-19,Yogurt griego natural Dos Pinos 150 g x1 | Granola artesanal 30 g x1 | Papaya 1 taza x1,Piña 1 taza x1 | Galleta soda Pozuelo 4 unidades x1,Tofu firme 100 g x1 | Arroz integral cocido 1 taza x1 | Frijoles negros cocidos 1 taza x1 | Ensalada verde 1 taza x1 | Aguacate 1/2 unidad x1,Galleta maría Pozuelo 4 unidades x1 | Leche descremada Dos Pinos 250 ml x1,Wrap vegetariano 1 unidad x1 | Pepino 1 taza x1
CarmenM,2026-01-20,Bagel integral Musmanni 1 unidad x1 | Queso cottage Dos Pinos 1 taza x1 | Fresas 1 taza x1,Sandía 1 taza x1 | Nueces mixtas 20 g x1 | Manzana mediana x1,Tofu firme 100 g x1 | Arroz integral cocido 1 taza x1 | Frijoles negros cocidos 1 taza x1 | Ensalada verde 1 taza x1 | Aguacate 1/2 unidad x1,Barra de cereal Jack's 1 unidad x1 | Manzana mediana x1,Wrap vegetariano 1 unidad x1 | Pepino 1 taza x1
CarmenM,2026-01-21,Tortilla de maíz 2 unidades x1 | Queso fresco Dos Pinos 30 g x1 | Tomate 1 unidad x1 | Piña 1 taza x1,Sandía 1 taza x1 | Nueces mixtas 20 g x1,Ensalada de garbanzos 1 porción x1 | Pan cuadrado integral Musmanni 2 rebanadas x1,Galleta maría Pozuelo 4 unidades x1 | Leche descremada Dos Pinos 250 ml x1,Wrap vegetariano 1 unidad x1 | Pepino 1 taza x1
CarmenM,2026-01-22,Yogurt griego natural Dos Pinos 150 g x1 | Granola artesanal 30 g x1 | Papaya 1 taza x1,Sandía 1 taza x1 | Nueces mixtas 20 g x1,Garbanzos cocidos 1 taza x1 | Camote cocido 150 g x1 | Vegetales salteados 1 taza x1,Galleta maría Pozuelo 4 unidades x1 | Leche descremada Dos Pinos 250 ml x1,Lentejas cocidas 1 taza x1 | Ensalada verde 1 taza x1 | Bagel integral Musmanni 1 unidad x1
CarmenM,2026-01-23,Avena en hojuelas 40 g x1 | Leche descremada Dos Pinos 250 ml x1 | Banano mediano x1 | Semillas de chía 1 cda x1,Yogurt de fresa Dos Pinos 125 g x1 | Banano mediano x1 | Manzana mediana x1,Casado vegetariano 1 plato x1,Papaya 1 taza x1 | Almendras 20 g x1,Ensalada de garbanzos 1 porción x1 | Galleta soda Pozuelo 4 unidades x1
CarmenM,2026-01-24,Bagel integral Musmanni 1 unidad x1 | Queso cottage Dos Pinos 1 taza x1 | Fresas 1 taza x1,Manzana mediana x1 | Almendras 20 g x1,Omelette de espinaca 1 porción x1 | Papa cocida 150 g x1 | Ensalada verde 1 taza x1,Papaya 1 taza x1 | Almendras 20 g x1,Lentejas cocidas 1 taza x1 | Ensalada verde 1 taza x1 | Bagel integral Musmanni 1 unidad x1
CarmenM,2026-01-25,Avena en hojuelas 40 g x1 | Leche descremada Dos Pinos 250 ml x1 | Banano mediano x1 | Semillas de chía 1 cda x1,Manzana mediana x1 | Almendras 20 g x1,Garbanzos cocidos 1 taza x1 | Camote cocido 150 g x1 | Vegetales salteados 1 taza x1,Barra de cereal Jack's 1 unidad x1 | Manzana mediana x1,Lentejas cocidas 1 taza x1 | Ensalada verde 1 taza x1 | Bagel integral Musmanni 1 unidad x1
CarmenM,2026-01-26,Bagel integral Musmanni 1 unidad x1 | Queso cottage Dos Pinos 1 taza x1 | Fresas 1 taza x1,Yogurt de fresa Dos Pinos 125 g x1 | Banano mediano x1,Garbanzos cocidos 1 taza x1 | Camote cocido 150 g x1 | Vegetales salteados 1 taza x1,Papaya 1 taza x1 | Almendras 20 g x1,Tofu firme 100 g x1 | Vegetales salteados 1 taza x1 | Aguacate 1/2 unidad x1
CarmenM,2026-01-27,Tortilla de maíz 2 unidades x1 | Queso fresco Dos Pinos 30 g x1 | Tomate 1 unidad x1 | Piña 1 taza x1,Sandía 1 taza x1 | Nueces mixtas 20 g x1 | Papaya 1 taza x1,Lentejas cocidas 1 taza x1 | Arroz blanco cocido 1 taza x1 | Brócoli al vapor 1 taza x1 | Tomate 1 unidad x1,Barra de cereal Jack's 1 unidad x1 | Manzana mediana x1,Wrap vegetariano 1 unidad x1 | Pepino 1 taza x1
CarmenM,2026-01-28,Pan cuadrado integral Musmanni 2 rebanadas x1 | Omelette de espinaca 1 porción x1 | Aguacate 1/2 unidad x1,Sandía 1 taza x1 | Nueces mixtas 20 g x1,Tofu firme 100 g x1 | Arroz integral cocido 1 taza x1 | Frijoles negros cocidos 1 taza x1 | Ensalada verde 1 taza x1 | Aguacate 1/2 unidad x1,Papaya 1 taza x1 | Almendras 20 g x1,Tofu firme 100 g x1 | Vegetales salteados 1 taza x1 | Aguacate 1/2 unidad x1
CarmenM,2026-01-29,Bagel integral Musmanni 1 unidad x1 | Queso cottage Dos Pinos 1 taza x1 | Fresas 1 taza x1,Yogurt de fresa Dos Pinos 125 g x1 | Banano mediano x1 | Manzana mediana x1,Ensalada de garbanzos 1 porción x1 | Pan cuadrado integral Musmanni 2 rebanadas x1,Barra de cereal Jack's 1 unidad x1 | Manzana mediana x1,Ensalada de garbanzos 1 porción x1 | Galleta soda Pozuelo 4 unidades x1
CarmenM,2026-01-30,Avena en hojuelas 40 g x1 | Leche descremada Dos Pinos 250 ml x1 | Banano mediano x1 | Semillas de chía 1 cda x1,Yogurt de fresa Dos Pinos 125 g x1 | Banano mediano x1,Casado vegetariano 1 plato x1,Queso cottage Dos Pinos 1 taza x1 | Piña 1 taza x1,Lentejas cocidas 1 taza x1 | Ensalada verde 1 taza x1 | Bagel integral Musmanni 1 unidad x1
CarmenM,2026-01-31,Yogurt griego natural Dos Pinos 150 g x1 | Granola artesanal 30 g x1 | Papaya 1 taza x1,Barra de cereal Jack's 1 unidad x1 | Papaya 1 taza x1,Garbanzos cocidos 1 taza x1 | Camote cocido 150 g x1 | Vegetales salteados 1 taza x1,Barra de cereal Jack's 1 unidad x1 | Manzana mediana x1,Wrap vegetariano 1 unidad x1 | Pepino 1 taza x1
CarmenM,2026-02-01,Yogurt griego natural Dos Pinos 150 g x1 | Granola artesanal 30 g x1 | Papaya 1 taza x1,Sandía 1 taza x1 | Nueces mixtas 20 g x1,Casado vegetariano 1 plato x1,Galleta maría Pozuelo 4 unidades x1 | Leche descremada Dos Pinos 250 ml x1,Wrap vegetariano 1 unidad x1 | Pepino 1 taza x1
CarmenM,2026-02-02,Pan cuadrado integral Musmanni 2 rebanadas x1 | Omelette de espinaca 1 porción x1 | Aguacate 1/2 unidad x1,Sandía 1 taza x1 | Nueces mixtas 20 g x1,Omelette de espinaca 1 porción x1 | Papa cocida 150 g x1 | Ensalada verde 1 taza x1,Yogurt griego natural Dos Pinos 150 g x1 | Fresas 1 taza x1,Lentejas cocidas 1 taza x1 | Ensalada verde 1 taza x1 | Bagel integral Musmanni 1 unidad x1
CarmenM,2026-02-03,Tortilla de maíz 2 unidades x1 | Queso fresco Dos Pinos 30 g x1 | Tomate 1 unidad x1 | Piña 1 taza x1,Piña 1 taza x1 | Galleta soda Pozuelo 4 unidades x1,Tofu firme 100 g x1 | Arroz integral cocido 1 taza x1 | Frijoles negros cocidos 1 taza x1 | Ensalada verde 1 taza x1 | Aguacate 1/2 unidad x1,Barra de cereal Jack's 1 unidad x1 | Manzana mediana x1,Ensalada de garbanzos 1 porción x1 | Galleta soda Pozuelo 4 unidades x1
CarmenM,2026-02-04,Pan cuadrado integral Musmanni 2 rebanadas x1 | Omelette de espinaca 1 porción x1 | Aguacate 1/2 unidad x1,Piña 1 taza x1 | Galleta soda Pozuelo 4 unidades x1 | Papaya 1 taza x1,Wrap vegetariano 1 unidad x1 | Pepino 1 taza x1 | Hummus 2 cdas x1,Yogurt griego natural Dos Pinos 150 g x1 | Fresas 1 taza x1,Omelette de espinaca 1 porción x1 | Tomate 1 unidad x1 | Aguacate 1/2 unidad x1
CarmenM,2026-02-05,Yogurt griego natural Dos Pinos 150 g x1 | Granola artesanal 30 g x1 | Papaya 1 taza x1,Yogurt de fresa Dos Pinos 125 g x1 | Banano mediano x1,Ensalada de garbanzos 1 porción x1 | Pan cuadrado integral Musmanni 2 rebanadas x1,Galleta maría Pozuelo 4 unidades x1 | Leche descremada Dos Pinos 250 ml x1,Sopa negra 1 taza x1 | Queso fresco Dos Pinos 30 g x1 | Tortilla de maíz 2 unidades x1
CarmenM,2026-02-06,Bagel integral Musmanni 1 unidad x1 | Queso cottage Dos Pinos 1 taza x1 | Fresas 1 taza x1,Yogurt de fresa Dos Pinos 125 g x1 | Banano mediano x1,Casado vegetariano 1 plato x1,Barra de cereal Jack's 1 unidad x1 | Manzana mediana x1,Sopa negra 1 taza x1 | Queso fresco Dos Pinos 30 g x1 | Tortilla de maíz 2 unidades x1
CarmenM,2026-02-07,Pan cuadrado integral Musmanni 2 rebanadas x1 | Omelette de espinaca 1 porción x1 | Aguacate 1/2 unidad x1,Yogurt de fresa Dos Pinos 125 g x1 | Banano mediano x1,Lentejas cocidas 1 taza x1 | Arroz blanco cocido 1 taza x1 | Brócoli al vapor 1 taza x1 | Tomate 1 unidad x1,Barra de cereal Jack's 1 unidad x1 | Manzana mediana x1,Omelette de espinaca 1 porción x1 | Tomate 1 unidad x1 | Aguacate 1/2 unidad x1
CarmenM,2026-02-08,Tortilla de maíz 2 unidades x1 | Queso fresco Dos Pinos 30 g x1 | Tomate 1 unidad x1 | Piña 1 taza x1,Barra de cereal Jack's 1 unidad x1 | Papaya 1 taza x1 | Manzana mediana x1,Omelette de espinaca 1 porción x1 | Papa cocida 150 g x1 | Ensalada verde 1 taza x1,Yogurt griego natural Dos Pinos 150 g x1 | Fresas 1 taza x1,Lentejas cocidas 1 taza x1 | Ensalada verde 1 taza x1 | Bagel integral Musmanni 1 unidad x1
CarmenM,2026-02-09,Cereal Poffis Jack's 30 g x1 | Leche descremada Dos Pinos 250 ml x1 | Manzana mediana x1,Barra de cereal Jack's 1 unidad x1 | Papaya 1 taza x1,Casado vegetariano 1 plato x1,Papaya 1 taza x1 | Almendras 20 g x1,Omelette de espinaca 1 porción x1 | Tomate 1 unidad x1 | Aguacate 1/2 unidad x1
CarmenM,2026-02-10,Pan cuadrado integral Musmanni 2 rebanadas x1 | Omelette de espinaca 1 porción x1 | Aguacate 1/2 unidad x1,Yogurt de fresa Dos Pinos 125 g x1 | Banano mediano x1,Omelette de espinaca 1 porción x1 | Papa cocida 150 g x1 | Ensalada verde 1 taza x1,Galleta maría Pozuelo 4 unidades x1 | Leche descremada Dos Pinos 250 ml x1,Omelette de espinaca 1 porción x1 | Tomate 1 unidad x1 | Aguacate 1/2 unidad x1
CarmenM,2026-02-11,Yogurt griego natural Dos Pinos 150 g x1 | Granola artesanal 30 g x1 | Papaya 1 taza x1,Sandía 1 taza x1 | Nueces mixtas 20 g x1,Garbanzos cocidos 1 taza x1 | Camote cocido 150 g x1 | Vegetales salteados 1 taza x1,Galleta maría Pozuelo 4 unidades x1 | Leche descremada Dos Pinos 250 ml x1,Lentejas cocidas 1 taza x1 | Ensalada verde 1 taza x1 | Bagel integral Musmanni 1 unidad x1
CarmenM,2026-02-12,Yogurt griego natural Dos Pinos 150 g x1 | Granola artesanal 30 g x1 | Papaya 1 taza x1,Sandía 1 taza x1 | Nueces mixtas 20 g x1 | Manzana mediana x1,Garbanzos cocidos 1 taza x1 | Camote cocido 150 g x1 | Vegetales salteados 1 taza x1,Queso cottage Dos Pinos 1 taza x1 | Piña 1 taza x1,Tofu firme 100 g x1 | Vegetales salteados 1 taza x1 | Aguacate 1/2 unidad x1
CarmenM,2026-02-13,Cereal Poffis Jack's 30 g x1 | Leche descremada Dos Pinos 250 ml x1 | Manzana mediana x1,Barra de cereal Jack's 1 unidad x1 | Papaya 1 taza x1,Casado vegetariano 1 plato x1,Barra de cereal Jack's 1 unidad x1 | Manzana mediana x1,Ensalada de garbanzos 1 porción x1 | Galleta soda Pozuelo 4 unidades x1
CarmenM,2026-02-14,Cereal Poffis Jack's 30 g x1 | Leche descremada Dos Pinos 250 ml x1 | Manzana mediana x1,Piña 1 taza x1 | Galleta soda Pozuelo 4 unidades x1,Lentejas cocidas 1 taza x1 | Arroz blanco cocido 1 taza x1 | Brócoli al vapor 1 taza x1 | Tomate 1 unidad x1,Papaya 1 taza x1 | Almendras 20 g x1,Omelette de espinaca 1 porción x1 | Tomate 1 unidad x1 | Aguacate 1/2 unidad x1
CarmenM,2026-02-15,Pan cuadrado integral Musmanni 2 rebanadas x1 | Omelette de espinaca 1 porción x1 | Aguacate 1/2 unidad x1,Yogurt de fresa Dos Pinos 125 g x1 | Banano mediano x1,Ensalada de garbanzos 1 porción x1 | Pan cuadrado integral Musmanni 2 rebanadas x1,Galleta maría Pozuelo 4 unidades x1 | Leche descremada Dos Pinos 250 ml x1,Sopa negra 1 taza x1 | Queso fresco Dos Pinos 30 g x1 | Tortilla de maíz 2 unidades x1
CarmenM,2026-02-16,Yogurt griego natural Dos Pinos 150 g x1 | Granola artesanal 30 g x1 | Papaya 1 taza x1,Piña 1 taza x1 | Galleta soda Pozuelo 4 unidades x1,Lentejas cocidas 1 taza x1 | Arroz blanco cocido 1 taza x1 | Brócoli al vapor 1 taza x1 | Tomate 1 unidad x1,Yogurt griego natural Dos Pinos 150 g x1 | Fresas 1 taza x1,Wrap vegetariano 1 unidad x1 | Pepino 1 taza x1
CarmenM,2026-02-17,Bagel integral Musmanni 1 unidad x1 | Queso cottage Dos Pinos 1 taza x1 | Fresas 1 taza x1,Barra de cereal Jack's 1 unidad x1 | Papaya 1 taza x1,Omelette de espinaca 1 porción x1 | Papa cocida 150 g x1 | Ensalada verde 1 taza x1,Galleta maría Pozuelo 4 unidades x1 | Leche descremada Dos Pinos 250 ml x1,Ensalada de garbanzos 1 porción x1 | Galleta soda Pozuelo 4 unidades x1
CarmenM,2026-02-18,Pan cuadrado integral Musmanni 2 rebanadas x1 | Omelette de espinaca 1 porción x1 | Aguacate 1/2 unidad x1,Barra de cereal Jack's 1 unidad x1 | Papaya 1 taza x1 | Papaya 1 taza x1,Lentejas cocidas 1 taza x1 | Arroz blanco cocido 1 taza x1 | Brócoli al vapor 1 taza x1 | Tomate 1 unidad x1,Queso cottage Dos Pinos 1 taza x1 | Piña 1 taza x1,Ensalada de garbanzos 1 porción x1 | Galleta soda Pozuelo 4 unidades x1
CarmenM,2026-02-19,Tortilla de maíz 2 unidades x1 | Queso fresco Dos Pinos 30 g x1 | Tomate 1 unidad x1 | Piña 1 taza x1,Barra de cereal Jack's 1 unidad x1 | Papaya 1 taza x1 | Manzana mediana x1,Omelette de espinaca 1 porción x1 | Papa cocida 150 g x1 | Ensalada verde 1 taza x1,Queso cottage Dos Pinos 1 taza x1 | Piña 1 taza x1,Sopa negra 1 taza x1 | Queso fresco Dos Pinos 30 g x1 | Tortilla de maíz 2 unidades x1
CarmenM,2026-02-20,Tortilla de maíz 2 unidades x1 | Queso fresco Dos Pinos 30 g x1 | Tomate 1 unidad x1 | Piña 1 taza x1,Yogurt de fresa Dos Pinos 125 g x1 | Banano mediano x1,Casado vegetariano 1 plato x1,Barra de cereal Jack's 1 unidad x1 | Manzana mediana x1,Ensalada de garbanzos 1 porción x1 | Galleta soda Pozuelo 4 unidades x1
CarmenM,2026-02-21,Cereal Poffis Jack's 30 g x1 | Leche descremada Dos Pinos 250 ml x1 | Manzana mediana x1,Manzana mediana x1 | Almendras 20 g x1,Ensalada de garbanzos 1 porción x1 | Pan cuadrado integral Musmanni 2 rebanadas x1,Barra de cereal Jack's 1 unidad x1 | Manzana mediana x1,Wrap vegetariano 1 unidad x1 | Pepino 1 taza x1
CarmenM,2026-02-22,Bagel integral Musmanni 1 unidad x1 | Queso cottage Dos Pinos 1 taza x1 | Fresas 1 taza x1,Manzana mediana x1 | Almendras 20 g x1,Ensalada de garbanzos 1 porción x1 | Pan cuadrado integral Musmanni 2 rebanadas x1,Yogurt griego natural Dos Pinos 150 g x1 | Fresas 1 taza x1,Wrap vegetariano 1 unidad x1 | Pepino 1 taza x1
CarmenM,2026-02-23,Bagel integral Musmanni 1 unidad x1 | Queso cottage Dos Pinos 1 taza x1 | Fresas 1 taza x1,Barra de cereal Jack's 1 unidad x1 | Papaya 1 taza x1,Tofu firme 100 g x1 | Arroz integral cocido 1 taza x1 | Frijoles negros cocidos 1 taza x1 | Ensalada verde 1 taza x1 | Aguacate 1/2 unidad x1,Queso cottage Dos Pinos 1 taza x1 | Piña 1 taza x1,Ensalada de garbanzos 1 porción x1 | Galleta soda Pozuelo 4 unidades x1
CarmenM,2026-02-24,Cereal Poffis Jack's 30 g x1 | Leche descremada Dos Pinos 250 ml x1 | Manzana mediana x1,Sandía 1 taza x1 | Nueces mixtas 20 g x1 | Manzana mediana x1,Lentejas cocidas 1 taza x1 | Arroz blanco cocido 1 taza x1 | Brócoli al vapor 1 taza x1 | Tomate 1 unidad x1,Galleta maría Pozuelo 4 unidades x1 | Leche descremada Dos Pinos 250 ml x1,Ensalada de garbanzos 1 porción x1 | Galleta soda Pozuelo 4 unidades x1
CarmenM,2026-02-25,Bagel integral Musmanni 1 unidad x1 | Queso cottage Dos Pinos 1 taza x1 | Fresas 1 taza x1,Sandía 1 taza x1 | Nueces mixtas 20 g x1,Ensalada de garbanzos 1 porción x1 | Pan cuadrado integral Musmanni 2 rebanadas x1,Queso cottage Dos Pinos 1 taza x1 | Piña 1 taza x1,Tofu firme 100 g x1 | Vegetales salteados 1 taza x1 | Aguacate 1/2 unidad x1
CarmenM,2026-02-26,Avena en hojuelas 40 g x1 | Leche descremada Dos Pinos 250 ml x1 | Banano mediano x1 | Semillas de chía 1 cda x1,Barra de cereal Jack's 1 unidad x1 | Papaya 1 taza x1,Ensalada de garbanzos 1 porción x1 | Pan cuadrado integral Musmanni 2 rebanadas x1,Queso cottage Dos Pinos 1 taza x1 | Piña 1 taza x1,Tofu firme 100 g x1 | Vegetales salteados 1 taza x1 | Aguacate 1/2 unidad x1
CarmenM,2026-02-27,Bagel integral Musmanni 1 unidad x1 | Queso cottage Dos Pinos 1 taza x1 | Fresas 1 taza x1,Yogurt de fresa Dos Pinos 125 g x1 | Banano mediano x1,Ensalada de garbanzos 1 porción x1 | Pan cuadrado integral Musmanni 2 rebanadas x1,Barra de cereal Jack's 1 unidad x1 | Manzana mediana x1,Ensalada de garbanzos 1 porción x1 | Galleta soda Pozuelo 4 unidades x1
CarmenM,2026-02-28,Pan cuadrado integral Musmanni 2 rebanadas x1 | Omelette de espinaca 1 porción x1 | Aguacate 1/2 unidad x1,Piña 1 taza x1 | Galleta soda Pozuelo 4 unidades x1,Garbanzos cocidos 1 taza x1 | Camote cocido 150 g x1 | Vegetales salteados 1 taza x1,Yogurt griego natural Dos Pinos 150 g x1 | Fresas 1 taza x1,Ensalada de garbanzos 1 porción x1 | Galleta soda Pozuelo 4 unidades x1
CarmenM,2026-03-01,Bagel integral Musmanni 1 unidad x1 | Queso cottage Dos Pinos 1 taza x1 | Fresas 1 taza x1,Manzana mediana x1 | Almendras 20 g x1,Garbanzos cocidos 1 taza x1 | Camote cocido 150 g x1 | Vegetales salteados 1 taza x1,Queso cottage Dos Pinos 1 taza x1 | Piña 1 taza x1,Wrap vegetariano 1 unidad x1 | Pepino 1 taza x1
CarmenM,2026-03-02,Tortilla de maíz 2 unidades x1 | Queso fresco Dos Pinos 30 g x1 | Tomate 1 unidad x1 | Piña 1 taza x1,Sandía 1 taza x1 | Nueces mixtas 20 g x1,Lentejas cocidas 1 taza x1 | Arroz blanco cocido 1 taza x1 | Brócoli al vapor 1 taza x1 | Tomate 1 unidad x1,Barra de cereal Jack's 1 unidad x1 | Manzana mediana x1,Wrap vegetariano 1 unidad x1 | Pepino 1 taza x1
CarmenM,2026-03-03,Tortilla de maíz 2 unidades x1 | Queso fresco Dos Pinos 30 g x1 | Tomate 1 unidad x1 | Piña 1 taza x1,Sandía 1 taza x1 | Nueces mixtas 20 g x1 | Papaya 1 taza x1,Wrap vegetariano 1 unidad x1 | Pepino 1 taza x1 | Hummus 2 cdas x1,Galleta maría Pozuelo 4 unidades x1 | Leche descremada Dos Pinos 250 ml x1,Lentejas cocidas 1 taza x1 | Ensalada verde 1 taza x1 | Bagel integral Musmanni 1 unidad x1
CarmenM,2026-03-04,Pan cuadrado integral Musmanni 2 rebanadas x1 | Omelette de espinaca 1 porción x1 | Aguacate 1/2 unidad x1,Sandía 1 taza x1 | Nueces mixtas 20 g x1,Casado vegetariano 1 plato x1,Yogurt griego natural Dos Pinos 150 g x1 | Fresas 1 taza x1,Lentejas cocidas 1 taza x1 | Ensalada verde 1 taza x1 | Bagel integral Musmanni 1 unidad x1
CarmenM,2026-03-05,Yogurt griego natural Dos Pinos 150 g x1 | Granola artesanal 30 g x1 | Papaya 1 taza x1,Piña 1 taza x1 | Galleta soda Pozuelo 4 unidades x1,Tofu firme 100 g x1 | Arroz integral cocido 1 taza x1 | Frijoles negros cocidos 1 taza x1 | Ensalada verde 1 taza x1 | Aguacate 1/2 unidad x1,Yogurt griego natural Dos Pinos 150 g x1 | Fresas 1 taza x1,Lentejas cocidas 1 taza x1 | Ensalada verde 1 taza x1 | Bagel integral Musmanni 1 unidad x1
CarmenM,2026-03-06,Bagel integral Musmanni 1 unidad x1 | Queso cottage Dos Pinos 1 taza x1 | Fresas 1 taza x1,Sandía 1 taza x1 | Nueces mixtas 20 g x1 | Manzana mediana x1,Casado vegetariano 1 plato x1,Barra de cereal Jack's 1 unidad x1 | Manzana mediana x1,Tofu firme 100 g x1 | Vegetales salteados 1 taza x1 | Aguacate 1/2 unidad x1
CarmenM,2026-03-07,Bagel integral Musmanni 1 unidad x1 | Queso cottage Dos Pinos 1 taza x1 | Fresas 1 taza x1,Barra de cereal Jack's 1 unidad x1 | Papaya 1 taza x1,Lentejas cocidas 1 taza x1 | Arroz blanco cocido 1 taza x1 | Brócoli al vapor 1 taza x1 | Tomate 1 unidad x1,Galleta maría Pozuelo 4 unidades x1 | Leche descremada Dos Pinos 250 ml x1,Lentejas cocidas 1 taza x1 | Ensalada verde 1 taza x1 | Bagel integral Musmanni 1 unidad x1
CarmenM,2026-03-08,Yogurt griego natural Dos Pinos 150 g x1 | Granola artesanal 30 g x1 | Papaya 1 taza x1,Barra de cereal Jack's 1 unidad x1 | Papaya 1 taza x1,Ensalada de garbanzos 1 porción x1 | Pan cuadrado integral Musmanni 2 rebanadas x1,Barra de cereal Jack's 1 unidad x1 | Manzana mediana x1,Sopa negra 1 taza x1 | Queso fresco Dos Pinos 30 g x1 | Tortilla de maíz 2 unidades x1
CarmenM,2026-03-09,Yogurt griego natural Dos Pinos 150 g x1 | Granola artesanal 30 g x1 | Papaya 1 taza x1,Piña 1 taza x1 | Galleta soda Pozuelo 4 unidades x1,Casado vegetariano 1 plato x1,Queso cottage Dos Pinos 1 taza x1 | Piña 1 taza x1,Lentejas cocidas 1 taza x1 | Ensalada verde 1 taza x1 | Bagel integral Musmanni 1 unidad x1
CarmenM,2026-03-10,Yogurt griego natural Dos Pinos 150 g x1 | Granola artesanal 30 g x1 | Papaya 1 taza x1,Barra de cereal Jack's 1 unidad x1 | Papaya 1 taza x1,Garbanzos cocidos 1 taza x1 | Camote cocido 150 g x1 | Vegetales salteados 1 taza x1,Galleta maría Pozuelo 4 unidades x1 | Leche descremada Dos Pinos 250 ml x1,Lentejas cocidas 1 taza x1 | Ensalada verde 1 taza x1 | Bagel integral Musmanni 1 unidad x1
DanielM,2026-01-01,Pan cuadrado integral Musmanni 2 rebanadas x2 | Revuelto de huevo con tomate 1 porción x1 | Aguacate 1/2 unidad x1 | Café negro 1 taza x1,Papaya 1 taza x1 | Galleta soda Pozuelo 4 unidades x1,Lomo de cerdo a la plancha 120 g x1 | Yuca cocida 150 g x1 | Pico de gallo 1 porción x1 | Ensalada verde 1 taza x1,Meneitos Jack's 25 g x1 | Yogurt griego natural Dos Pinos 150 g x1,Salmón al horno 120 g x1 | Arroz integral cocido 1 taza x2 | Brócoli al vapor 1 taza x1
DanielM,2026-01-02,Tortilla de maíz 2 unidades x2 | Huevo entero 1 unidad x2 | Queso mozzarella Dos Pinos 30 g x1 | Piña 1 taza x1,Manzana mediana x1 | Almendras 20 g x1 | Leche más proteína Dos Pinos 250 ml x1,Pechuga de pollo a la plancha 120 g x1 | Arroz integral cocido 1 taza x1 | Frijoles negros cocidos 1 taza x1 | Ensalada verde 1 taza x1 | Aguacate 1/2 unidad x1,Papaya 1 taza x1 | Almendras 20 g x1,Tilapia al horno 120 g x1 | Papa cocida 150 g x1 | Vegetales salteados 1 taza x1
DanielM,2026-01-03,Avena en hojuelas 40 g x1 | Leche descremada Dos Pinos 250 ml x1 | Banano mediano x2 | Semillas de chía 1 cda x1,Manzana mediana x1 | Almendras 20 g x1,Carne molida magra 120 g x1 | Camote cocido 150 g x2 | Brócoli al vapor 1 taza x1,Batido de proteína 1 porción x1 | Banano mediano x2,Pechuga de pollo a la plancha 120 g x1 | Camote cocido 150 g x1 | Ensalada verde 1 taza x1
DanielM,2026-01-04,Tortilla de maíz 2 unidades x2 | Huevo entero 1 unidad x2 | Queso mozzarella Dos Pinos 30 g x1 | Piña 1 taza x1,Papaya 1 taza x1 | Galleta soda Pozuelo 4 unidades x1 | Barra de cereal Jack's 1 unidad x1,Pechuga de pollo a la plancha 120 g x2 | Arroz integral cocido 1 taza x1 | Frijoles negros cocidos 1 taza x2 | Ensalada verde 1 taza x1 | Aguacate 1/2 unidad x1,Yogurt de fresa Dos Pinos 125 g x1 | Galleta maría Pozuelo 4 unidades x1,Pechuga de pollo a la plancha 120 g x1 | Camote cocido 150 g x2 | Ensalada verde 1 taza x1
DanielM,2026-01-05,Tortilla de maíz 2 unidades x2 | Huevo entero 1 unidad x2 | Queso mozzarella Dos Pinos 30 g x1 | Piña 1 taza x1,Barra de cereal Jack's 1 unidad x1 | Leche descremada Dos Pinos 250 ml x1,Atún en agua Sardimar 1 lata x1 | Pasta integral cocida 1 taza x1 | Ensalada verde 1 taza x1,Papaya 1 taza x2 | Almendras 20 g x1,Tilapia al horno 120 g x1 | Papa cocida 150 g x2 | Vegetales salteados 1 taza x1
DanielM,2026-01-06,Yogurt griego natural Dos Pinos 150 g x1 | Granola artesanal 30 g x1 | Fresas 1 taza x1 | Mantequilla de maní 1 cda x1,Yogurt griego natural Dos Pinos 150 g x1 | Banano mediano x2 | Leche más proteína Dos Pinos 250 ml x1,Atún en agua Sardimar 1 lata x1 | Pasta integral cocida 1 taza x2 | Ensalada verde 1 taza x1,Batido de proteína 1 porción x1 | Banano mediano x2,Omelette de espinaca 1 porción x1 | Aguacate 1/2 unidad x1 | Tomate 1 unidad x1
DanielM,2026-01-07,Gallo pinto casero 1 taza x2 | Huevo entero 1 unidad x2 | Queso fresco Dos Pinos 30 g x1 | Papaya 1 taza x1,Yogurt griego natural Dos Pinos 150 g x1 | Banano mediano x2,Lomo de cerdo a la plancha 120 g x2 | Yuca cocida 150 g x1 | Pico de gallo 1 porción x1 | Ensalada verde 1 taza x1,Batido de proteína 1 porción x2 | Banano mediano x2,Tilapia al horno 120 g x1 | Papa cocida 150 g x1 | Vegetales salteados 1 taza x1
DanielM,2026-01-08,Pan cuadrado integral Musmanni 2 rebanadas x1 | Revuelto de huevo con tomate 1 porción x1 | Aguacate 1/2 unidad x1 | Café negro 1 taza x1,Sandía 1 taza x1 | Nueces mixtas 20 g x1,Atún en agua Sardimar 1 lata x1 | Pasta integral cocida 1 taza x2 | Ensalada verde 1 taza x1,Papaya 1 taza x2 | Almendras 20 g x1 | Leche más proteína Dos Pinos 250 ml x1,Salmón al horno 120 g x1 | Arroz integral cocido 1 taza x2 | Brócoli al vapor 1 taza x1
DanielM,2026-01-09,Tortilla de maíz 2 unidades x1 | Huevo entero 1 unidad x2 | Queso mozzarella Dos Pinos 30 g x1 | Piña 1 taza x1,Sandía 1 taza x1 | Nueces mixtas 20 g x1,Casado con pollo 1 plato x1,Queso cottage Dos Pinos 1 taza x1 | Piña 1 taza x1,Sopa negra 1 taza x1 | Queso fresco Dos Pinos 30 g x1 | Tortilla de maíz 2 unidades x1
DanielM,2026-01-10,Yogurt griego natural Dos Pinos 150 g x1 | Granola artesanal 30 g x1 | Fresas 1 taza x1 | Mantequilla de maní 1 cda x1,Yogurt griego natural Dos Pinos 150 g x1 | Banano mediano x1 | Leche más proteína Dos Pinos 250 ml x1,Lomo de cerdo a la plancha 120 g x1 | Yuca cocida 150 g x1 | Pico de gallo 1 porción x1 | Ensalada verde 1 taza x1,Papaya 1 taza x1 | Almendras 20 g x1,Salmón al horno 120 g x1 | Arroz integral cocido 1 taza x1 | Brócoli al vapor 1 taza x1
DanielM,2026-01-11,Avena en hojuelas 40 g x1 | Leche descremada Dos Pinos 250 ml x1 | Banano mediano x1 | Semillas de chía 1 cda x1,Sandía 1 taza x1 | Nueces mixtas 20 g x1 | Banano mediano x1,Tilapia al horno 120 g x2 | Arroz blanco cocido 1 taza x1 | Vegetales salteados 1 taza x1 | Aguacate 1/2 unidad x1,Meneitos Jack's 25 g x1 | Yogurt griego natural Dos Pinos 150 g x1,Omelette de espinaca 1 porción x1 | Aguacate 1/2 unidad x1 | Tomate 1 unidad x1
DanielM,2026-01-12,Avena en hojuelas 40 g x1 | Leche descremada Dos Pinos 250 ml x1 | Banano mediano x2 | Semillas de chía 1 cda x1,Piña 1 taza x1 | Queso fresco Dos Pinos 30 g x1 | Leche más proteína Dos Pinos 250 ml x1,Tilapia al horno 120 g x1 | Arroz blanco cocido 1 taza x2 | Vegetales salteados 1 taza x1 | Aguacate 1/2 unidad x1,Yogurt de fresa Dos Pinos 125 g x1 | Galleta maría Pozuelo 4 unidades x1 | Leche más proteína Dos Pinos 250 ml x1,Sopa negra 1 taza x1 | Queso fresco Dos Pinos 30 g x1 | Tortilla de maíz 2 unidades x2
DanielM,2026-01-13,Cereal Chokos Jack's 30 g x1 | Leche más proteína Dos Pinos 250 ml x2 | Manzana mediana x1,Manzana mediana x1 | Almendras 20 g x1,Pechuga de pollo a la plancha 120 g x1 | Arroz integral cocido 1 taza x2 | Frijoles negros cocidos 1 taza x1 | Ensalada verde 1 taza x1 | Aguacate 1/2 unidad x1,Meneitos Jack's 25 g x1 | Yogurt griego natural Dos Pinos 150 g x1 | Barra de cereal Jack's 1 unidad x1,Wrap de pollo 1 unidad x1 | Pepino 1 taza x1
DanielM,2026-01-14,Yogurt griego natural Dos Pinos 150 g x1 | Granola artesanal 30 g x1 | Fresas 1 taza x1 | Mantequilla de maní 1 cda x1,Sandía 1 taza x1 | Nueces mixtas 20 g x1,Tilapia al horno 120 g x2 | Arroz blanco cocido 1 taza x1 | Vegetales salteados 1 taza x1 | Aguacate 1/2 unidad x1,Yogurt de fresa Dos Pinos 125 g x1 | Galleta maría Pozuelo 4 unidades x1,Wrap de pollo 1 unidad x1 | Pepino 1 taza x1
DanielM,2026-01-15,Pan cuadrado integral Musmanni 2 rebanadas x2 | Revuelto de huevo con tomate 1 porción x1 | Aguacate 1/2 unidad x1 | Café negro 1 taza x1,Sandía 1 taza x1 | Nueces mixtas 20 g x1,Casado con pollo 1 plato x1,Batido de proteína 1 porción x2 | Banano mediano x1,Tilapia al horno 120 g x2 | Papa cocida 150 g x2 | Vegetales salteados 1 taza x1
DanielM,2026-01-16,Avena en hojuelas 40 g x1 | Leche descremada Dos Pinos 250 ml x1 | Banano mediano x2 | Semillas de chía 1 cda x1,Manzana mediana x1 | Almendras 20 g x1,Bistec de res 120 g x1 | Papa cocida 150 g x1 | Brócoli al vapor 1 taza x1 | Tomate 1 unidad x1,Papaya 1 taza x1 | Almendras 20 g x1,Salmón al horno 120 g x1 | Arroz integral cocido 1 taza x2 | Brócoli al vapor 1 taza x1
DanielM,2026-01-17,Yogurt griego natural Dos Pinos 150 g x1 | Granola artesanal 30 g x1 | Fresas 1 taza x1 | Mantequilla de maní 1 cda x1,Manzana mediana x1 | Almendras 20 g x1,Pechuga de pollo a la plancha 120 g x2 | Arroz integral cocido 1 taza x1 | Frijoles negros cocidos 1 taza x1 | Ensalada verde 1 taza x1 | Aguacate 1/2 unidad x1,Barra de cereal Jack's 1 unidad x1 | Manzana mediana x1 | Banano mediano x1,Tilapia al horno 120 g x1 | Papa cocida 150 g x2 | Vegetales salteados 1 taza x1
DanielM,2026-01-18,Tortilla de maíz 2 unidades x2 | Huevo entero 1 unidad x2 | Queso mozzarella Dos Pinos 30 g x1 | Piña 1 taza x1,Piña 1 taza x1 | Queso fresco Dos Pinos 30 g x1 | Barra de cereal Jack's 1 unidad x1,Tilapia al horno 120 g x1 | Arroz blanco cocido 1 taza x2 | Vegetales salteados 1 taza x1 | Aguacate 1/2 unidad x1,Yogurt de fresa Dos Pinos 125 g x1 | Galleta maría Pozuelo 4 unidades x1,Salmón al horno 120 g x2 | Arroz integral cocido 1 taza x2 | Brócoli al vapor 1 taza x1
DanielM,2026-01-19,Yogurt griego natural Dos Pinos 150 g x1 | Granola artesanal 30 g x1 | Fresas 1 taza x1 | Mantequilla de maní 1 cda x1,Sandía 1 taza x1 | Nueces mixtas 20 g x1,Lomo de cerdo a la plancha 120 g x2 | Yuca cocida 150 g x1 | Pico de gallo 1 porción x1 | Ensalada verde 1 taza x1,Papaya 1 taza x1 | Almendras 20 g x1,Salmón al horno 120 g x1 | Arroz integral cocido 1 taza x1 | Brócoli al vapor 1 taza x1
DanielM,2026-01-20,Gallo pinto casero 1 taza x1 | Huevo entero 1 unidad x2 | Queso fresco Dos Pinos 30 g x1 | Papaya 1 taza x1,Papaya 1 taza x1 | Galleta soda Pozuelo 4 unidades x1 | Leche más proteína Dos Pinos 250 ml x1,Pechuga de pollo a la plancha 120 g x1 | Arroz integral cocido 1 taza x1 | Frijoles negros cocidos 1 taza x2 | Ensalada verde 1 taza x1 | Aguacate 1/2 unidad x1,Queso cottage Dos Pinos 1 taza x1 | Piña 1 taza x1,Omelette de espinaca 1 porción x1 | Aguacate 1/2 unidad x1 | Tomate 1 unidad x1
DanielM,2026-01-21,Tortilla de maíz 2 unidades x2 | Huevo entero 1 unidad x2 | Queso mozzarella Dos Pinos 30 g x1 | Piña 1 taza x1,Papaya 1 taza x1 | Galleta soda Pozuelo 4 unidades x1,Tilapia al horno 120 g x1 | Arroz blanco cocido 1 taza x1 | Vegetales salteados 1 taza x1 | Aguacate 1/2 unidad x1,Queso cottage Dos Pinos 1 taza x2 | Piña 1 taza x1,Pechuga de pollo a la plancha 120 g x2 | Camote cocido 150 g x1 | Ensalada verde 1 taza x1
DanielM,2026-01-22,Cereal Chokos Jack's 30 g x1 | Leche más proteína Dos Pinos 250 ml x2 | Manzana mediana x1,Yogurt griego natural Dos Pinos 150 g x1 | Banano mediano x1 | Leche más proteína Dos Pinos 250 ml x1,Casado con pollo 1 plato x1,Batido de proteína 1 porción x2 | Banano mediano x1 | Barra de cereal Jack's 1 unidad x1,Salmón al horno 120 g x1 | Arroz integral cocido 1 taza x2 | Brócoli al vapor 1 taza x1
DanielM,2026-01-23,Pan blanco Musmanni 2 rebanadas x1 | Queso fresco Dos Pinos 30 g x1 | Yogurt de fresa Dos Pinos 125 g x1 | Banano mediano x2,Sandía 1 taza x1 | Nueces mixtas 20 g x1,Atún en agua Sardimar 1 lata x2 | Pasta integral cocida 1 taza x1 | Ensalada verde 1 taza x1,Papaya 1 taza x2 | Almendras 20 g x1 | Leche más proteína Dos Pinos 250 ml x1,Wrap de pollo 1 unidad x1 | Pepino 1 taza x1
DanielM,2026-01-24,Tortilla de maíz 2 unidades x1 | Huevo entero 1 unidad x2 | Queso mozzarella Dos Pinos 30 g x1 | Piña 1 taza x1,Barra de cereal Jack's 1 unidad x1 | Leche descremada Dos Pinos 250 ml x1,Tilapia al horno 120 g x2 | Arroz blanco cocido 1 taza x1 | Vegetales salteados 1 taza x1 | Aguacate 1/2 unidad x1,Queso cottage Dos Pinos 1 taza x1 | Piña 1 taza x1 | Banano mediano x1,Pechuga de pollo a la plancha 120 g x1 | Camote cocido 150 g x2 | Ensalada verde 1 taza x1
DanielM,2026-01-25,Pan blanco Musmanni 2 rebanadas x1 | Queso fresco Dos Pinos 30 g x1 | Yogurt de fresa Dos Pinos 125 g x1 | Banano mediano x2,Sandía 1 taza x1 | Nueces mixtas 20 g x1 | Barra de cereal Jack's 1 unidad x1,Atún en agua Sardimar 1 lata x1 | Pasta integral cocida 1 taza x1 | Ensalada verde 1 taza x1,Yogurt de fresa Dos Pinos 125 g x1 | Galleta maría Pozuelo 4 unidades x1 | Banano mediano x1,Wrap de pollo 1 unidad x1 | Pepino 1 taza x1
DanielM,2026-01-26,Pan cuadrado integral Musmanni 2 rebanadas x1 | Revuelto de huevo con tomate 1 porción x1 | Aguacate 1/2 unidad x1 | Café negro 1 taza x1,Barra de cereal Jack's 1 unidad x1 | Leche descremada Dos Pinos 250 ml x1,Pechuga de pollo a la plancha 120 g x1 | Arroz integral cocido 1 taza x1 | Frijoles negros cocidos 1 taza x2 | Ensalada verde 1 taza x1 | Aguacate 1/2 unidad x1,Barra de cereal Jack's 1 unidad x1 | Manzana mediana x1,Tilapia al horno 120 g x1 | Papa cocida 150 g x2 | Vegetales salteados 1 taza x1
DanielM,2026-01-27,Yogurt griego natural Dos Pinos 150 g x1 | Granola artesanal 30 g x1 | Fresas 1 taza x1 | Mantequilla de maní 1 cda x1,Barra de cereal Jack's 1 unidad x1 | Leche descremada Dos Pinos 250 ml x1,Bistec de res 120 g x1 | Papa cocida 150 g x2 | Brócoli al vapor 1 taza x1 | Tomate 1 unidad x1,Queso cottage Dos Pinos 1 taza x1 | Piña 1 taza x1 | Barra de cereal Jack's 1 unidad x1,Wrap de pollo 1 unidad x1 | Pepino 1 taza x1
DanielM,2026-01-28,Avena en hojuelas 40 g x1 | Leche descremada Dos Pinos 250 ml x1 | Banano mediano x2 | Semillas de chía 1 cda x1,Piña 1 taza x1 | Queso fresco Dos Pinos 30 g x1,Lomo de cerdo a la plancha 120 g x1 | Yuca cocida 150 g x1 | Pico de gallo 1 porción x1 | Ensalada verde 1 taza x1,Meneitos Jack's 25 g x1 | Yogurt griego natural Dos Pinos 150 g x1 | Banano mediano x1,Tilapia al horno 120 g x1 | Papa cocida 150 g x1 | Vegetales salteados 1 taza x1
DanielM,2026-01-29,Tortilla de maíz 2 unidades x2 | Huevo entero 1 unidad x2 | Queso mozzarella Dos Pinos 30 g x1 | Piña 1 taza x1,Piña 1 taza x1 | Queso fresco Dos Pinos 30 g x1 | Leche más proteína Dos Pinos 250 ml x1,Carne molida magra 120 g x1 | Camote cocido 150 g x2 | Brócoli al vapor 1 taza x1,Papaya 1 taza x1 | Almendras 20 g x1,Wrap de pollo 1 unidad x1 | Pepino 1 taza x1
DanielM,2026-01-30,Pan blanco Musmanni 2 rebanadas x1 | Queso fresco Dos Pinos 30 g x1 | Yogurt de fresa Dos Pinos 125 g x1 | Banano mediano x1,Sandía 1 taza x1 | Nueces mixtas 20 g x1,Atún en agua Sardimar 1 lata x1 | Pasta integral cocida 1 taza x2 | Ensalada verde 1 taza x1,Queso cottage Dos Pinos 1 taza x2 | Piña 1 taza x1,Pechuga de pollo a la plancha 120 g x2 | Camote cocido 150 g x2 | Ensalada verde 1 taza x1
DanielM,2026-01-31,Gallo pinto casero 1 taza x1 | Huevo entero 1 unidad x2 | Queso fresco Dos Pinos 30 g x1 | Papaya 1 taza x2,Barra de cereal Jack's 1 unidad x1 | Leche descremada Dos Pinos 250 ml x1,Atún en agua Sardimar 1 lata x1 | Pasta integral cocida 1 taza x1 | Ensalada verde 1 taza x1,Barra de cereal Jack's 1 unidad x1 | Manzana mediana x1,Salmón al horno 120 g x1 | Arroz integral cocido 1 taza x1 | Brócoli al vapor 1 taza x1
DanielM,2026-02-01,Tortilla de maíz 2 unidades x1 | Huevo entero 1 unidad x2 | Queso mozzarella Dos Pinos 30 g x1 | Piña 1 taza x1,Papaya 1 taza x2 | Galleta soda Pozuelo 4 unidades x1,Lomo de cerdo a la plancha 120 g x1 | Yuca cocida 150 g x1 | Pico de gallo 1 porción x1 | Ensalada verde 1 taza x1,Yogurt de fresa Dos Pinos 125 g x1 | Galleta maría Pozuelo 4 unidades x1,Sopa negra 1 taza x1 | Queso fresco Dos Pinos 30 g x1 | Tortilla de maíz 2 unidades x2
DanielM,2026-02-02,Avena en hojuelas 40 g x1 | Leche descremada Dos Pinos 250 ml x1 | Banano mediano x1 | Semillas de chía 1 cda x1,Barra de cereal Jack's 1 unidad x1 | Leche descremada Dos Pinos 250 ml x1,Bistec de res 120 g x1 | Papa cocida 150 g x1 | Brócoli al vapor 1 taza x1 | Tomate 1 unidad x1,Yogurt de fresa Dos Pinos 125 g x1 | Galleta maría Pozuelo 4 unidades x1,Pechuga de pollo a la plancha 120 g x1 | Camote cocido 150 g x1 | Ensalada verde 1 taza x1
DanielM,2026-02-03,Tortilla de maíz 2 unidades x2 | Huevo entero 1 unidad x2 | Queso mozzarella Dos Pinos 30 g x1 | Piña 1 taza x1,Sandía 1 taza x1 | Nueces mixtas 20 g x1,Carne molida magra 120 g x1 | Camote cocido 150 g x1 | Brócoli al vapor 1 taza x1,Queso cottage Dos Pinos 1 taza x1 | Piña 1 taza x1,Ensalada de atún 1 porción x1 | Galleta soda Pozuelo 4 unidades x1
DanielM,2026-02-04,Pan blanco Musmanni 2 rebanadas x1 | Queso fresco Dos Pinos 30 g x1 | Yogurt de fresa Dos Pinos 125 g x1 | Banano mediano x1,Barra de cereal Jack's 1 unidad x1 | Leche descremada Dos Pinos 250 ml x1 | Banano mediano x1,Tilapia al horno 120 g x1 | Arroz blanco cocido 1 taza x2 | Vegetales salteados 1 taza x1 | Aguacate 1/2 unidad x1,Batido de proteína 1 porción x2 | Banano mediano x2,Tilapia al horno 120 g x1 | Papa cocida 150 g x2 | Vegetales salteados 1 taza x1
DanielM,2026-02-05,Cereal Chokos Jack's 30 g x1 | Leche más proteína Dos Pinos 250 ml x1 | Manzana mediana x1,Manzana mediana x1 | Almendras 20 g x1,Atún en agua Sardimar 1 lata x1 | Pasta integral cocida 1 taza x1 | Ensalada verde 1 taza x1,Meneitos Jack's 25 g x1 | Yogurt griego natural Dos Pinos 150 g x1 | Banano mediano x1,Sopa negra 1 taza x1 | Queso fresco Dos Pinos 30 g x1 | Tortilla de maíz 2 unidades x2
DanielM,2026-02-06,Pan cuadrado integral Musmanni 2 rebanadas x1 | Revuelto de huevo con tomate 1 porción x1 | Aguacate 1/2 unidad x1 | Café negro 1 taza x1,Piña 1 taza x1 | Queso fresco Dos Pinos 30 g x1,Pechuga de pollo a la plancha 120 g x1 | Arroz integral cocido 1 taza x1 | Frijoles negros cocidos 1 taza x1 | Ensalada verde 1 taza x1 | Aguacate 1/2 unidad x1,Papaya 1 taza x1 | Almendras 20 g x1,Wrap de pollo 1 unidad x1 | Pepino 1 taza x1
DanielM,2026-02-07,Tortilla de maíz 2 unidades x2 | Huevo entero 1 unidad x2 | Queso mozzarella Dos Pinos 30 g x1 | Piña 1 taza x1,Sandía 1 taza x1 | Nueces mixtas 20 g x1 | Banano mediano x1,Carne molida magra 120 g x1 | Camote cocido 150 g x1 | Brócoli al vapor 1 taza x1,Barra de cereal Jack's 1 unidad x1 | Manzana mediana x1,Wrap de pollo 1 unidad x1 | Pepino 1 taza x1
DanielM,2026-02-08,Pan blanco Musmanni 2 rebanadas x1 | Queso fresco Dos Pinos 30 g x1 | Yogurt de fresa Dos Pinos 125 g x1 | Banano mediano x2,Papaya 1 taza x1 | Galleta soda Pozuelo 4 unidades x1 | Barra de cereal Jack's 1 unidad x1,Casado con pollo 1 plato x1,Meneitos Jack's 25 g x1 | Yogurt griego natural Dos Pinos 150 g x1 | Barra de cereal Jack's 1 unidad x1,Salmón al horno 120 g x1 | Arroz integral cocido 1 taza x1 | Brócoli al vapor 1 taza x1
DanielM,2026-02-09,Pan cuadrado integral Musmanni 2 rebanadas x1 | Revuelto de huevo con tomate 1 porción x1 | Aguacate 1/2 unidad x1 | Café negro 1 taza x1,Barra de cereal Jack's 1 unidad x1 | Leche descremada Dos Pinos 250 ml x1,Carne molida magra 120 g x1 | Camote cocido 150 g x1 | Brócoli al vapor 1 taza x1,Yogurt de fresa Dos Pinos 125 g x1 | Galleta maría Pozuelo 4 unidades x1 | Banano mediano x1,Wrap de pollo 1 unidad x1 | Pepino 1 taza x1
DanielaL,2026-01-01,Yogurt griego natural Dos Pinos 150 g x1 | Granola artesanal 30 g x1 | Fresas 1 taza x1 | Mantequilla de maní 1 cda x1,Yogurt griego natural Dos Pinos 150 g x1 | Banano mediano x1,Bistec de res 120 g x1 | Papa cocida 150 g x1 | Brócoli al vapor 1 taza x1 | Tomate 1 unidad x1,Queso cottage Dos Pinos 1 taza x1 | Piña 1 taza x1,Wrap de pollo 1 unidad x1 | Pepino 1 taza x1
DanielaL,2026-01-02,Avena en hojuelas 40 g x1 | Leche descremada Dos Pinos 250 ml x1 | Banano mediano x1 | Semillas de chía 1 cda x1,Papaya 1 taza x1 | Galleta soda Pozuelo 4 unidades x1 | Papaya 1 taza x1,Bistec de res 120 g x1 | Papa cocida 150 g x1 | Brócoli al vapor 1 taza x1 | Tomate 1 unidad x1,Meneitos Jack's 25 g x1 | Yogurt griego natural Dos Pinos 150 g x1,Pechuga de pollo a la plancha 120 g x1 | Camote cocido 150 g x1 | Ensalada verde 1 taza x1
DanielaL,2026-01-03,Tortilla de maíz 2 unidades x1 | Huevo entero 1 unidad x2 | Queso mozzarella Dos Pinos 30 g x1 | Piña 1 taza x1,Sandía 1 taza x1 | Nueces mixtas 20 g x1 | Papaya 1 taza x1,Pechuga de pollo a la plancha 120 g x1 | Arroz integral cocido 1 taza x1 | Frijoles negros cocidos 1 taza x1 | Ensalada verde 1 taza x1 | Aguacate 1/2 unidad x1,Meneitos Jack's 25 g x1 | Yogurt griego natural Dos Pinos 150 g x1,Omelette de espinaca 1 porción x1 | Aguacate 1/2 unidad x1 | Tomate 1 unidad x1
DanielaL,2026-01-04,Pan cuadrado integral Musmanni 2 rebanadas x1 | Revuelto de huevo con tomate 1 porción x1 | Aguacate 1/2 unidad x1 | Café negro 1 taza x1,Papaya 1 taza x1 | Galleta soda Pozuelo 4 unidades x1 | Manzana mediana x1,Bistec de res 120 g x1 | Papa cocida 150 g x1 | Brócoli al vapor 1 taza x1 | Tomate 1 unidad x1,Papaya 1 taza x1 | Almendras 20 g x1,Ensalada de atún 1 porción x1 | Galleta soda Pozuelo 4 unidades x1
DanielaL,2026-01-05,Yogurt griego natural Dos Pinos 150 g x1 | Granola artesanal 30 g x1 | Fresas 1 taza x1 | Mantequilla de maní 1 cda x1,Manzana mediana x1 | Almendras 20 g x1,Lomo de cerdo a la plancha 120 g x1 | Yuca cocida 150 g x1 | Pico de gallo 1 porción x1 | Ensalada verde 1 taza x1,Meneitos Jack's 25 g x1 | Yogurt griego natural Dos Pinos 150 g x1,Wrap de pollo 1 unidad x1 | Pepino 1 taza x1
DanielaL,2026-01-06,Pan blanco Musmanni 2 rebanadas x1 | Queso fresco Dos Pinos 30 g x1 | Yogurt de fresa Dos Pinos 125 g x1 | Banano mediano x1,Yogurt griego natural Dos Pinos 150 g x1 | Banano mediano x1,Tilapia al horno 120 g x1 | Arroz blanco cocido 1 taza x1 | Vegetales salteados 1 taza x1 | Aguacate 1/2 unidad x1,Meneitos Jack's 25 g x1 | Yogurt griego natural Dos Pinos 150 g x1,Salmón al horno 120 g x1 | Arroz integral cocido 1 taza x1 | Brócoli al vapor 1 taza x1
DanielaL,2026-01-07,Pan blanco Musmanni 2 rebanadas x1 | Queso fresco Dos Pinos 30 g x1 | Yogurt de fresa Dos Pinos 125 g x1 | Banano mediano x1,Sandía 1 taza x1 | Nueces mixtas 20 g x1,Carne molida magra 120 g x1 | Camote cocido 150 g x1 | Brócoli al vapor 1 taza x1,Queso cottage Dos Pinos 1 taza x1 | Piña 1 taza x1,Tilapia al horno 120 g x1 | Papa cocida 150 g x1 | Vegetales salteados 1 taza x1
DanielaL,2026-01-08,Gallo pinto casero 1 taza x1 | Huevo entero 1 unidad x2 | Queso fresco Dos Pinos 30 g x1 | Papaya 1 taza x1,Piña 1 taza x1 | Queso fresco Dos Pinos 30 g x1,Pechuga de pollo a la plancha 120 g x1 | Arroz integral cocido 1 taza x1 | Frijoles negros cocidos 1 taza x1 | Ensalada verde 1 taza x1 | Aguacate 1/2 unidad x1,Queso cottage Dos Pinos 1 taza x1 | Piña 1 taza x1,Tilapia al horno 120 g x1 | Papa cocida 150 g x1 | Vegetales salteados 1 taza x1
DanielaL,2026-01-09,Tortilla de maíz 2 unidades x1 | Huevo entero 1 unidad x2 | Queso mozzarella Dos Pinos 30 g x1 | Piña 1 taza x1,Sandía 1 taza x1 | Nueces mixtas 20 g x1,Carne molida magra 120 g x1 | Camote cocido 150 g x1 | Brócoli al vapor 1 taza x1,Papaya 1 taza x1 | Almendras 20 g x1,Sopa negra 1 taza x1 | Queso fresco Dos Pinos 30 g x1 | Tortilla de maíz 2 unidades x1
DanielaL,2026-01-10,Gallo pinto casero 1 taza x1 | Huevo entero 1 unidad x2 | Queso fresco Dos Pinos 30 g x1 | Papaya 1 taza x1,Piña 1 taza x1 | Queso fresco Dos Pinos 30 g x1,Bistec de res 120 g x1 | Papa cocida 150 g x1 | Brócoli al vapor 1 taza x1 | Tomate 1 unidad x1,Queso cottage Dos Pinos 1 taza x1 | Piña 1 taza x1,Tilapia al horno 120 g x1 | Papa cocida 150 g x1 | Vegetales salteados 1 taza x1
DanielaL,2026-01-11,Yogurt griego natural Dos Pinos 150 g x1 | Granola artesanal 30 g x1 | Fresas 1 taza x1 | Mantequilla de maní 1 cda x1,Papaya 1 taza x1 | Galleta soda Pozuelo 4 unidades x1,Lomo de cerdo a la plancha 120 g x1 | Yuca cocida 150 g x1 | Pico de gallo 1 porción x1 | Ensalada verde 1 taza x1,Meneitos Jack's 25 g x1 | Yogurt griego natural Dos Pinos 150 g x1,Sopa negra 1 taza x1 | Queso fresco Dos Pinos 30 g x1 | Tortilla de maíz 2 unidades x1
DanielaL,2026-01-12,Yogurt griego natural Dos Pinos 150 g x1 | Granola artesanal 30 g x1 | Fresas 1 taza x1 | Mantequilla de maní 1 cda x1,Piña 1 taza x1 | Queso fresco Dos Pinos 30 g x1,Atún en agua Sardimar 1 lata x1 | Pasta integral cocida 1 taza x1 | Ensalada verde 1 taza x1,Batido de proteína 1 porción x1 | Banano mediano x1,Omelette de espinaca 1 porción x1 | Aguacate 1/2 unidad x1 | Tomate 1 unidad x1
DanielaL,2026-01-13,Cereal Chokos Jack's 30 g x1 | Leche más proteína Dos Pinos 250 ml x1 | Manzana mediana x1,Yogurt griego natural Dos Pinos 150 g x1 | Banano mediano x1,Bistec de res 120 g x1 | Papa cocida 150 g x1 | Brócoli al vapor 1 taza x1 | Tomate 1 unidad x1,Barra de cereal Jack's 1 unidad x1 | Manzana mediana x1,Salmón al horno 120 g x1 | Arroz integral cocido 1 taza x1 | Brócoli al vapor 1 taza x1
DanielaL,2026-01-14,Pan blanco Musmanni 2 rebanadas x1 | Queso fresco Dos Pinos 30 g x1 | Yogurt de fresa Dos Pinos 125 g x1 | Banano mediano x1,Sandía 1 taza x1 | Nueces mixtas 20 g x1,Pechuga de pollo a la plancha 120 g x1 | Arroz integral cocido 1 taza x1 | Frijoles negros cocidos 1 taza x1 | Ensalada verde 1 taza x1 | Aguacate 1/2 unidad x1,Papaya 1 taza x1 | Almendras 20 g x1,Salmón al horno 120 g x1 | Arroz integral cocido 1 taza x1 | Brócoli al vapor 1 taza x1
DanielaL,2026-01-15,Gallo pinto casero 1 taza x1 | Huevo entero 1 unidad x2 | Queso fresco Dos Pinos 30 g x1 | Papaya 1 taza x1,Manzana mediana x1 | Almendras 20 g x1,Pechuga de pollo a la plancha 120 g x1 | Arroz integral cocido 1 taza x1 | Frijoles negros cocidos 1 taza x1 | Ensalada verde 1 taza x1 | Aguacate 1/2 unidad x1,Barra de cereal Jack's 1 unidad x1 | Manzana mediana x1,Sopa negra 1 taza x1 | Queso fresco Dos Pinos 30 g x1 | Tortilla de maíz 2 unidades x1
DanielaL,2026-01-16,Avena en hojuelas 40 g x1 | Leche descremada Dos Pinos 250 ml x1 | Banano mediano x1 | Semillas de chía 1 cda x1,Manzana mediana x1 | Almendras 20 g x1,Carne molida magra 120 g x1 | Camote cocido 150 g x1 | Brócoli al vapor 1 taza x1,Barra de cereal Jack's 1 unidad x1 | Manzana mediana x1,Wrap de pollo 1 unidad x1 | Pepino 1 taza x1
DiegoR,2026-01-01,Gallo pinto casero 1 taza x1 | Huevo entero 1 unidad x2 | Queso fresco Dos Pinos 30 g x1 | Papaya 1 taza x1,Sandía 1 taza x1 | Nueces mixtas 20 g x1,Bistec de res 120 g x1 | Papa cocida 150 g x1 | Brócoli al vapor 1 taza x1 | Tomate 1 unidad x1,Batido de proteína 1 porción x1 | Banano mediano x1,Tilapia al horno 120 g x1 | Papa cocida 150 g x1 | Vegetales salteados 1 taza x1
DiegoR,2026-01-02,Pan cuadrado integral Musmanni 2 rebanadas x1 | Revuelto de huevo con tomate 1 porción x1 | Aguacate 1/2 unidad x1 | Café negro 1 taza x1,Barra de cereal Jack's 1 unidad x1 | Leche descremada Dos Pinos 250 ml x1,Casado con pollo 1 plato x1,Papaya 1 taza x1 | Almendras 20 g x1,Salmón al horno 120 g x1 | Arroz integral cocido 1 taza x1 | Brócoli al vapor 1 taza x1
DiegoR,2026-01-03,Gallo pinto casero 1 taza x1 | Huevo entero 1 unidad x2 | Queso fresco Dos Pinos 30 g x1 | Papaya 1 taza x1,Sandía 1 taza x1 | Nueces mixtas 20 g x1,Pechuga de pollo a la plancha 120 g x1 | Arroz integral cocido 1 taza x1 | Frijoles negros cocidos 1 taza x1 | Ensalada verde 1 taza x1 | Aguacate 1/2 unidad x1,Meneitos Jack's 25 g x1 | Yogurt griego natural Dos Pinos 150 g x1,Omelette de espinaca 1 porción x1 | Aguacate 1/2 unidad x1 | Tomate 1 unidad x1
DiegoR,2026-01-04,Tortilla de maíz 2 unidades x1 | Huevo entero 1 unidad x2 | Queso mozzarella Dos Pinos 30 g x1 | Piña 1 taza x1,Manzana mediana x1 | Almendras 20 g x1,Carne molida magra 120 g x1 | Camote cocido 150 g x1 | Brócoli al vapor 1 taza x1,Queso cottage Dos Pinos 1 taza x1 | Piña 1 taza x1,Omelette de espinaca 1 porción x1 | Aguacate 1/2 unidad x1 | Tomate 1 unidad x1
DiegoR,2026-01-05,Gallo pinto casero 1 taza x1 | Huevo entero 1 unidad x2 | Queso fresco Dos Pinos 30 g x1 | Papaya 1 taza x1,Papaya 1 taza x1 | Galleta soda Pozuelo 4 unidades x1 | Manzana mediana x1,Bistec de res 120 g x1 | Papa cocida 150 g x1 | Brócoli al vapor 1 taza x1 | Tomate 1 unidad x1,Meneitos Jack's 25 g x1 | Yogurt griego natural Dos Pinos 150 g x1,Sopa negra 1 taza x1 | Queso fresco Dos Pinos 30 g x1 | Tortilla de maíz 2 unidades x1
DiegoR,2026-01-06,Cereal Chokos Jack's 30 g x1 | Leche más proteína Dos Pinos 250 ml x1 | Manzana mediana x1,Sandía 1 taza x1 | Nueces mixtas 20 g x1,Tilapia al horno 120 g x1 | Arroz blanco cocido 1 taza x1 | Vegetales salteados 1 taza x1 | Aguacate 1/2 unidad x1,Yogurt de fresa Dos Pinos 125 g x1 | Galleta maría Pozuelo 4 unidades x1,Salmón al horno 120 g x1 | Arroz integral cocido 1 taza x1 | Brócoli al vapor 1 taza x1
DiegoR,2026-01-07,Yogurt griego natural Dos Pinos 150 g x1 | Granola artesanal 30 g x1 | Fresas 1 taza x1 | Mantequilla de maní 1 cda x1,Barra de cereal Jack's 1 unidad x1 | Leche descremada Dos Pinos 250 ml x1 | Manzana mediana x1,Carne molida magra 120 g x1 | Camote cocido 150 g x1 | Brócoli al vapor 1 taza x1,Batido de proteína 1 porción x1 | Banano mediano x1,Wrap de pollo 1 unidad x1 | Pepino 1 taza x1
DiegoR,2026-01-08,Pan blanco Musmanni 2 rebanadas x1 | Queso fresco Dos Pinos 30 g x1 | Yogurt de fresa Dos Pinos 125 g x1 | Banano mediano x1,Piña 1 taza x1 | Queso fresco Dos Pinos 30 g x1 | Papaya 1 taza x1,Pechuga de pollo a la plancha 120 g x1 | Arroz integral cocido 1 taza x1 | Frijoles negros cocidos 1 taza x1 | Ensalada verde 1 taza x1 | Aguacate 1/2 unidad x1,Yogurt de fresa Dos Pinos 125 g x1 | Galleta maría Pozuelo 4 unidades x1,Salmón al horno 120 g x1 | Arroz integral cocido 1 taza x1 | Brócoli al vapor 1 taza x1
DiegoR,2026-01-09,Avena en hojuelas 40 g x1 | Leche descremada Dos Pinos 250 ml x1 | Banano mediano x1 | Semillas de chía 1 cda x1,Sandía 1 taza x1 | Nueces mixtas 20 g x1,Bistec de res 120 g x1 | Papa cocida 150 g x1 | Brócoli al vapor 1 taza x1 | Tomate 1 unidad x1,Barra de cereal Jack's 1 unidad x1 | Manzana mediana x1,Omelette de espinaca 1 porción x1 | Aguacate 1/2 unidad x1 | Tomate 1 unidad x1
DiegoR,2026-01-10,Tortilla de maíz 2 unidades x1 | Huevo entero 1 unidad x2 | Queso mozzarella Dos Pinos 30 g x1 | Piña 1 taza x1,Sandía 1 taza x1 | Nueces mixtas 20 g x1,Carne molida magra 120 g x1 | Camote cocido 150 g x1 | Brócoli al vapor 1 taza x1,Meneitos Jack's 25 g x1 | Yogurt griego natural Dos Pinos 150 g x1,Wrap de pollo 1 unidad x1 | Pepino 1 taza x1
DiegoR,2026-01-11,Avena en hojuelas 40 g x1 | Leche descremada Dos Pinos 250 ml x1 | Banano mediano x1 | Semillas de chía 1 cda x1,Papaya 1 taza x1 | Galleta soda Pozuelo 4 unidades x1 | Manzana mediana x1,Bistec de res 120 g x1 | Papa cocida 150 g x1 | Brócoli al vapor 1 taza x1 | Tomate 1 unidad x1,Yogurt de fresa Dos Pinos 125 g x1 | Galleta maría Pozuelo 4 unidades x1,Sopa negra 1 taza x1 | Queso fresco Dos Pinos 30 g x1 | Tortilla de maíz 2 unidades x1
DiegoR,2026-01-12,Yogurt griego natural Dos Pinos 150 g x1 | Granola artesanal 30 g x1 | Fresas 1 taza x1 | Mantequilla de maní 1 cda x1,Piña 1 taza x1 | Queso fresco Dos Pinos 30 g x1 | Papaya 1 taza x1,Carne molida magra 120 g x1 | Camote cocido 150 g x1 | Brócoli al vapor 1 taza x1,Yogurt de fresa Dos Pinos 125 g x1 | Galleta maría Pozuelo 4 unidades x1,Tilapia al horno 120 g x1 | Papa cocida 150 g x1 | Vegetales salteados 1 taza x1
DiegoR,2026-01-13,Yogurt griego natural Dos Pinos 150 g x1 | Granola artesanal 30 g x1 | Fresas 1 taza x1 | Mantequilla de maní 1 cda x1,Piña 1 taza x1 | Queso fresco Dos Pinos 30 g x1,Atún en agua Sardimar 1 lata x1 | Pasta integral cocida 1 taza x1 | Ensalada verde 1 taza x1,Papaya 1 taza x1 | Almendras 20 g x1,Sopa negra 1 taza x1 | Queso fresco Dos Pinos 30 g x1 | Tortilla de maíz 2 unidades x1
DiegoR,2026-01-14,Cereal Chokos Jack's 30 g x1 | Leche más proteína Dos Pinos 250 ml x1 | Manzana mediana x1,Papaya 1 taza x1 | Galleta soda Pozuelo 4 unidades x1,Casado con pollo 1 plato x1,Batido de proteína 1 porción x1 | Banano mediano x1,Pechuga de pollo a la plancha 120 g x1 | Camote cocido 150 g x1 | Ensalada verde 1 taza x1
DiegoR,2026-01-15,Pan cuadrado integral Musmanni 2 rebanadas x1 | Revuelto de huevo con tomate 1 porción x1 | Aguacate 1/2 unidad x1 | Café negro 1 taza x1,Barra de cereal Jack's 1 unidad x1 | Leche descremada Dos Pinos 250 ml x1,Tilapia al horno 120 g x1 | Arroz blanco cocido 1 taza x1 | Vegetales salteados 1 taza x1 | Aguacate 1/2 unidad x1,Meneitos Jack's 25 g x1 | Yogurt griego natural Dos Pinos 150 g x1,Ensalada de atún 1 porción x1 | Galleta soda Pozuelo 4 unidades x1
DiegoR,2026-01-16,Gallo pinto casero 1 taza x1 | Huevo entero 1 unidad x2 | Queso fresco Dos Pinos 30 g x1 | Papaya 1 taza x1,Sandía 1 taza x1 | Nueces mixtas 20 g x1,Atún en agua Sardimar 1 lata x1 | Pasta integral cocida 1 taza x1 | Ensalada verde 1 taza x1,Batido de proteína 1 porción x1 | Banano mediano x1,Ensalada de atún 1 porción x1 | Galleta soda Pozuelo 4 unidades x1
DiegoR,2026-01-17,Yogurt griego natural Dos Pinos 150 g x1 | Granola artesanal 30 g x1 | Fresas 1 taza x1 | Mantequilla de maní 1 cda x1,Sandía 1 taza x1 | Nueces mixtas 20 g x1,Lomo de cerdo a la plancha 120 g x1 | Yuca cocida 150 g x1 | Pico de gallo 1 porción x1 | Ensalada verde 1 taza x1,Batido de proteína 1 porción x1 | Banano mediano x1,Wrap de pollo 1 unidad x1 | Pepino 1 taza x1
DiegoR,2026-01-18,Cereal Chokos Jack's 30 g x1 | Leche más proteína Dos Pinos 250 ml x1 | Manzana mediana x1,Sandía 1 taza x1 | Nueces mixtas 20 g x1,Pechuga de pollo a la plancha 120 g x1 | Arroz integral cocido 1 taza x1 | Frijoles negros cocidos 1 taza x1 | Ensalada verde 1 taza x1 | Aguacate 1/2 unidad x1,Yogurt de fresa Dos Pinos 125 g x1 | Galleta maría Pozuelo 4 unidades x1,Ensalada de atún 1 porción x1 | Galleta soda Pozuelo 4 unidades x1
DiegoR,2026-01-19,Pan blanco Musmanni 2 rebanadas x1 | Queso fresco Dos Pinos 30 g x1 | Yogurt de fresa Dos Pinos 125 g x1 | Banano mediano x1,Papaya 1 taza x1 | Galleta soda Pozuelo 4 unidades x1,Atún en agua Sardimar 1 lata x1 | Pasta integral cocida 1 taza x1 | Ensalada verde 1 taza x1,Queso cottage Dos Pinos 1 taza x1 | Piña 1 taza x1,Omelette de espinaca 1 porción x1 | Aguacate 1/2 unidad x1 | Tomate 1 unidad x1
DiegoR,2026-01-20,Pan cuadrado integral Musmanni 2 rebanadas x1 | Revuelto de huevo con tomate 1 porción x1 | Aguacate 1/2 unidad x1 | Café negro 1 taza x1,Manzana mediana x1 | Almendras 20 g x1,Casado con pollo 1 plato x1,Barra de cereal Jack's 1 unidad x1 | Manzana mediana x1,Wrap de pollo 1 unidad x1 | Pepino 1 taza x1
DiegoR,2026-01-21,Tortilla de maíz 2 unidades x1 | Huevo entero 1 unidad x2 | Queso mozzarella Dos Pinos 30 g x1 | Piña 1 taza x1,Yogurt griego natural Dos Pinos 150 g x1 | Banano mediano x1 | Papaya 1 taza x1,Carne molida magra 120 g x1 | Camote cocido 150 g x1 | Brócoli al vapor 1 taza x1,Batido de proteína 1 porción x1 | Banano mediano x1,Tilapia al horno 120 g x1 | Papa cocida 150 g x1 | Vegetales salteados 1 taza x1
DiegoR,2026-01-22,Cereal Chokos Jack's 30 g x1 | Leche más proteína Dos Pinos 250 ml x1 | Manzana mediana x1,Sandía 1 taza x1 | Nueces mixtas 20 g x1,Bistec de res 120 g x1 | Papa cocida 150 g x1 | Brócoli al vapor 1 taza x1 | Tomate 1 unidad x1,Meneitos Jack's 25 g x1 | Yogurt griego natural Dos Pinos 150 g x1,Pechuga de pollo a la plancha 120 g x1 | Camote cocido 150 g x1 | Ensalada verde 1 taza x1
DiegoR,2026-01-23,Gallo pinto casero 1 taza x1 | Huevo entero 1 unidad x2 | Queso fresco Dos Pinos 30 g x1 | Papaya 1 taza x1,Piña 1 taza x1 | Queso fresco Dos Pinos 30 g x1 | Papaya 1 taza x1,Bistec de res 120 g x1 | Papa cocida 150 g x1 | Brócoli al vapor 1 taza x1 | Tomate 1 unidad x1,Meneitos Jack's 25 g x1 | Yogurt griego natural Dos Pinos 150 g x1,Pechuga de pollo a la plancha 120 g x1 | Camote cocido 150 g x1 | Ensalada verde 1 taza x1
DiegoR,2026-01-24,Pan blanco Musmanni 2 rebanadas x1 | Queso fresco Dos Pinos 30 g x1 | Yogurt de fresa Dos Pinos 125 g x1 | Banano mediano x1,Manzana mediana x1 | Almendras 20 g x1,Pechuga de pollo a la plancha 120 g x1 | Arroz integral cocido 1 taza x1 | Frijoles negros cocidos 1 taza x1 | Ensalada verde 1 taza x1 | Aguacate 1/2 unidad x1,Yogurt de fresa Dos Pinos 125 g x1 | Galleta maría Pozuelo 4 unidades x1,Omelette de espinaca 1 porción x1 | Aguacate 1/2 unidad x1 | Tomate 1 unidad x1
DiegoR,2026-01-25,Gallo pinto casero 1 taza x1 | Huevo entero 1 unidad x2 | Queso fresco Dos Pinos 30 g x1 | Papaya 1 taza x1,Piña 1 taza x1 | Queso fresco Dos Pinos 30 g x1,Lomo de cerdo a la plancha 120 g x1 | Yuca cocida 150 g x1 | Pico de gallo 1 porción x1 | Ensalada verde 1 taza x1,Queso cottage Dos Pinos 1 taza x1 | Piña 1 taza x1,Omelette de espinaca 1 porción x1 | Aguacate 1/2 unidad x1 | Tomate 1 unidad x1
DiegoR,2026-01-26,Cereal Chokos Jack's 30 g x1 | Leche más proteína Dos Pinos 250 ml x1 | Manzana mediana x1,Sandía 1 taza x1 | Nueces mixtas 20 g x1,Bistec de res 120 g x1 | Papa cocida 150 g x1 | Brócoli al vapor 1 taza x1 | Tomate 1 unidad x1,Queso cottage Dos Pinos 1 taza x1 | Piña 1 taza x1,Ensalada de atún 1 porción x1 | Galleta soda Pozuelo 4 unidades x1
DiegoR,2026-01-27,Tortilla de maíz 2 unidades x1 | Huevo entero 1 unidad x2 | Queso mozzarella Dos Pinos 30 g x1 | Piña 1 taza x1,Yogurt griego natural Dos Pinos 150 g x1 | Banano mediano x1,Tilapia al horno 120 g x1 | Arroz blanco cocido 1 taza x1 | Vegetales salteados 1 taza x1 | Aguacate 1/2 unidad x1,Batido de proteína 1 porción x1 | Banano mediano x1,Omelette de espinaca 1 porción x1 | Aguacate 1/2 unidad x1 | Tomate 1 unidad x1
DiegoR,2026-01-28,Avena en hojuelas 40 g x1 | Leche descremada Dos Pinos 250 ml x1 | Banano mediano x1 | Semillas de chía 1 cda x1,Sandía 1 taza x1 | Nueces mixtas 20 g x1 | Manzana mediana x1,Casado con pollo 1 plato x1,Barra de cereal Jack's 1 unidad x1 | Manzana mediana x1,Pechuga de pollo a la plancha 120 g x1 | Camote cocido 150 g x1 | Ensalada verde 1 taza x1
DiegoR,2026-01-29,Yogurt griego natural Dos Pinos 150 g x1 | Granola artesanal 30 g x1 | Fresas 1 taza x1 | Mantequilla de maní 1 cda x1,Barra de cereal Jack's 1 unidad x1 | Leche descremada Dos Pinos 250 ml x1,Pechuga de pollo a la plancha 120 g x1 | Arroz integral cocido 1 taza x1 | Frijoles negros cocidos 1 taza x1 | Ensalada verde 1 taza x1 | Aguacate 1/2 unidad x1,Papaya 1 taza x1 | Almendras 20 g x1,Pechuga de pollo a la plancha 120 g x1 | Camote cocido 150 g x1 | Ensalada verde 1 taza x1
DiegoR,2026-01-30,Pan blanco Musmanni 2 rebanadas x1 | Queso fresco Dos Pinos 30 g x1 | Yogurt de fresa Dos Pinos 125 g x1 | Banano mediano x1,Yogurt griego natural Dos Pinos 150 g x1 | Banano mediano x1,Lomo de cerdo a la plancha 120 g x1 | Yuca cocida 150 g x1 | Pico de gallo 1 porción x1 | Ensalada verde 1 taza x1,Meneitos Jack's 25 g x1 | Yogurt griego natural Dos Pinos 150 g x1,Omelette de espinaca 1 porción x1 | Aguacate 1/2 unidad x1 | Tomate 1 unidad x1
DiegoR,2026-01-31,Avena en hojuelas 40 g x1 | Leche descremada Dos Pinos 250 ml x1 | Banano mediano x1 | Semillas de chía 1 cda x1,Yogurt griego natural Dos Pinos 150 g x1 | Banano mediano x1,Carne molida magra 120 g x1 | Camote cocido 150 g x1 | Brócoli al vapor 1 taza x1,Meneitos Jack's 25 g x1 | Yogurt griego natural Dos Pinos 150 g x1,Ensalada de atún 1 porción x1 | Galleta soda Pozuelo 4 unidades x1
DiegoR,2026-02-01,Cereal Chokos Jack's 30 g x1 | Leche más proteína Dos Pinos 250 ml x1 | Manzana mediana x1,Barra de cereal Jack's 1 unidad x1 | Leche descremada Dos Pinos 250 ml x1,Lomo de cerdo a la plancha 120 g x1 | Yuca cocida 150 g x1 | Pico de gallo 1 porción x1 | Ensalada verde 1 taza x1,Papaya 1 taza x1 | Almendras 20 g x1,Wrap de pollo 1 unidad x1 | Pepino 1 taza x1
DiegoR,2026-02-02,Pan blanco Musmanni 2 rebanadas x1 | Queso fresco Dos Pinos 30 g x1 | Yogurt de fresa Dos Pinos 125 g x1 | Banano mediano x1,Barra de cereal Jack's 1 unidad x1 | Leche descremada Dos Pinos 250 ml x1 | Manzana mediana x1,Pechuga de pollo a la plancha 120 g x1 | Arroz integral cocido 1 taza x1 | Frijoles negros cocidos 1 taza x1 | Ensalada verde 1 taza x1 | Aguacate 1/2 unidad x1,Yogurt de fresa Dos Pinos 125 g x1 | Galleta maría Pozuelo 4 unidades x1,Ensalada de atún 1 porción x1 | Galleta soda Pozuelo 4 unidades x1
DiegoR,2026-02-03,Tortilla de maíz 2 unidades x1 | Huevo entero 1 unidad x2 | Queso mozzarella Dos Pinos 30 g x1 | Piña 1 taza x1,Papaya 1 taza x1 | Galleta soda Pozuelo 4 unidades x1,Atún en agua Sardimar 1 lata x1 | Pasta integral cocida 1 taza x1 | Ensalada verde 1 taza x1,Yogurt de fresa Dos Pinos 125 g x1 | Galleta maría Pozuelo 4 unidades x1,Salmón al horno 120 g x1 | Arroz integral cocido 1 taza x1 | Brócoli al vapor 1 taza x1
DiegoR,2026-02-04,Gallo pinto casero 1 taza x1 | Huevo entero 1 unidad x2 | Queso fresco Dos Pinos 30 g x1 | Papaya 1 taza x1,Manzana mediana x1 | Almendras 20 g x1 | Manzana mediana x1,Carne molida magra 120 g x1 | Camote cocido 150 g x1 | Brócoli al vapor 1 taza x1,Meneitos Jack's 25 g x1 | Yogurt griego natural Dos Pinos 150 g x1,Tilapia al horno 120 g x1 | Papa cocida 150 g x1 | Vegetales salteados 1 taza x1
DiegoR,2026-02-05,Pan blanco Musmanni 2 rebanadas x1 | Queso fresco Dos Pinos 30 g x1 | Yogurt de fresa Dos Pinos 125 g x1 | Banano mediano x1,Barra de cereal Jack's 1 unidad x1 | Leche descremada Dos Pinos 250 ml x1,Tilapia al horno 120 g x1 | Arroz blanco cocido 1 taza x1 | Vegetales salteados 1 taza x1 | Aguacate 1/2 unidad x1,Meneitos Jack's 25 g x1 | Yogurt griego natural Dos Pinos 150 g x1,Ensalada de atún 1 porción x1 | Galleta soda Pozuelo 4 unidades x1
DiegoR,2026-02-06,Gallo pinto casero 1 taza x1 | Huevo entero 1 unidad x2 | Queso fresco Dos Pinos 30 g x1 | Papaya 1 taza x1,Sandía 1 taza x1 | Nueces mixtas 20 g x1,Pechuga de pollo a la plancha 120 g x1 | Arroz integral cocido 1 taza x1 | Frijoles negros cocidos 1 taza x1 | Ensalada verde 1 taza x1 | Aguacate 1/2 unidad x1,Meneitos Jack's 25 g x1 | Yogurt griego natural Dos Pinos 150 g x1,Pechuga de pollo a la plancha 120 g x1 | Camote cocido 150 g x1 | Ensalada verde 1 taza x1
DiegoR,2026-02-07,Cereal Chokos Jack's 30 g x1 | Leche más proteína Dos Pinos 250 ml x1 | Manzana mediana x1,Piña 1 taza x1 | Queso fresco Dos Pinos 30 g x1,Bistec de res 120 g x1 | Papa cocida 150 g x1 | Brócoli al vapor 1 taza x1 | Tomate 1 unidad x1,Queso cottage Dos Pinos 1 taza x1 | Piña 1 taza x1,Wrap de pollo 1 unidad x1 | Pepino 1 taza x1
DiegoR,2026-02-08,Pan cuadrado integral Musmanni 2 rebanadas x1 | Revuelto de huevo con tomate 1 porción x1 | Aguacate 1/2 unidad x1 | Café negro 1 taza x1,Piña 1 taza x1 | Queso fresco Dos Pinos 30 g x1,Casado con pollo 1 plato x1,Batido de proteína 1 porción x1 | Banano mediano x1,Pechuga de pollo a la plancha 120 g x1 | Camote cocido 150 g x1 | Ensalada verde 1 taza x1
DiegoR,2026-02-09,Avena en hojuelas 40 g x1 | Leche descremada Dos Pinos 250 ml x1 | Banano mediano x1 | Semillas de chía 1 cda x1,Yogurt griego natural Dos Pinos 150 g x1 | Banano mediano x1,Carne molida magra 120 g x1 | Camote cocido 150 g x1 | Brócoli al vapor 1 taza x1,Yogurt de fresa Dos Pinos 125 g x1 | Galleta maría Pozuelo 4 unidades x1,Tilapia al horno 120 g x1 | Papa cocida 150 g x1 | Vegetales salteados 1 taza x1
DiegoR,2026-02-10,Tortilla de maíz 2 unidades x1 | Huevo entero 1 unidad x2 | Queso mozzarella Dos Pinos 30 g x1 | Piña 1 taza x1,Yogurt griego natural Dos Pinos 150 g x1 | Banano mediano x1,Lomo de cerdo a la plancha 120 g x1 | Yuca cocida 150 g x1 | Pico de gallo 1 porción x1 | Ensalada verde 1 taza x1,Yogurt de fresa Dos Pinos 125 g x1 | Galleta maría Pozuelo 4 unidades x1,Pechuga de pollo a la plancha 120 g x1 | Camote cocido 150 g x1 | Ensalada verde 1 taza x1
DiegoR,2026-02-11,Gallo pinto casero 1 taza x1 | Huevo entero 1 unidad x2 | Queso fresco Dos Pinos 30 g x1 | Papaya 1 taza x1,Papaya 1 taza x1 | Galleta soda Pozuelo 4 unidades x1,Bistec de res 120 g x1 | Papa cocida 150 g x1 | Brócoli al vapor 1 taza x1 | Tomate 1 unidad x1,Barra de cereal Jack's 1 unidad x1 | Manzana mediana x1,Salmón al horno 120 g x1 | Arroz integral cocido 1 taza x1 | Brócoli al vapor 1 taza x1
DiegoR,2026-02-12,Avena en hojuelas 40 g x1 | Leche descremada Dos Pinos 250 ml x1 | Banano mediano x1 | Semillas de chía 1 cda x1,Papaya 1 taza x1 | Galleta soda Pozuelo 4 unidades x1,Casado con pollo 1 plato x1,Batido de proteína 1 porción x1 | Banano mediano x1,Ensalada de atún 1 porción x1 | Galleta soda Pozuelo 4 unidades x1
DiegoR,2026-02-13,Avena en hojuelas 40 g x1 | Leche descremada Dos Pinos 250 ml x1 | Banano mediano x1 | Semillas de chía 1 cda x1,Piña 1 taza x1 | Queso fresco Dos Pinos 30 g x1 | Papaya 1 taza x1,Carne molida magra 120 g x1 | Camote cocido 150 g x1 | Brócoli al vapor 1 taza x1,Yogurt de fresa Dos Pinos 125 g x1 | Galleta maría Pozuelo 4 unidades x1,Wrap de pollo 1 unidad x1 | Pepino 1 taza x1
DiegoR,2026-02-14,Yogurt griego natural Dos Pinos 150 g x1 | Granola artesanal 30 g x1 | Fresas 1 taza x1 | Mantequilla de maní 1 cda x1,Papaya 1 taza x1 | Galleta soda Pozuelo 4 unidades x1,Lomo de cerdo a la plancha 120 g x1 | Yuca cocida 150 g x1 | Pico de gallo 1 porción x1 | Ensalada verde 1 taza x1,Yogurt de fresa Dos Pinos 125 g x1 | Galleta maría Pozuelo 4 unidades x1,Ensalada de atún 1 porción x1 | Galleta soda Pozuelo 4 unidades x1
DiegoR,2026-02-15,Tortilla de maíz 2 unidades x1 | Huevo entero 1 unidad x2 | Queso mozzarella Dos Pinos 30 g x1 | Piña 1 taza x1,Barra de cereal Jack's 1 unidad x1 | Leche descremada Dos Pinos 250 ml x1,Carne molida magra 120 g x1 | Camote cocido 150 g x1 | Brócoli al vapor 1 taza x1,Papaya 1 taza x1 | Almendras 20 g x1,Omelette de espinaca 1 porción x1 | Aguacate 1/2 unidad x1 | Tomate 1 unidad x1
DiegoR,2026-02-16,Pan blanco Musmanni 2 rebanadas x1 | Queso fresco Dos Pinos 30 g x1 | Yogurt de fresa Dos Pinos 125 g x1 | Banano mediano x1,Papaya 1 taza x1 | Galleta soda Pozuelo 4 unidades x1 | Manzana mediana x1,Pechuga de pollo a la plancha 120 g x1 | Arroz integral cocido 1 taza x1 | Frijoles negros cocidos 1 taza x1 | Ensalada verde 1 taza x1 | Aguacate 1/2 unidad x1,Queso cottage Dos Pinos 1 taza x1 | Piña 1 taza x1,Salmón al horno 120 g x1 | Arroz integral cocido 1 taza x1 | Brócoli al vapor 1 taza x1
DiegoR,2026-02-17,Tortilla de maíz 2 unidades x1 | Huevo entero 1 unidad x2 | Queso mozzarella Dos Pinos 30 g x1 | Piña 1 taza x1,Barra de cereal Jack's 1 unidad x1 | Leche descremada Dos Pinos 250 ml x1,Bistec de res 120 g x1 | Papa cocida 150 g x1 | Brócoli al vapor 1 taza x1 | Tomate 1 unidad x1,Papaya 1 taza x1 | Almendras 20 g x1,Pechuga de pollo a la plancha 120 g x1 | Camote cocido 150 g x1 | Ensalada verde 1 taza x1
DiegoR,2026-02-18,Pan blanco Musmanni 2 rebanadas x1 | Queso fresco Dos Pinos 30 g x1 | Yogurt de fresa Dos Pinos 125 g x1 | Banano mediano x1,Papaya 1 taza x1 | Galleta soda Pozuelo 4 unidades x1,Carne molida magra 120 g x1 | Camote cocido 150 g x1 | Brócoli al vapor 1 taza x1,Yogurt de fresa Dos Pinos 125 g x1 | Galleta maría Pozuelo 4 unidades x1,Wrap de pollo 1 unidad x1 | Pepino 1 taza x1
DiegoR,2026-02-19,Avena en hojuelas 40 g x1 | Leche descremada Dos Pinos 250 ml x1 | Banano mediano x1 | Semillas de chía 1 cda x1,Yogurt griego natural Dos Pinos 150 g x1 | Banano mediano x1,Atún en agua Sardimar 1 lata x1 | Pasta integral cocida 1 taza x1 | Ensalada verde 1 taza x1,Yogurt de fresa Dos Pinos 125 g x1 | Galleta maría Pozuelo 4 unidades x1,Tilapia al horno 120 g x1 | Papa cocida 150 g x1 | Vegetales salteados 1 taza x1
DiegoR,2026-02-20,Pan blanco Musmanni 2 rebanadas x1 | Queso fresco Dos Pinos 30 g x1 | Yogurt de fresa Dos Pinos 125 g x1 | Banano mediano x1,Barra de cereal Jack's 1 unidad x1 | Leche descremada Dos Pinos 250 ml x1,Pechuga de pollo a la plancha 120 g x1 | Arroz integral cocido 1 taza x1 | Frijoles negros cocidos 1 taza x1 | Ensalada verde 1 taza x1 | Aguacate 1/2 unidad x1,Papaya 1 taza x1 | Almendras 20 g x1,Ensalada de atún 1 porción x1 | Galleta soda Pozuelo 4 unidades x1
DiegoR,2026-02-21,Avena en hojuelas 40 g x1 | Leche descremada Dos Pinos 250 ml x1 | Banano mediano x1 | Semillas de chía 1 cda x1,Papaya 1 taza x1 | Galleta soda Pozuelo 4 unidades x1,Carne molida magra 120 g x1 | Camote cocido 150 g x1 | Brócoli al vapor 1 taza x1,Papaya 1 taza x1 | Almendras 20 g x1,Sopa negra 1 taza x1 | Queso fresco Dos Pinos 30 g x1 | Tortilla de maíz 2 unidades x1
DiegoR,2026-02-22,Pan blanco Musmanni 2 rebanadas x1 | Queso fresco Dos Pinos 30 g x1 | Yogurt de fresa Dos Pinos 125 g x1 | Banano mediano x1,Piña 1 taza x1 | Queso fresco Dos Pinos 30 g x1,Casado con pollo 1 plato x1,Papaya 1 taza x1 | Almendras 20 g x1,Tilapia al horno 120 g x1 | Papa cocida 150 g x1 | Vegetales salteados 1 taza x1
DiegoR,2026-02-23,Avena en hojuelas 40 g x1 | Leche descremada Dos Pinos 250 ml x1 | Banano mediano x1 | Semillas de chía 1 cda x1,Piña 1 taza x1 | Queso fresco Dos Pinos 30 g x1,Pechuga de pollo a la plancha 120 g x1 | Arroz integral cocido 1 taza x1 | Frijoles negros cocidos 1 taza x1 | Ensalada verde 1 taza x1 | Aguacate 1/2 unidad x1,Yogurt de fresa Dos Pinos 125 g x1 | Galleta maría Pozuelo 4 unidades x1,Ensalada de atún 1 porción x1 | Galleta soda Pozuelo 4 unidades x1
DiegoR,2026-02-24,Yogurt griego natural Dos Pinos 150 g x1 | Granola artesanal 30 g x1 | Fresas 1 taza x1 | Mantequilla de maní 1 cda x1,Sandía 1 taza x1 | Nueces mixtas 20 g x1 | Papaya 1 taza x1,Tilapia al horno 120 g x1 | Arroz blanco cocido 1 taza x1 | Vegetales salteados 1 taza x1 | Aguacate 1/2 unidad x1,Barra de cereal Jack's 1 unidad x1 | Manzana mediana x1,Wrap de pollo 1 unidad x1 | Pepino 1 taza x1
DiegoR,2026-02-25,Pan cuadrado integral Musmanni 2 rebanadas x1 | Revuelto de huevo con tomate 1 porción x1 | Aguacate 1/2 unidad x1 | Café negro 1 taza x1,Yogurt griego natural Dos Pinos 150 g x1 | Banano mediano x1,Atún en agua Sardimar 1 lata x1 | Pasta integral cocida 1 taza x1 | Ensalada verde 1 taza x1,Barra de cereal Jack's 1 unidad x1 | Manzana mediana x1,Tilapia al horno 120 g x1 | Papa cocida 150 g x1 | Vegetales salteados 1 taza x1
DiegoR,2026-02-26,Gallo pinto casero 1 taza x1 | Huevo entero 1 unidad x2 | Queso fresco Dos Pinos 30 g x1 | Papaya 1 taza x1,Manzana mediana x1 | Almendras 20 g x1,Tilapia al horno 120 g x1 | Arroz blanco cocido 1 taza x1 | Vegetales salteados 1 taza x1 | Aguacate 1/2 unidad x1,Queso cottage Dos Pinos 1 taza x1 | Piña 1 taza x1,Wrap de pollo 1 unidad x1 | Pepino 1 taza x1
DiegoR,2026-02-27,Tortilla de maíz 2 unidades x1 | Huevo entero 1 unidad x2 | Queso mozzarella Dos Pinos 30 g x1 | Piña 1 taza x1,Yogurt griego natural Dos Pinos 150 g x1 | Banano mediano x1,Carne molida magra 120 g x1 | Camote cocido 150 g x1 | Brócoli al vapor 1 taza x1,Barra de cereal Jack's 1 unidad x1 | Manzana mediana x1,Ensalada de atún 1 porción x1 | Galleta soda Pozuelo 4 unidades x1
DiegoR,2026-02-28,Tortilla de maíz 2 unidades x1 | Huevo entero 1 unidad x2 | Queso mozzarella Dos Pinos 30 g x1 | Piña 1 taza x1,Sandía 1 taza x1 | Nueces mixtas 20 g x1,Lomo de cerdo a la plancha 120 g x1 | Yuca cocida 150 g x1 | Pico de gallo 1 porción x1 | Ensalada verde 1 taza x1,Barra de cereal Jack's 1 unidad x1 | Manzana mediana x1,Sopa negra 1 taza x1 | Queso fresco Dos Pinos 30 g x1 | Tortilla de maíz 2 unidades x1
DiegoR,2026-03-01,Avena en hojuelas 40 g x1 | Leche descremada Dos Pinos 250 ml x1 | Banano mediano x1 | Semillas de chía 1 cda x1,Piña 1 taza x1 | Queso fresco Dos Pinos 30 g x1 | Papaya 1 taza x1,Tilapia al horno 120 g x1 | Arroz blanco cocido 1 taza x1 | Vegetales salteados 1 taza x1 | Aguacate 1/2 unidad x1,Queso cottage Dos Pinos 1 taza x1 | Piña 1 taza x1,Pechuga de pollo a la plancha 120 g x1 | Camote cocido 150 g x1 | Ensalada verde 1 taza x1
DiegoR,2026-03-02,Avena en hojuelas 40 g x1 | Leche descremada Dos Pinos 250 ml x1 | Banano mediano x1 | Semillas de chía 1 cda x1,Barra de cereal Jack's 1 unidad x1 | Leche descremada Dos Pinos 250 ml x1,Casado con pollo 1 plato x1,Queso cottage Dos Pinos 1 taza x1 | Piña 1 taza x1,Wrap de pollo 1 unidad x1 | Pepino 1 taza x1
DiegoR,2026-03-03,Gallo pinto casero 1 taza x1 | Huevo entero 1 unidad x2 | Queso fresco Dos Pinos 30 g x1 | Papaya 1 taza x1,Piña 1 taza x1 | Queso fresco Dos Pinos 30 g x1,Pechuga de pollo a la plancha 120 g x1 | Arroz integral cocido 1 taza x1 | Frijoles negros cocidos 1 taza x1 | Ensalada verde 1 taza x1 | Aguacate 1/2 unidad x1,Papaya 1 taza x1 | Almendras 20 g x1,Wrap de pollo 1 unidad x1 | Pepino 1 taza x1
DiegoR,2026-03-04,Avena en hojuelas 40 g x1 | Leche descremada Dos Pinos 250 ml x1 | Banano mediano x1 | Semillas de chía 1 cda x1,Yogurt griego natural Dos Pinos 150 g x1 | Banano mediano x1,Atún en agua Sardimar 1 lata x1 | Pasta integral cocida 1 taza x1 | Ensalada verde 1 taza x1,Yogurt de fresa Dos Pinos 125 g x1 | Galleta maría Pozuelo 4 unidades x1,Tilapia al horno 120 g x1 | Papa cocida 150 g x1 | Vegetales salteados 1 taza x1
DiegoR,2026-03-05,Yogurt griego natural Dos Pinos 150 g x1 | Granola artesanal 30 g x1 | Fresas 1 taza x1 | Mantequilla de maní 1 cda x1,Piña 1 taza x1 | Queso fresco Dos Pinos 30 g x1,Bistec de res 120 g x1 | Papa cocida 150 g x1 | Brócoli al vapor 1 taza x1 | Tomate 1 unidad x1,Queso cottage Dos Pinos 1 taza x1 | Piña 1 taza x1,Ensalada de atún 1 porción x1 | Galleta soda Pozuelo 4 unidades x1
DiegoR,2026-03-06,Cereal Chokos Jack's 30 g x1 | Leche más proteína Dos Pinos 250 ml x1 | Manzana mediana x1,Yogurt griego natural Dos Pinos 150 g x1 | Banano mediano x1,Carne molida magra 120 g x1 | Camote cocido 150 g x1 | Brócoli al vapor 1 taza x1,Yogurt de fresa Dos Pinos 125 g x1 | Galleta maría Pozuelo 4 unidades x1,Tilapia al horno 120 g x1 | Papa cocida 150 g x1 | Vegetales salteados 1 taza x1
DiegoR,2026-03-07,Avena en hojuelas 40 g x1 | Leche descremada Dos Pinos 250 ml x1 | Banano mediano x1 | Semillas de chía 1 cda x1,Piña 1 taza x1 | Queso fresco Dos Pinos 30 g x1,Carne molida magra 120 g x1 | Camote cocido 150 g x1 | Brócoli al vapor 1 taza x1,Barra de cereal Jack's 1 unidad x1 | Manzana mediana x1,Tilapia al horno 120 g x1 | Papa cocida 150 g x1 | Vegetales salteados 1 taza x1
DiegoR,2026-03-08,Gallo pinto casero 1 taza x1 | Huevo entero 1 unidad x2 | Queso fresco Dos Pinos 30 g x1 | Papaya 1 taza x1,Barra de cereal Jack's 1 unidad x1 | Leche descremada Dos Pinos 250 ml x1 | Manzana mediana x1,Tilapia al horno 120 g x1 | Arroz blanco cocido 1 taza x1 | Vegetales salteados 1 taza x1 | Aguacate 1/2 unidad x1,Meneitos Jack's 25 g x1 | Yogurt griego natural Dos Pinos 150 g x1,Tilapia al horno 120 g x1 | Papa cocida 150 g x1 | Vegetales salteados 1 taza x1
DiegoR,2026-03-09,Pan cuadrado integral Musmanni 2 rebanadas x1 | Revuelto de huevo con tomate 1 porción x1 | Aguacate 1/2 unidad x1 | Café negro 1 taza x1,Manzana mediana x1 | Almendras 20 g x1,Bistec de res 120 g x1 | Papa cocida 150 g x1 | Brócoli al vapor 1 taza x1 | Tomate 1 unidad x1,Queso cottage Dos Pinos 1 taza x1 | Piña 1 taza x1,Sopa negra 1 taza x1 | Queso fresco Dos Pinos 30 g x1 | Tortilla de maíz 2 unidades x1
DiegoR,2026-03-10,Avena en hojuelas 40 g x1 | Leche descremada Dos Pinos 250 ml x1 | Banano mediano x1 | Semillas de chía 1 cda x1,Yogurt griego natural Dos Pinos 150 g x1 | Banano mediano x1 | Manzana mediana x1,Atún en agua Sardimar 1 lata x1 | Pasta integral cocida 1 taza x1 | Ensalada verde 1 taza x1,Papaya 1 taza x1 | Almendras 20 g x1,Omelette de espinaca 1 porción x1 | Aguacate 1/2 unidad x1 | Tomate 1 unidad x1
DiegoR,2026-03-11,Avena en hojuelas 40 g x1 | Leche descremada Dos Pinos 250 ml x1 | Banano mediano x1 | Semillas de chía 1 cda x1,Piña 1 taza x1 | Queso fresco Dos Pinos 30 g x1 | Papaya 1 taza x1,Tilapia al horno 120 g x1 | Arroz blanco cocido 1 taza x1 | Vegetales salteados 1 taza x1 | Aguacate 1/2 unidad x1,Meneitos Jack's 25 g x1 | Yogurt griego natural Dos Pinos 150 g x1,Tilapia al horno 120 g x1 | Papa cocida 150 g x1 | Vegetales salteados 1 taza x1
DiegoR,2026-03-12,Yogurt griego natural Dos Pinos 150 g x1 | Granola artesanal 30 g x1 | Fresas 1 taza x1 | Mantequilla de maní 1 cda x1,Manzana mediana x1 | Almendras 20 g x1,Carne molida magra 120 g x1 | Camote cocido 150 g x1 | Brócoli al vapor 1 taza x1,Barra de cereal Jack's 1 unidad x1 | Manzana mediana x1,Pechuga de pollo a la plancha 120 g x1 | Camote cocido 150 g x1 | Ensalada verde 1 taza x1
DiegoR,2026-03-13,Cereal Chokos Jack's 30 g x1 | Leche más proteína Dos Pinos 250 ml x1 | Manzana mediana x1,Barra de cereal Jack's 1 unidad x1 | Leche descremada Dos Pinos 250 ml x1,Casado con pollo 1 plato x1,Yogurt de fresa Dos Pinos 125 g x1 | Galleta maría Pozuelo 4 unidades x1,Pechuga de pollo a la plancha 120 g x1 | Camote cocido 150 g x1 | Ensalada verde 1 taza x1
DiegoR,2026-03-14,Gallo pinto casero 1 taza x1 | Huevo entero 1 unidad x2 | Queso fresco Dos Pinos 30 g x1 | Papaya 1 taza x1,Piña 1 taza x1 | Queso fresco Dos Pinos 30 g x1,Casado con pollo 1 plato x1,Barra de cereal Jack's 1 unidad x1 | Manzana mediana x1,Pechuga de pollo a la plancha 120 g x1 | Camote cocido 150 g x1 | Ensalada verde 1 taza x1
DiegoR,2026-03-15,Pan cuadrado integral Musmanni 2 rebanadas x1 | Revuelto de huevo con tomate 1 porción x1 | Aguacate 1/2 unidad x1 | Café negro 1 taza x1,Sandía 1 taza x1 | Nueces mixtas 20 g x1,Casado con pollo 1 plato x1,Yogurt de fresa Dos Pinos 125 g x1 | Galleta maría Pozuelo 4 unidades x1,Salmón al horno 120 g x1 | Arroz integral cocido 1 taza x1 | Brócoli al vapor 1 taza x1
DiegoR,2026-03-16,Gallo pinto casero 1 taza x1 | Huevo entero 1 unidad x2 | Queso fresco Dos Pinos 30 g x1 | Papaya 1 taza x1,Sandía 1 taza x1 | Nueces mixtas 20 g x1 | Papaya 1 taza x1,Casado con pollo 1 plato x1,Meneitos Jack's 25 g x1 | Yogurt griego natural Dos Pinos 150 g x1,Sopa negra 1 taza x1 | Queso fresco Dos Pinos 30 g x1 | Tortilla de maíz 2 unidades x1
DiegoR,2026-03-17,Gallo pinto casero 1 taza x1 | Huevo entero 1 unidad x2 | Queso fresco Dos Pinos 30 g x1 | Papaya 1 taza x1,Sandía 1 taza x1 | Nueces mixtas 20 g x1,Atún en agua Sardimar 1 lata x1 | Pasta integral cocida 1 taza x1 | Ensalada verde 1 taza x1,Queso cottage Dos Pinos 1 taza x1 | Piña 1 taza x1,Salmón al horno 120 g x1 | Arroz integral cocido 1 taza x1 | Brócoli al vapor 1 taza x1
DiegoR,2026-03-18,Gallo pinto casero 1 taza x1 | Huevo entero 1 unidad x2 | Queso fresco Dos Pinos 30 g x1 | Papaya 1 taza x1,Piña 1 taza x1 | Queso fresco Dos Pinos 30 g x1,Bistec de res 120 g x1 | Papa cocida 150 g x1 | Brócoli al vapor 1 taza x1 | Tomate 1 unidad x1,Batido de proteína 1 porción x1 | Banano mediano x1,Ensalada de atún 1 porción x1 | Galleta soda Pozuelo 4 unidades x1
DiegoR,2026-03-19,Pan blanco Musmanni 2 rebanadas x1 | Queso fresco Dos Pinos 30 g x1 | Yogurt de fresa Dos Pinos 125 g x1 | Banano mediano x1,Piña 1 taza x1 | Queso fresco Dos Pinos 30 g x1 | Manzana mediana x1,Atún en agua Sardimar 1 lata x1 | Pasta integral cocida 1 taza x1 | Ensalada verde 1 taza x1,Papaya 1 taza x1 | Almendras 20 g x1,Tilapia al horno 120 g x1 | Papa cocida 150 g x1 | Vegetales salteados 1 taza x1
EstebanN,2026-01-01,Revuelto de huevo con tomate 1 porción x1 | Queso mozzarella Dos Pinos 30 g x1 | Aguacate 1/2 unidad x1,Almendras 20 g x1 | Queso fresco Dos Pinos 30 g x1,Bistec de res 120 g x1 | Vegetales salteados 1 taza x1 | Aguacate 1/2 unidad x1,Queso cottage Dos Pinos 1 taza x1,Pechuga de pollo a la plancha 120 g x1 | Brócoli al vapor 1 taza x1 | Queso mozzarella Dos Pinos 30 g x1
EstebanN,2026-01-02,Omelette de espinaca 1 porción x1 | Natilla liviana Dos Pinos 1 cda x1 | Café negro 1 taza x1,Nueces mixtas 20 g x1,Lomo de cerdo a la plancha 120 g x1 | Brócoli al vapor 1 taza x1 | Queso fresco Dos Pinos 30 g x1,Queso fresco Dos Pinos 30 g x1 | Pepino 1 taza x1,Omelette de espinaca 1 porción x1 | Tomate 1 unidad x1 | Aguacate 1/2 unidad x1
EstebanN,2026-01-03,Omelette de espinaca 1 porción x1 | Natilla liviana Dos Pinos 1 cda x1 | Café negro 1 taza x1,Yogurt griego natural Dos Pinos 150 g x1 | Pepino 1 taza x1,Lomo de cerdo a la plancha 120 g x1 | Brócoli al vapor 1 taza x1 | Queso fresco Dos Pinos 30 g x1,Nueces mixtas 20 g x1,Salmón al horno 120 g x1 | Zucchini salteado 1 taza x1
EstebanN,2026-01-04,Yogurt griego natural Dos Pinos 150 g x1 | Almendras 20 g x1 | Fresas 1 taza x1,Aguacate 1/2 unidad x1 | Pepino 1 taza x1,Pechuga de pollo a la plancha 120 g x1 | Ensalada verde 1 taza x1 | Aguacate 1/2 unidad x1 | Queso mozzarella Dos Pinos 30 g x1,Nueces mixtas 20 g x1,Ensalada de atún 1 porción x1 | Pepino 1 taza x1
EstebanN,2026-01-05,Revuelto de huevo con tomate 1 porción x1 | Queso mozzarella Dos Pinos 30 g x1 | Aguacate 1/2 unidad x1,Almendras 20 g x1 | Queso fresco Dos Pinos 30 g x1,Salmón al horno 120 g x1 | Brócoli al vapor 1 taza x1 | Zucchini salteado 1 taza x1,Almendras 20 g x1 | Yogurt griego natural Dos Pinos 150 g x1,Tilapia al horno 120 g x1 | Ensalada verde 1 taza x1 | Aguacate 1/2 unidad x1
EstebanN,2026-01-06,Yogurt griego natural Dos Pinos 150 g x1 | Almendras 20 g x1 | Fresas 1 taza x1,Aguacate 1/2 unidad x1 | Pepino 1 taza x1,Bistec de res 120 g x1 | Vegetales salteados 1 taza x1 | Aguacate 1/2 unidad x1,Almendras 20 g x1 | Yogurt griego natural Dos Pinos 150 g x1,Ensalada de atún 1 porción x1 | Pepino 1 taza x1
EstebanN,2026-01-07,Omelette de espinaca 1 porción x1 | Natilla liviana Dos Pinos 1 cda x1 | Café negro 1 taza x1,Almendras 20 g x1 | Queso fresco Dos Pinos 30 g x1,Atún en agua Sardimar 1 lata x1 | Ensalada verde 1 taza x1 | Tomate 1 unidad x1 | Aguacate 1/2 unidad x1,Almendras 20 g x1 | Yogurt griego natural Dos Pinos 150 g x1,Salmón al horno 120 g x1 | Zucchini salteado 1 taza x1
EstebanN,2026-01-08,Claras de huevo 3 unidades x1 | Huevo entero 1 unidad x1 | Queso cottage Dos Pinos 1 taza x1,Almendras 20 g x1 | Queso fresco Dos Pinos 30 g x1,Salmón al horno 120 g x1 | Brócoli al vapor 1 taza x1 | Zucchini salteado 1 taza x1,Queso fresco Dos Pinos 30 g x1 | Pepino 1 taza x1,Tilapia al horno 120 g x1 | Ensalada verde 1 taza x1 | Aguacate 1/2 unidad x1
EstebanN,2026-01-09,Yogurt griego natural Dos Pinos 150 g x1 | Almendras 20 g x1 | Fresas 1 taza x1,Aguacate 1/2 unidad x1 | Pepino 1 taza x1,Atún en agua Sardimar 1 lata x1 | Ensalada verde 1 taza x1 | Tomate 1 unidad x1 | Aguacate 1/2 unidad x1,Queso fresco Dos Pinos 30 g x1 | Pepino 1 taza x1,Pechuga de pollo a la plancha 120 g x1 | Brócoli al vapor 1 taza x1 | Queso mozzarella Dos Pinos 30 g x1
EstebanN,2026-01-10,Revuelto de huevo con tomate 1 porción x1 | Queso mozzarella Dos Pinos 30 g x1 | Aguacate 1/2 unidad x1,Aguacate 1/2 unidad x1 | Pepino 1 taza x1,Pechuga de pollo a la plancha 120 g x1 | Ensalada verde 1 taza x1 | Aguacate 1/2 unidad x1 | Queso mozzarella Dos Pinos 30 g x1,Almendras 20 g x1 | Yogurt griego natural Dos Pinos 150 g x1,Omelette de espinaca 1 porción x1 | Tomate 1 unidad x1 | Aguacate 1/2 unidad x1
EstebanN,2026-01-11,Claras de huevo 3 unidades x1 | Huevo entero 1 unidad x1 | Queso cottage Dos Pinos 1 taza x1,Almendras 20 g x1 | Queso fresco Dos Pinos 30 g x1,Pechuga de pollo a la plancha 120 g x1 | Ensalada verde 1 taza x1 | Aguacate 1/2 unidad x1 | Queso mozzarella Dos Pinos 30 g x1,Queso fresco Dos Pinos 30 g x1 | Pepino 1 taza x1,Pechuga de pollo a la plancha 120 g x1 | Brócoli al vapor 1 taza x1 | Queso mozzarella Dos Pinos 30 g x1
EstebanN,2026-01-12,Huevo entero 1 unidad x2 | Queso fresco Dos Pinos 30 g x1 | Aguacate 1/2 unidad x1 | Café negro 1 taza x1,Yogurt griego natural Dos Pinos 150 g x1,Pechuga de pollo a la plancha 120 g x1 | Ensalada verde 1 taza x1 | Aguacate 1/2 unidad x1 | Queso mozzarella Dos Pinos 30 g x1,Queso cottage Dos Pinos 1 taza x1,Omelette de espinaca 1 porción x1 | Tomate 1 unidad x1 | Aguacate 1/2 unidad x1
EstebanN,2026-01-13,Claras de huevo 3 unidades x1 | Huevo entero 1 unidad x1 | Queso cottage Dos Pinos 1 taza x1,Yogurt griego natural Dos Pinos 150 g x1,Bistec de res 120 g x1 | Vegetales salteados 1 taza x1 | Aguacate 1/2 unidad x1,Queso fresco Dos Pinos 30 g x1 | Pepino 1 taza x1,Ensalada de atún 1 porción x1 | Pepino 1 taza x1
EstebanN,2026-01-14,Yogurt griego natural Dos Pinos 150 g x1 | Almendras 20 g x1 | Fresas 1 taza x1,Nueces mixtas 20 g x1,Lomo de cerdo a la plancha 120 g x1 | Brócoli al vapor 1 taza x1 | Queso fresco Dos Pinos 30 g x1,Almendras 20 g x1 | Yogurt griego natural Dos Pinos 150 g x1,Omelette de espinaca 1 porción x1 | Tomate 1 unidad x1 | Aguacate 1/2 unidad x1
EstebanN,2026-01-15,Huevo entero 1 unidad x2 | Queso fresco Dos Pinos 30 g x1 | Aguacate 1/2 unidad x1 | Café negro 1 taza x1,Almendras 20 g x1 | Queso fresco Dos Pinos 30 g x1,Pechuga de pollo a la plancha 120 g x1 | Ensalada verde 1 taza x1 | Aguacate 1/2 unidad x1 | Queso mozzarella Dos Pinos 30 g x1,Queso cottage Dos Pinos 1 taza x1,Tilapia al horno 120 g x1 | Ensalada verde 1 taza x1 | Aguacate 1/2 unidad x1
EstebanN,2026-01-16,Yogurt griego natural Dos Pinos 150 g x1 | Almendras 20 g x1 | Fresas 1 taza x1,Almendras 20 g x1 | Queso fresco Dos Pinos 30 g x1,Bistec de res 120 g x1 | Vegetales salteados 1 taza x1 | Aguacate 1/2 unidad x1,Queso cottage Dos Pinos 1 taza x1,Tilapia al horno 120 g x1 | Ensalada verde 1 taza x1 | Aguacate 1/2 unidad x1
EstebanN,2026-01-17,Yogurt griego natural Dos Pinos 150 g x1 | Almendras 20 g x1 | Fresas 1 taza x1,Yogurt griego natural Dos Pinos 150 g x1 | Pepino 1 taza x1,Lomo de cerdo a la plancha 120 g x1 | Brócoli al vapor 1 taza x1 | Queso fresco Dos Pinos 30 g x1,Queso cottage Dos Pinos 1 taza x1 | Pepino 1 taza x1,Salmón al horno 120 g x1 | Zucchini salteado 1 taza x1
EstebanN,2026-01-18,Omelette de espinaca 1 porción x1 | Natilla liviana Dos Pinos 1 cda x1 | Café negro 1 taza x1,Yogurt griego natural Dos Pinos 150 g x1,Salmón al horno 120 g x1 | Brócoli al vapor 1 taza x1 | Zucchini salteado 1 taza x1,Almendras 20 g x1 | Yogurt griego natural Dos Pinos 150 g x1,Pechuga de pollo a la plancha 120 g x1 | Brócoli al vapor 1 taza x1 | Queso mozzarella Dos Pinos 30 g x1
EstebanN,2026-01-19,Huevo entero 1 unidad x2 | Queso fresco Dos Pinos 30 g x1 | Aguacate 1/2 unidad x1 | Café negro 1 taza x1,Nueces mixtas 20 g x1,Bistec de res 120 g x1 | Vegetales salteados 1 taza x1 | Aguacate 1/2 unidad x1,Nueces mixtas 20 g x1 | Pepino 1 taza x1,Tilapia al horno 120 g x1 | Ensalada verde 1 taza x1 | Aguacate 1/2 unidad x1
EstebanN,2026-01-20,Claras de huevo 3 unidades x1 | Huevo entero 1 unidad x1 | Queso cottage Dos Pinos 1 taza x1,Yogurt griego natural Dos Pinos 150 g x1 | Pepino 1 taza x1,Salmón al horno 120 g x1 | Brócoli al vapor 1 taza x1 | Zucchini salteado 1 taza x1,Queso cottage Dos Pinos 1 taza x1,Tilapia al horno 120 g x1 | Ensalada verde 1 taza x1 | Aguacate 1/2 unidad x1
EstebanN,2026-01-21,Omelette de espinaca 1 porción x1 | Natilla liviana Dos Pinos 1 cda x1 | Café negro 1 taza x1,Aguacate 1/2 unidad x1 | Pepino 1 taza x1,Atún en agua Sardimar 1 lata x1 | Ensalada verde 1 taza x1 | Tomate 1 unidad x1 | Aguacate 1/2 unidad x1,Queso fresco Dos Pinos 30 g x1 | Pepino 1 taza x1,Tilapia al horno 120 g x1 | Ensalada verde 1 taza x1 | Aguacate 1/2 unidad x1
EstebanN,2026-01-22,Yogurt griego natural Dos Pinos 150 g x1 | Almendras 20 g x1 | Fresas 1 taza x1,Yogurt griego natural Dos Pinos 150 g x1,Salmón al horno 120 g x1 | Brócoli al vapor 1 taza x1 | Zucchini salteado 1 taza x1,Queso fresco Dos Pinos 30 g x1 | Pepino 1 taza x1,Pechuga de pollo a la plancha 120 g x1 | Brócoli al vapor 1 taza x1 | Queso mozzarella Dos Pinos 30 g x1
EstebanN,2026-01-23,Omelette de espinaca 1 porción x1 | Natilla liviana Dos Pinos 1 cda x1 | Café negro 1 taza x1,Nueces mixtas 20 g x1,Bistec de res 120 g x1 | Vegetales salteados 1 taza x1 | Aguacate 1/2 unidad x1,Almendras 20 g x1 | Yogurt griego natural Dos Pinos 150 g x1,Tilapia al horno 120 g x1 | Ensalada verde 1 taza x1 | Aguacate 1/2 unidad x1
EstebanN,2026-01-24,Claras de huevo 3 unidades x1 | Huevo entero 1 unidad x1 | Queso cottage Dos Pinos 1 taza x1,Almendras 20 g x1 | Queso fresco Dos Pinos 30 g x1,Atún en agua Sardimar 1 lata x1 | Ensalada verde 1 taza x1 | Tomate 1 unidad x1 | Aguacate 1/2 unidad x1,Almendras 20 g x1 | Yogurt griego natural Dos Pinos 150 g x1,Ensalada de atún 1 porción x1 | Pepino 1 taza x1
FernandaS,2026-01-01,Bagel integral Musmanni 1 unidad x1 | Queso cottage Dos Pinos 1 taza x1 | Fresas 1 taza x1,Barra de cereal Jack's 1 unidad x1 | Papaya 1 taza x1,Casado vegetariano 1 plato x1,Queso cottage Dos Pinos 1 taza x1 | Piña 1 taza x1,Wrap vegetariano 1 unidad x1 | Pepino 1 taza x1
FernandaS,2026-01-02,Cereal Poffis Jack's 30 g x1 | Leche descremada Dos Pinos 250 ml x1 | Manzana mediana x1,Barra de cereal Jack's 1 unidad x1 | Papaya 1 taza x1,Lentejas cocidas 1 taza x1 | Arroz blanco cocido 1 taza x1 | Brócoli al vapor 1 taza x1 | Tomate 1 unidad x1,Papaya 1 taza x1 | Almendras 20 g x1,Tofu firme 100 g x1 | Vegetales salteados 1 taza x1 | Aguacate 1/2 unidad x1
FernandaS,2026-01-03,Pan cuadrado integral Musmanni 2 rebanadas x1 | Omelette de espinaca 1 porción x1 | Aguacate 1/2 unidad x1,Yogurt de fresa Dos Pinos 125 g x1 | Banano mediano x1,Omelette de espinaca 1 porción x1 | Papa cocida 150 g x1 | Ensalada verde 1 taza x1,Galleta maría Pozuelo 4 unidades x1 | Leche descremada Dos Pinos 250 ml x1,Wrap vegetariano 1 unidad x1 | Pepino 1 taza x1
FernandaS,2026-01-04,Avena en hojuelas 40 g x1 | Leche descremada Dos Pinos 250 ml x1 | Banano mediano x1 | Semillas de chía 1 cda x1,Barra de cereal Jack's 1 unidad x1 | Papaya 1 taza x1,Lentejas cocidas 1 taza x1 | Arroz blanco cocido 1 taza x1 | Brócoli al vapor 1 taza x1 | Tomate 1 unidad x1,Queso cottage Dos Pinos 1 taza x1 | Piña 1 taza x1,Omelette de espinaca 1 porción x1 | Tomate 1 unidad x1 | Aguacate 1/2 unidad x1
FernandaS,2026-01-05,Pan cuadrado integral Musmanni 2 rebanadas x1 | Omelette de espinaca 1 porción x1 | Aguacate 1/2 unidad x1,Sandía 1 taza x1 | Nueces mixtas 20 g x1,Lentejas cocidas 1 taza x1 | Arroz blanco cocido 1 taza x1 | Brócoli al vapor 1 taza x1 | Tomate 1 unidad x1,Barra de cereal Jack's 1 unidad x1 | Manzana mediana x1,Lentejas cocidas 1 taza x1 | Ensalada verde 1 taza x1 | Bagel integral Musmanni 1 unidad x1
FernandaS,2026-01-06,Tortilla de maíz 2 unidades x1 | Queso fresco Dos Pinos 30 g x1 | Tomate 1 unidad x1 | Piña 1 taza x1,Yogurt de fresa Dos Pinos 125 g x1 | Banano mediano x1,Garbanzos cocidos 1 taza x1 | Camote cocido 150 g x1 | Vegetales salteados 1 taza x1,Queso cottage Dos Pinos 1 taza x1 | Piña 1 taza x1,Ensalada de garbanzos 1 porción x1 | Galleta soda Pozuelo 4 unidades x1
FernandaS,2026-01-07,Cereal Poffis Jack's 30 g x1 | Leche descremada Dos Pinos 250 ml x1 | Manzana mediana x1,Yogurt de fresa Dos Pinos 125 g x1 | Banano mediano x1,Omelette de espinaca 1 porción x1 | Papa cocida 150 g x1 | Ensalada verde 1 taza x1,Barra de cereal Jack's 1 unidad x1 | Manzana mediana x1,Ensalada de garbanzos 1 porción x1 | Galleta soda Pozuelo 4 unidades x1
FernandaS,2026-01-08,Yogurt griego natural Dos Pinos 150 g x1 | Granola artesanal 30 g x1 | Papaya 1 taza x1,Barra de cereal Jack's 1 unidad x1 | Papaya 1 taza x1,Tofu firme 100 g x1 | Arroz integral cocido 1 taza x1 | Frijoles negros cocidos 1 taza x1 | Ensalada verde 1 taza x1 | Aguacate 1/2 unidad x1,Queso cottage Dos Pinos 1 taza x1 | Piña 1 taza x1,Tofu firme 100 g x1 | Vegetales salteados 1 taza x1 | Aguacate 1/2 unidad x1
FernandaS,2026-01-09,Tortilla de maíz 2 unidades x1 | Queso fresco Dos Pinos 30 g x1 | Tomate 1 unidad x1 | Piña 1 taza x1,Piña 1 taza x1 | Galleta soda Pozuelo 4 unidades x1,Ensalada de garbanzos 1 porción x1 | Pan cuadrado integral Musmanni 2 rebanadas x1,Papaya 1 taza x1 | Almendras 20 g x1,Ensalada de garbanzos 1 porción x1 | Galleta soda Pozuelo 4 unidades x1
FernandaS,2026-01-10,Cereal Poffis Jack's 30 g x1 | Leche descremada Dos Pinos 250 ml x1 | Manzana mediana x1,Sandía 1 taza x1 | Nueces mixtas 20 g x1,Ensalada de garbanzos 1 porción x1 | Pan cuadrado integral Musmanni 2 rebanadas x1,Papaya 1 taza x1 | Almendras 20 g x1,Lentejas cocidas 1 taza x1 | Ensalada verde 1 taza x1 | Bagel integral Musmanni 1 unidad x1
FernandaS,2026-01-11,Tortilla de maíz 2 unidades x1 | Queso fresco Dos Pinos 30 g x1 | Tomate 1 unidad x1 | Piña 1 taza x1,Yogurt de fresa Dos Pinos 125 g x1 | Banano mediano x1,Omelette de espinaca 1 porción x1 | Papa cocida 150 g x1 | Ensalada verde 1 taza x1,Queso cottage Dos Pinos 1 taza x1 | Piña 1 taza x1,Sopa negra 1 taza x1 | Queso fresco Dos Pinos 30 g x1 | Tortilla de maíz 2 unidades x1
FernandaS,2026-01-12,Yogurt griego natural Dos Pinos 150 g x1 | Granola artesanal 30 g x1 | Papaya 1 taza x1,Yogurt de fresa Dos Pinos 125 g x1 | Banano mediano x1,Garbanzos cocidos 1 taza x1 | Camote cocido 150 g x1 | Vegetales salteados 1 taza x1,Galleta maría Pozuelo 4 unidades x1 | Leche descremada Dos Pinos 250 ml x1,Sopa negra 1 taza x1 | Queso fresco Dos Pinos 30 g x1 | Tortilla de maíz 2 unidades x1
FernandaS,2026-01-13,Bagel integral Musmanni 1 unidad x1 | Queso cottage Dos Pinos 1 taza x1 | Fresas 1 taza x1,Piña 1 taza x1 | Galleta soda Pozuelo 4 unidades x1,Lentejas cocidas 1 taza x1 | Arroz blanco cocido 1 taza x1 | Brócoli al vapor 1 taza x1 | Tomate 1 unidad x1,Galleta maría Pozuelo 4 unidades x1 | Leche descremada Dos Pinos 250 ml x1,Sopa negra 1 taza x1 | Queso fresco Dos Pinos 30 g x1 | Tortilla de maíz 2 unidades x1
FernandaS,2026-01-14,Tortilla de maíz 2 unidades x1 | Queso fresco Dos Pinos 30 g x1 | Tomate 1 unidad x1 | Piña 1 taza x1,Manzana mediana x1 | Almendras 20 g x1,Ensalada de garbanzos 1 porción x1 | Pan cuadrado integral Musmanni 2 rebanadas x1,Papaya 1 taza x1 | Almendras 20 g x1,Ensalada de garbanzos 1 porción x1 | Galleta soda Pozuelo 4 unidades x1
FernandaS,2026-01-15,Bagel integral Musmanni 1 unidad x1 | Queso cottage Dos Pinos 1 taza x1 | Fresas 1 taza x1,Barra de cereal Jack's 1 unidad x1 | Papaya 1 taza x1,Ensalada de garbanzos 1 porción x1 | Pan cuadrado integral Musmanni 2 rebanadas x1,Queso cottage Dos Pinos 1 taza x1 | Piña 1 taza x1,Lentejas cocidas 1 taza x1 | Ensalada verde 1 taza x1 | Bagel integral Musmanni 1 unidad x1
FernandaS,2026-01-16,Bagel integral Musmanni 1 unidad x1 | Queso cottage Dos Pinos 1 taza x1 | Fresas 1 taza x1,Sandía 1 taza x1 | Nueces mixtas 20 g x1,Omelette de espinaca 1 porción x1 | Papa cocida 150 g x1 | Ensalada verde 1 taza x1,Yogurt griego natural Dos Pinos 150 g x1 | Fresas 1 taza x1,Wrap vegetariano 1 unidad x1 | Pepino 1 taza x1
FernandaS,2026-01-17,Yogurt griego natural Dos Pinos 150 g x1 | Granola artesanal 30 g x1 | Papaya 1 taza x1,Piña 1 taza x1 | Galleta soda Pozuelo 4 unidades x1,Casado vegetariano 1 plato x1,Galleta maría Pozuelo 4 unidades x1 | Leche descremada Dos Pinos 250 ml x1,Ensalada de garbanzos 1 porción x1 | Galleta soda Pozuelo 4 unidades x1
FernandaS,2026-01-18,Avena en hojuelas 40 g x1 | Leche descremada Dos Pinos 250 ml x1 | Banano mediano x1 | Semillas de chía 1 cda x1,Yogurt de fresa Dos Pinos 125 g x1 | Banano mediano x1,Wrap vegetariano 1 unidad x1 | Pepino 1 taza x1 | Hummus 2 cdas x1,Queso cottage Dos Pinos 1 taza x1 | Piña 1 taza x1,Sopa negra 1 taza x1 | Queso fresco Dos Pinos 30 g x1 | Tortilla de maíz 2 unidades x1
FernandaS,2026-01-19,Pan cuadrado integral Musmanni 2 rebanadas x1 | Omelette de espinaca 1 porción x1 | Aguacate 1/2 unidad x1,Yogurt de fresa Dos Pinos 125 g x1 | Banano mediano x1,Ensalada de garbanzos 1 porción x1 | Pan cuadrado integral Musmanni 2 rebanadas x1,Papaya 1 taza x1 | Almendras 20 g x1,Wrap vegetariano 1 unidad x1 | Pepino 1 taza x1
FernandaS,2026-01-20,Pan cuadrado integral Musmanni 2 rebanadas x1 | Omelette de espinaca 1 porción x1 | Aguacate 1/2 unidad x1,Manzana mediana x1 | Almendras 20 g x1,Tofu firme 100 g x1 | Arroz integral cocido 1 taza x1 | Frijoles negros cocidos 1 taza x1 | Ensalada verde 1 taza x1 | Aguacate 1/2 unidad x1,Queso cottage Dos Pinos 1 taza x1 | Piña 1 taza x1,Ensalada de garbanzos 1 porción x1 | Galleta soda Pozuelo 4 unidades x1
FernandaS,2026-01-21,Yogurt griego natural Dos Pinos 150 g x1 | Granola artesanal 30 g x1 | Papaya 1 taza x1,Yogurt de fresa Dos Pinos 125 g x1 | Banano mediano x1,Garbanzos cocidos 1 taza x1 | Camote cocido 150 g x1 | Vegetales salteados 1 taza x1,Galleta maría Pozuelo 4 unidades x1 | Leche descremada Dos Pinos 250 ml x1,Wrap vegetariano 1 unidad x1 | Pepino 1 taza x1
FernandaS,2026-01-22,Avena en hojuelas 40 g x1 | Leche descremada Dos Pinos 250 ml x1 | Banano mediano x1 | Semillas de chía 1 cda x1,Manzana mediana x1 | Almendras 20 g x1,Tofu firme 100 g x1 | Arroz integral cocido 1 taza x1 | Frijoles negros cocidos 1 taza x1 | Ensalada verde 1 taza x1 | Aguacate 1/2 unidad x1,Papaya 1 taza x1 | Almendras 20 g x1,Tofu firme 100 g x1 | Vegetales salteados 1 taza x1 | Aguacate 1/2 unidad x1
FernandaS,2026-01-23,Yogurt griego natural Dos Pinos 150 g x1 | Granola artesanal 30 g x1 | Papaya 1 taza x1,Sandía 1 taza x1 | Nueces mixtas 20 g x1,Garbanzos cocidos 1 taza x1 | Camote cocido 150 g x1 | Vegetales salteados 1 taza x1,Queso cottage Dos Pinos 1 taza x1 | Piña 1 taza x1,Wrap vegetariano 1 unidad x1 | Pepino 1 taza x1
FernandaS,2026-01-24,Cereal Poffis Jack's 30 g x1 | Leche descremada Dos Pinos 250 ml x1 | Manzana mediana x1,Manzana mediana x1 | Almendras 20 g x1,Omelette de espinaca 1 porción x1 | Papa cocida 150 g x1 | Ensalada verde 1 taza x1,Papaya 1 taza x1 | Almendras 20 g x1,Omelette de espinaca 1 porción x1 | Tomate 1 unidad x1 | Aguacate 1/2 unidad x1
FernandaS,2026-01-25,Cereal Poffis Jack's 30 g x1 | Leche descremada Dos Pinos 250 ml x1 | Manzana mediana x1,Piña 1 taza x1 | Galleta soda Pozuelo 4 unidades x1,Lentejas cocidas 1 taza x1 | Arroz blanco cocido 1 taza x1 | Brócoli al vapor 1 taza x1 | Tomate 1 unidad x1,Barra de cereal Jack's 1 unidad x1 | Manzana mediana x1,Sopa negra 1 taza x1 | Queso fresco Dos Pinos 30 g x1 | Tortilla de maíz 2 unidades x1
FernandaS,2026-01-26,Pan cuadrado integral Musmanni 2 rebanadas x1 | Omelette de espinaca 1 porción x1 | Aguacate 1/2 unidad x1,Manzana mediana x1 | Almendras 20 g x1,Tofu firme 100 g x1 | Arroz integral cocido 1 taza x1 | Frijoles negros cocidos 1 taza x1 | Ensalada verde 1 taza x1 | Aguacate 1/2 unidad x1,Queso cottage Dos Pinos 1 taza x1 | Piña 1 taza x1,Lentejas cocidas 1 taza x1 | Ensalada verde 1 taza x1 | Bagel integral Musmanni 1 unidad x1
FernandaS,2026-01-27,Pan cuadrado integral Musmanni 2 rebanadas x1 | Omelette de espinaca 1 porción x1 | Aguacate 1/2 unidad x1,Yogurt de fresa Dos Pinos 125 g x1 | Banano mediano x1,Garbanzos cocidos 1 taza x1 | Camote cocido 150 g x1 | Vegetales salteados 1 taza x1,Queso cottage Dos Pinos 1 taza x1 | Piña 1 taza x1,Wrap vegetariano 1 unidad x1 | Pepino 1 taza x1
FernandaS,2026-01-28,Tortilla de maíz 2 unidades x1 | Queso fresco Dos Pinos 30 g x1 | Tomate 1 unidad x1 | Piña 1 taza x1,Sandía 1 taza x1 | Nueces mixtas 20 g x1,Garbanzos cocidos 1 taza x1 | Camote cocido 150 g x1 | Vegetales salteados 1 taza x1,Yogurt griego natural Dos Pinos 150 g x1 | Fresas 1 taza x1,Tofu firme 100 g x1 | Vegetales salteados 1 taza x1 | Aguacate 1/2 unidad x1
FernandaS,2026-01-29,Bagel integral Musmanni 1 unidad x1 | Queso cottage Dos Pinos 1 taza x1 | Fresas 1 taza x1,Manzana mediana x1 | Almendras 20 g x1,Tofu firme 100 g x1 | Arroz integral cocido 1 taza x1 | Frijoles negros cocidos 1 taza x1 | Ensalada verde 1 taza x1 | Aguacate 1/2 unidad x1,Queso cottage Dos Pinos 1 taza x1 | Piña 1 taza x1,Lentejas cocidas 1 taza x1 | Ensalada verde 1 taza x1 | Bagel integral Musmanni 1 unidad x1
FernandaS,2026-01-30,Cereal Poffis Jack's 30 g x1 | Leche descremada Dos Pinos 250 ml x1 | Manzana mediana x1,Sandía 1 taza x1 | Nueces mixtas 20 g x1,Lentejas cocidas 1 taza x1 | Arroz blanco cocido 1 taza x1 | Brócoli al vapor 1 taza x1 | Tomate 1 unidad x1,Yogurt griego natural Dos Pinos 150 g x1 | Fresas 1 taza x1,Omelette de espinaca 1 porción x1 | Tomate 1 unidad x1 | Aguacate 1/2 unidad x1
FernandaS,2026-01-31,Avena en hojuelas 40 g x1 | Leche descremada Dos Pinos 250 ml x1 | Banano mediano x1 | Semillas de chía 1 cda x1,Sandía 1 taza x1 | Nueces mixtas 20 g x1,Omelette de espinaca 1 porción x1 | Papa cocida 150 g x1 | Ensalada verde 1 taza x1,Papaya 1 taza x1 | Almendras 20 g x1,Omelette de espinaca 1 porción x1 | Tomate 1 unidad x1 | Aguacate 1/2 unidad x1
FernandaS,2026-02-01,Yogurt griego natural Dos Pinos 150 g x1 | Granola artesanal 30 g x1 | Papaya 1 taza x1,Piña 1 taza x1 | Galleta soda Pozuelo 4 unidades x1,Casado vegetariano 1 plato x1,Papaya 1 taza x1 | Almendras 20 g x1,Wrap vegetariano 1 unidad x1 | Pepino 1 taza x1
FernandaS,2026-02-02,Bagel integral Musmanni 1 unidad x1 | Queso cottage Dos Pinos 1 taza x1 | Fresas 1 taza x1,Yogurt de fresa Dos Pinos 125 g x1 | Banano mediano x1,Ensalada de garbanzos 1 porción x1 | Pan cuadrado integral Musmanni 2 rebanadas x1,Galleta maría Pozuelo 4 unidades x1 | Leche descremada Dos Pinos 250 ml x1,Wrap vegetariano 1 unidad x1 | Pepino 1 taza x1
FernandaS,2026-02-03,Yogurt griego natural Dos Pinos 150 g x1 | Granola artesanal 30 g x1 | Papaya 1 taza x1,Sandía 1 taza x1 | Nueces mixtas 20 g x1,Lentejas cocidas 1 taza x1 | Arroz blanco cocido 1 taza x1 | Brócoli al vapor 1 taza x1 | Tomate 1 unidad x1,Papaya 1 taza x1 | Almendras 20 g x1,Wrap vegetariano 1 unidad x1 | Pepino 1 taza x1
FernandaS,2026-02-04,Pan cuadrado integral Musmanni 2 rebanadas x1 | Omelette de espinaca 1 porción x1 | Aguacate 1/2 unidad x1,Manzana mediana x1 | Almendras 20 g x1,Garbanzos cocidos 1 taza x1 | Camote cocido 150 g x1 | Vegetales salteados 1 taza x1,Yogurt griego natural Dos Pinos 150 g x1 | Fresas 1 taza x1,Wrap vegetariano 1 unidad x1 | Pepino 1 taza x1
FernandaS,2026-02-05,Avena en hojuelas 40 g x1 | Leche descremada Dos Pinos 250 ml x1 | Banano mediano x1 | Semillas de chía 1 cda x1,Yogurt de fresa Dos Pinos 125 g x1 | Banano mediano x1,Casado vegetariano 1 plato x1,Papaya 1 taza x1 | Almendras 20 g x1,Omelette de espinaca 1 porción x1 | Tomate 1 unidad x1 | Aguacate 1/2 unidad x1
FernandaS,2026-02-06,Cereal Poffis Jack's 30 g x1 | Leche descremada Dos Pinos 250 ml x1 | Manzana mediana x1,Barra de cereal Jack's 1 unidad x1 | Papaya 1 taza x1,Lentejas cocidas 1 taza x1 | Arroz blanco cocido 1 taza x1 | Brócoli al vapor 1 taza x1 | Tomate 1 unidad x1,Barra de cereal Jack's 1 unidad x1 | Manzana mediana x1,Wrap vegetariano 1 unidad x1 | Pepino 1 taza x1
FernandaS,2026-02-07,Bagel integral Musmanni 1 unidad x1 | Queso cottage Dos Pinos 1 taza x1 | Fresas 1 taza x1,Manzana mediana x1 | Almendras 20 g x1,Casado vegetariano 1 plato x1,Galleta maría Pozuelo 4 unidades x1 | Leche descremada Dos Pinos 250 ml x1,Wrap vegetariano 1 unidad x1 | Pepino 1 taza x1
FernandaS,2026-02-08,Avena en hojuelas 40 g x1 | Leche descremada Dos Pinos 250 ml x1 | Banano mediano x1 | Semillas de chía 1 cda x1,Barra de cereal Jack's 1 unidad x1 | Papaya 1 taza x1,Casado vegetariano 1 plato x1,Barra de cereal Jack's 1 unidad x1 | Manzana mediana x1,Lentejas cocidas 1 taza x1 | Ensalada verde 1 taza x1 | Bagel integral Musmanni 1 unidad x1
FernandaS,2026-02-09,Pan cuadrado integral Musmanni 2 rebanadas x1 | Omelette de espinaca 1 porción x1 | Aguacate 1/2 unidad x1,Manzana mediana x1 | Almendras 20 g x1,Lentejas cocidas 1 taza x1 | Arroz blanco cocido 1 taza x1 | Brócoli al vapor 1 taza x1 | Tomate 1 unidad x1,Queso cottage Dos Pinos 1 taza x1 | Piña 1 taza x1,Tofu firme 100 g x1 | Vegetales salteados 1 taza x1 | Aguacate 1/2 unidad x1
FernandaS,2026-02-10,Tortilla de maíz 2 unidades x1 | Queso fresco Dos Pinos 30 g x1 | Tomate 1 unidad x1 | Piña 1 taza x1,Yogurt de fresa Dos Pinos 125 g x1 | Banano mediano x1,Garbanzos cocidos 1 taza x1 | Camote cocido 150 g x1 | Vegetales salteados 1 taza x1,Queso cottage Dos Pinos 1 taza x1 | Piña 1 taza x1,Sopa negra 1 taza x1 | Queso fresco Dos Pinos 30 g x1 | Tortilla de maíz 2 unidades x1
FernandaS,2026-02-11,Avena en hojuelas 40 g x1 | Leche descremada Dos Pinos 250 ml x1 | Banano mediano x1 | Semillas de chía 1 cda x1,Yogurt de fresa Dos Pinos 125 g x1 | Banano mediano x1,Wrap vegetariano 1 unidad x1 | Pepino 1 taza x1 | Hummus 2 cdas x1,Barra de cereal Jack's 1 unidad x1 | Manzana mediana x1,Lentejas cocidas 1 taza x1 | Ensalada verde 1 taza x1 | Bagel integral Musmanni 1 unidad x1
FernandaS,2026-02-12,Tortilla de maíz 2 unidades x1 | Queso fresco Dos Pinos 30 g x1 | Tomate 1 unidad x1 | Piña 1 taza x1,Piña 1 taza x1 | Galleta soda Pozuelo 4 unidades x1,Garbanzos cocidos 1 taza x1 | Camote cocido 150 g x1 | Vegetales salteados 1 taza x1,Galleta maría Pozuelo 4 unidades x1 | Leche descremada Dos Pinos 250 ml x1,Wrap vegetariano 1 unidad x1 | Pepino 1 taza x1
FernandaS,2026-02-13,Yogurt griego natural Dos Pinos 150 g x1 | Granola artesanal 30 g x1 | Papaya 1 taza x1,Manzana mediana x1 | Almendras 20 g x1,Wrap vegetariano 1 unidad x1 | Pepino 1 taza x1 | Hummus 2 cdas x1,Queso cottage Dos Pinos 1 taza x1 | Piña 1 taza x1,Lentejas cocidas 1 taza x1 | Ensalada verde 1 taza x1 | Bagel integral Musmanni 1 unidad x1
FernandaS,2026-02-14,Avena en hojuelas 40 g x1 | Leche descremada Dos Pinos 250 ml x1 | Banano mediano x1 | Semillas de chía 1 cda x1,Barra de cereal Jack's 1 unidad x1 | Papaya 1 taza x1,Omelette de espinaca 1 porción x1 | Papa cocida 150 g x1 | Ensalada verde 1 taza x1,Papaya 1 taza x1 | Almendras 20 g x1,Lentejas cocidas 1 taza x1 | Ensalada verde 1 taza x1 | Bagel integral Musmanni 1 unidad x1
FernandaS,2026-02-15,Yogurt griego natural Dos Pinos 150 g x1 | Granola artesanal 30 g x1 | Papaya 1 taza x1,Barra de cereal Jack's 1 unidad x1 | Papaya 1 taza x1,Wrap vegetariano 1 unidad x1 | Pepino 1 taza x1 | Hummus 2 cdas x1,Barra de cereal Jack's 1 unidad x1 | Manzana mediana x1,Tofu firme 100 g x1 | Vegetales salteados 1 taza x1 | Aguacate 1/2 unidad x1
FernandaS,2026-02-16,Bagel integral Musmanni 1 unidad x1 | Queso cottage Dos Pinos 1 taza x1 | Fresas 1 taza x1,Barra de cereal Jack's 1 unidad x1 | Papaya 1 taza x1,Casado vegetariano 1 plato x1,Papaya 1 taza x1 | Almendras 20 g x1,Omelette de espinaca 1 porción x1 | Tomate 1 unidad x1 | Aguacate 1/2 unidad x1
FernandaS,2026-02-17,Yogurt griego natural Dos Pinos 150 g x1 | Granola artesanal 30 g x1 | Papaya 1 taza x1,Manzana mediana x1 | Almendras 20 g x1,Wrap vegetariano 1 unidad x1 | Pepino 1 taza x1 | Hummus 2 cdas x1,Galleta maría Pozuelo 4 unidades x1 | Leche descremada Dos Pinos 250 ml x1,Sopa negra 1 taza x1 | Queso fresco Dos Pinos 30 g x1 | Tortilla de maíz 2 unidades x1
FernandaS,2026-02-18,Avena en hojuelas 40 g x1 | Leche descremada Dos Pinos 250 ml x1 | Banano mediano x1 | Semillas de chía 1 cda x1,Piña 1 taza x1 | Galleta soda Pozuelo 4 unidades x1,Garbanzos cocidos 1 taza x1 | Camote cocido 150 g x1 | Vegetales salteados 1 taza x1,Galleta maría Pozuelo 4 unidades x1 | Leche descremada Dos Pinos 250 ml x1,Tofu firme 100 g x1 | Vegetales salteados 1 taza x1 | Aguacate 1/2 unidad x1
FernandaS,2026-02-19,Pan cuadrado integral Musmanni 2 rebanadas x1 | Omelette de espinaca 1 porción x1 | Aguacate 1/2 unidad x1,Yogurt de fresa Dos Pinos 125 g x1 | Banano mediano x1,Tofu firme 100 g x1 | Arroz integral cocido 1 taza x1 | Frijoles negros cocidos 1 taza x1 | Ensalada verde 1 taza x1 | Aguacate 1/2 unidad x1,Galleta maría Pozuelo 4 unidades x1 | Leche descremada Dos Pinos 250 ml x1,Tofu firme 100 g x1 | Vegetales salteados 1 taza x1 | Aguacate 1/2 unidad x1
FernandaS,2026-02-20,Tortilla de maíz 2 unidades x1 | Queso fresco Dos Pinos 30 g x1 | Tomate 1 unidad x1 | Piña 1 taza x1,Barra de cereal Jack's 1 unidad x1 | Papaya 1 taza x1,Casado vegetariano 1 plato x1,Papaya 1 taza x1 | Almendras 20 g x1,Lentejas cocidas 1 taza x1 | Ensalada verde 1 taza x1 | Bagel integral Musmanni 1 unidad x1
FernandaS,2026-02-21,Cereal Poffis Jack's 30 g x1 | Leche descremada Dos Pinos 250 ml x1 | Manzana mediana x1,Piña 1 taza x1 | Galleta soda Pozuelo 4 unidades x1,Wrap vegetariano 1 unidad x1 | Pepino 1 taza x1 | Hummus 2 cdas x1,Papaya 1 taza x1 | Almendras 20 g x1,Tofu firme 100 g x1 | Vegetales salteados 1 taza x1 | Aguacate 1/2 unidad x1
GabrielW,2026-01-01,Avena en hojuelas 40 g x1 | Leche descremada Dos Pinos 250 ml x1 | Banano mediano x1 | Semillas de chía 1 cda x1,Barra de cereal Jack's 1 unidad x1 | Leche descremada Dos Pinos 250 ml x1,Tilapia al horno 120 g x1 | Arroz blanco cocido 1 taza x1 | Vegetales salteados 1 taza x1 | Aguacate 1/2 unidad x1,Meneitos Jack's 25 g x1 | Yogurt griego natural Dos Pinos 150 g x1 | Leche más proteína Dos Pinos 250 ml x1,Omelette de espinaca 1 porción x1 | Aguacate 1/2 unidad x1 | Tomate 1 unidad x1
GabrielW,2026-01-02,Pan blanco Musmanni 2 rebanadas x1 | Queso fresco Dos Pinos 30 g x1 | Yogurt de fresa Dos Pinos 125 g x1 | Banano mediano x1,Manzana mediana x1 | Almendras 20 g x1,Tilapia al horno 120 g x1 | Arroz blanco cocido 1 taza x1 | Vegetales salteados 1 taza x1 | Aguacate 1/2 unidad x1,Yogurt de fresa Dos Pinos 125 g x1 | Galleta maría Pozuelo 4 unidades x1,Pechuga de pollo a la plancha 120 g x1 | Camote cocido 150 g x2 | Ensalada verde 1 taza x1
GabrielW,2026-01-03,Yogurt griego natural Dos Pinos 150 g x1 | Granola artesanal 30 g x1 | Fresas 1 taza x1 | Mantequilla de maní 1 cda x1,Papaya 1 taza x2 | Galleta soda Pozuelo 4 unidades x1,Lomo de cerdo a la plancha 120 g x1 | Yuca cocida 150 g x1 | Pico de gallo 1 porción x1 | Ensalada verde 1 taza x1,Yogurt de fresa Dos Pinos 125 g x1 | Galleta maría Pozuelo 4 unidades x1,Omelette de espinaca 1 porción x1 | Aguacate 1/2 unidad x1 | Tomate 1 unidad x1
GabrielW,2026-01-04,Cereal Chokos Jack's 30 g x1 | Leche más proteína Dos Pinos 250 ml x2 | Manzana mediana x1,Manzana mediana x1 | Almendras 20 g x1 | Leche más proteína Dos Pinos 250 ml x1,Atún en agua Sardimar 1 lata x1 | Pasta integral cocida 1 taza x2 | Ensalada verde 1 taza x1,Barra de cereal Jack's 1 unidad x1 | Manzana mediana x1,Sopa negra 1 taza x1 | Queso fresco Dos Pinos 30 g x1 | Tortilla de maíz 2 unidades x1
GabrielW,2026-01-05,Pan blanco Musmanni 2 rebanadas x2 | Queso fresco Dos Pinos 30 g x1 | Yogurt de fresa Dos Pinos 125 g x1 | Banano mediano x2,Barra de cereal Jack's 1 unidad x1 | Leche descremada Dos Pinos 250 ml x1,Carne molida magra 120 g x2 | Camote cocido 150 g x1 | Brócoli al vapor 1 taza x1,Batido de proteína 1 porción x2 | Banano mediano x2,Tilapia al horno 120 g x1 | Papa cocida 150 g x1 | Vegetales salteados 1 taza x1
GabrielW,2026-01-06,Cereal Chokos Jack's 30 g x1 | Leche más proteína Dos Pinos 250 ml x1 | Manzana mediana x1,Sandía 1 taza x1 | Nueces mixtas 20 g x1,Bistec de res 120 g x1 | Papa cocida 150 g x1 | Brócoli al vapor 1 taza x1 | Tomate 1 unidad x1,Barra de cereal Jack's 1 unidad x1 | Manzana mediana x1 | Leche más proteína Dos Pinos 250 ml x1,Omelette de espinaca 1 porción x1 | Aguacate 1/2 unidad x1 | Tomate 1 unidad x1
GabrielW,2026-01-07,Pan cuadrado integral Musmanni 2 rebanadas x1 | Revuelto de huevo con tomate 1 porción x1 | Aguacate 1/2 unidad x1 | Café negro 1 taza x1,Papaya 1 taza x2 | Galleta soda Pozuelo 4 unidades x1,Lomo de cerdo a la plancha 120 g x1 | Yuca cocida 150 g x1 | Pico de gallo 1 porción x1 | Ensalada verde 1 taza x1,Yogurt de fresa Dos Pinos 125 g x1 | Galleta maría Pozuelo 4 unidades x1,Wrap de pollo 1 unidad x1 | Pepino 1 taza x1
GabrielW,2026-01-08,Avena en hojuelas 40 g x1 | Leche descremada Dos Pinos 250 ml x1 | Banano mediano x1 | Semillas de chía 1 cda x1,Sandía 1 taza x1 | Nueces mixtas 20 g x1,Atún en agua Sardimar 1 lata x2 | Pasta integral cocida 1 taza x1 | Ensalada verde 1 taza x1,Barra de cereal Jack's 1 unidad x1 | Manzana mediana x1,Ensalada de atún 1 porción x1 | Galleta soda Pozuelo 4 unidades x1
GabrielW,2026-01-09,Yogurt griego natural Dos Pinos 150 g x1 | Granola artesanal 30 g x1 | Fresas 1 taza x1 | Mantequilla de maní 1 cda x1,Barra de cereal Jack's 1 unidad x1 | Leche descremada Dos Pinos 250 ml x1,Carne molida magra 120 g x2 | Camote cocido 150 g x1 | Brócoli al vapor 1 taza x1,Papaya 1 taza x2 | Almendras 20 g x1,Omelette de espinaca 1 porción x1 | Aguacate 1/2 unidad x1 | Tomate 1 unidad x1
GabrielW,2026-01-10,Yogurt griego natural Dos Pinos 150 g x1 | Granola artesanal 30 g x1 | Fresas 1 taza x1 | Mantequilla de maní 1 cda x1,Papaya 1 taza x1 | Galleta soda Pozuelo 4 unidades x1 | Barra de cereal Jack's 1 unidad x1,Atún en agua Sardimar 1 lata x2 | Pasta integral cocida 1 taza x1 | Ensalada verde 1 taza x1,Papaya 1 taza x1 | Almendras 20 g x1,Tilapia al horno 120 g x1 | Papa cocida 150 g x2 | Vegetales salteados 1 taza x1
GabrielW,2026-01-11,Avena en hojuelas 40 g x1 | Leche descremada Dos Pinos 250 ml x1 | Banano mediano x1 | Semillas de chía 1 cda x1,Sandía 1 taza x1 | Nueces mixtas 20 g x1,Bistec de res 120 g x1 | Papa cocida 150 g x1 | Brócoli al vapor 1 taza x1 | Tomate 1 unidad x1,Batido de proteína 1 porción x2 | Banano mediano x1,Wrap de pollo 1 unidad x1 | Pepino 1 taza x1
GabrielW,2026-01-12,Avena en hojuelas 40 g x1 | Leche descremada Dos Pinos 250 ml x1 | Banano mediano x1 | Semillas de chía 1 cda x1,Yogurt griego natural Dos Pinos 150 g x1 | Banano mediano x2,Casado con pollo 1 plato x1,Meneitos Jack's 25 g x1 | Yogurt griego natural Dos Pinos 150 g x1 | Banano mediano x1,Sopa negra 1 taza x1 | Queso fresco Dos Pinos 30 g x1 | Tortilla de maíz 2 unidades x1
GabrielW,2026-01-13,Gallo pinto casero 1 taza x1 | Huevo entero 1 unidad x2 | Queso fresco Dos Pinos 30 g x1 | Papaya 1 taza x1,Yogurt griego natural Dos Pinos 150 g x1 | Banano mediano x1,Atún en agua Sardimar 1 lata x2 | Pasta integral cocida 1 taza x2 | Ensalada verde 1 taza x1,Queso cottage Dos Pinos 1 taza x2 | Piña 1 taza x1 | Barra de cereal Jack's 1 unidad x1,Salmón al horno 120 g x1 | Arroz integral cocido 1 taza x1 | Brócoli al vapor 1 taza x1
GabrielW,2026-01-14,Pan cuadrado integral Musmanni 2 rebanadas x2 | Revuelto de huevo con tomate 1 porción x1 | Aguacate 1/2 unidad x1 | Café negro 1 taza x1,Yogurt griego natural Dos Pinos 150 g x1 | Banano mediano x1,Carne molida magra 120 g x1 | Camote cocido 150 g x2 | Brócoli al vapor 1 taza x1,Yogurt de fresa Dos Pinos 125 g x1 | Galleta maría Pozuelo 4 unidades x1,Tilapia al horno 120 g x1 | Papa cocida 150 g x1 | Vegetales salteados 1 taza x1
JorgeP,2026-01-01,Pan cuadrado integral Musmanni 2 rebanadas x1 | Revuelto de huevo con tomate 1 porción x1 | Aguacate 1/2 unidad x1 | Café negro 1 taza x1,Manzana mediana x1 | Almendras 20 g x1,Casado con pollo 1 plato x1,Yogurt de fresa Dos Pinos 125 g x1 | Galleta maría Pozuelo 4 unidades x1,Sopa negra 1 taza x1 | Queso fresco Dos Pinos 30 g x1 | Tortilla de maíz 2 unidades x1
JorgeP,2026-01-02,Tortilla de maíz 2 unidades x1 | Huevo entero 1 unidad x2 | Queso mozzarella Dos Pinos 30 g x1 | Piña 1 taza x1,Manzana mediana x1 | Almendras 20 g x1,Tilapia al horno 120 g x1 | Arroz blanco cocido 1 taza x1 | Vegetales salteados 1 taza x1 | Aguacate 1/2 unidad x1,Batido de proteína 1 porción x1 | Banano mediano x1,Ensalada de atún 1 porción x1 | Galleta soda Pozuelo 4 unidades x1
JorgeP,2026-01-03,Pan blanco Musmanni 2 rebanadas x1 | Queso fresco Dos Pinos 30 g x1 | Yogurt de fresa Dos Pinos 125 g x1 | Banano mediano x1,Barra de cereal Jack's 1 unidad x1 | Leche descremada Dos Pinos 250 ml x1,Tilapia al horno 120 g x1 | Arroz blanco cocido 1 taza x1 | Vegetales salteados 1 taza x1 | Aguacate 1/2 unidad x1,Papaya 1 taza x1 | Almendras 20 g x1,Tilapia al horno 120 g x1 | Papa cocida 150 g x1 | Vegetales salteados 1 taza x1
JorgeP,2026-01-04,Cereal Chokos Jack's 30 g x1 | Leche más proteína Dos Pinos 250 ml x1 | Manzana mediana x1,Manzana mediana x1 | Almendras 20 g x1,Bistec de res 120 g x1 | Papa cocida 150 g x1 | Brócoli al vapor 1 taza x1 | Tomate 1 unidad x1,Papaya 1 taza x1 | Almendras 20 g x1,Ensalada de atún 1 porción x1 | Galleta soda Pozuelo 4 unidades x1
JorgeP,2026-01-05,Cereal Chokos Jack's 30 g x1 | Leche más proteína Dos Pinos 250 ml x1 | Manzana mediana x1,Barra de cereal Jack's 1 unidad x1 | Leche descremada Dos Pinos 250 ml x1,Lomo de cerdo a la plancha 120 g x1 | Yuca cocida 150 g x1 | Pico de gallo 1 porción x1 | Ensalada verde 1 taza x1,Queso cottage Dos Pinos 1 taza x1 | Piña 1 taza x1,Sopa negra 1 taza x1 | Queso fresco Dos Pinos 30 g x1 | Tortilla de maíz 2 unidades x1
JorgeP,2026-01-06,Cereal Chokos Jack's 30 g x1 | Leche más proteína Dos Pinos 250 ml x1 | Manzana mediana x1,Yogurt griego natural Dos Pinos 150 g x1 | Banano mediano x1,Casado con pollo 1 plato x1,Batido de proteína 1 porción x1 | Banano mediano x1,Salmón al horno 120 g x1 | Arroz integral cocido 1 taza x1 | Brócoli al vapor 1 taza x1
JorgeP,2026-01-07,Cereal Chokos Jack's 30 g x1 | Leche más proteína Dos Pinos 250 ml x1 | Manzana mediana x1,Papaya 1 taza x1 | Galleta soda Pozuelo 4 unidades x1,Pechuga de pollo a la plancha 120 g x1 | Arroz integral cocido 1 taza x1 | Frijoles negros cocidos 1 taza x1 | Ensalada verde 1 taza x1 | Aguacate 1/2 unidad x1,Yogurt de fresa Dos Pinos 125 g x1 | Galleta maría Pozuelo 4 unidades x1,Salmón al horno 120 g x1 | Arroz integral cocido 1 taza x1 | Brócoli al vapor 1 taza x1
JorgeP,2026-01-08,Pan cuadrado integral Musmanni 2 rebanadas x1 | Revuelto de huevo con tomate 1 porción x1 | Aguacate 1/2 unidad x1 | Café negro 1 taza x1,Manzana mediana x1 | Almendras 20 g x1,Bistec de res 120 g x1 | Papa cocida 150 g x1 | Brócoli al vapor 1 taza x1 | Tomate 1 unidad x1,Barra de cereal Jack's 1 unidad x1 | Manzana mediana x1,Ensalada de atún 1 porción x1 | Galleta soda Pozuelo 4 unidades x1
JorgeP,2026-01-09,Avena en hojuelas 40 g x1 | Leche descremada Dos Pinos 250 ml x1 | Banano mediano x1 | Semillas de chía 1 cda x1,Barra de cereal Jack's 1 unidad x1 | Leche descremada Dos Pinos 250 ml x1,Tilapia al horno 120 g x1 | Arroz blanco cocido 1 taza x1 | Vegetales salteados 1 taza x1 | Aguacate 1/2 unidad x1,Barra de cereal Jack's 1 unidad x1 | Manzana mediana x1,Pechuga de pollo a la plancha 120 g x1 | Camote cocido 150 g x1 | Ensalada verde 1 taza x1
JorgeP,2026-01-10,Pan blanco Musmanni 2 rebanadas x1 | Queso fresco Dos Pinos 30 g x1 | Yogurt de fresa Dos Pinos 125 g x1 | Banano mediano x1,Manzana mediana x1 | Almendras 20 g x1,Casado con pollo 1 plato x1,Yogurt de fresa Dos Pinos 125 g x1 | Galleta maría Pozuelo 4 unidades x1,Salmón al horno 120 g x1 | Arroz integral cocido 1 taza x1 | Brócoli al vapor 1 taza x1
JorgeP,2026-01-11,Avena en hojuelas 40 g x1 | Leche descremada Dos Pinos 250 ml x1 | Banano mediano x1 | Semillas de chía 1 cda x1,Sandía 1 taza x1 | Nueces mixtas 20 g x1,Pechuga de pollo a la plancha 120 g x1 | Arroz integral cocido 1 taza x1 | Frijoles negros cocidos 1 taza x1 | Ensalada verde 1 taza x1 | Aguacate 1/2 unidad x1,Papaya 1 taza x1 | Almendras 20 g x1,Wrap de pollo 1 unidad x1 | Pepino 1 taza x1
JorgeP,2026-01-12,Avena en hojuelas 40 g x1 | Leche descremada Dos Pinos 250 ml x1 | Banano mediano x1 | Semillas de chía 1 cda x1,Sandía 1 taza x1 | Nueces mixtas 20 g x1,Tilapia al horno 120 g x1 | Arroz blanco cocido 1 taza x1 | Vegetales salteados 1 taza x1 | Aguacate 1/2 unidad x1,Barra de cereal Jack's 1 unidad x1 | Manzana mediana x1,Wrap de pollo 1 unidad x1 | Pepino 1 taza x1
JorgeP,2026-01-13,Gallo pinto casero 1 taza x1 | Huevo entero 1 unidad x2 | Queso fresco Dos Pinos 30 g x1 | Papaya 1 taza x1,Sandía 1 taza x1 | Nueces mixtas 20 g x1,Casado con pollo 1 plato x1,Queso cottage Dos Pinos 1 taza x1 | Piña 1 taza x1,Pechuga de pollo a la plancha 120 g x1 | Camote cocido 150 g x1 | Ensalada verde 1 taza x1
JorgeP,2026-01-14,Cereal Chokos Jack's 30 g x1 | Leche más proteína Dos Pinos 250 ml x1 | Manzana mediana x1,Sandía 1 taza x1 | Nueces mixtas 20 g x1,Carne molida magra 120 g x1 | Camote cocido 150 g x1 | Brócoli al vapor 1 taza x1,Barra de cereal Jack's 1 unidad x1 | Manzana mediana x1,Omelette de espinaca 1 porción x1 | Aguacate 1/2 unidad x1 | Tomate 1 unidad x1
JorgeP,2026-01-15,Avena en hojuelas 40 g x1 | Leche descremada Dos Pinos 250 ml x1 | Banano mediano x1 | Semillas de chía 1 cda x1,Barra de cereal Jack's 1 unidad x1 | Leche descremada Dos Pinos 250 ml x1,Atún en agua Sardimar 1 lata x1 | Pasta integral cocida 1 taza x1 | Ensalada verde 1 taza x1,Yogurt griego natural Dos Pinos 150 g x1 | Pepino 1 taza x1,Salmón al horno 120 g x1 | Arroz integral cocido 1 taza x1 | Brócoli al vapor 1 taza x1
JorgeP,2026-01-16,Gallo pinto casero 1 taza x1 | Huevo entero 1 unidad x2 | Queso fresco Dos Pinos 30 g x1 | Papaya 1 taza x1,Papaya 1 taza x1 | Galleta soda Pozuelo 4 unidades x1,Casado con pollo 1 plato x1,Batido de proteína 1 porción x1 | Banano mediano x1,Pechuga de pollo a la plancha 120 g x1 | Camote cocido 150 g x1 | Ensalada verde 1 taza x1
JorgeP,2026-01-17,Pan blanco Musmanni 2 rebanadas x1 | Queso fresco Dos Pinos 30 g x1 | Yogurt de fresa Dos Pinos 125 g x1 | Banano mediano x1,Barra de cereal Jack's 1 unidad x1 | Leche descremada Dos Pinos 250 ml x1,Atún en agua Sardimar 1 lata x1 | Pasta integral cocida 1 taza x1 | Ensalada verde 1 taza x1,Papaya 1 taza x1 | Almendras 20 g x1,Ensalada de atún 1 porción x1 | Galleta soda Pozuelo 4 unidades x1
JorgeP,2026-01-18,Pan blanco Musmanni 2 rebanadas x1 | Queso fresco Dos Pinos 30 g x1 | Yogurt de fresa Dos Pinos 125 g x1 | Banano mediano x1,Piña 1 taza x1 | Queso fresco Dos Pinos 30 g x1,Atún en agua Sardimar 1 lata x1 | Pasta integral cocida 1 taza x1 | Ensalada verde 1 taza x1,Barra de cereal Jack's 1 unidad x1 | Manzana mediana x1,Wrap de pollo 1 unidad x1 | Pepino 1 taza x1
JorgeP,2026-01-19,Tortilla de maíz 2 unidades x1 | Huevo entero 1 unidad x2 | Queso mozzarella Dos Pinos 30 g x1 | Piña 1 taza x1,Sandía 1 taza x1 | Nueces mixtas 20 g x1,Tilapia al horno 120 g x1 | Arroz blanco cocido 1 taza x1 | Vegetales salteados 1 taza x1 | Aguacate 1/2 unidad x1,Yogurt griego natural Dos Pinos 150 g x1,Wrap de pollo 1 unidad x1 | Pepino 1 taza x1
JorgeP,2026-01-20,Pan blanco Musmanni 2 rebanadas x1 | Queso fresco Dos Pinos 30 g x1 | Yogurt de fresa Dos Pinos 125 g x1 | Banano mediano x1,Piña 1 taza x1 | Queso fresco Dos Pinos 30 g x1,Lomo de cerdo a la plancha 120 g x1 | Yuca cocida 150 g x1 | Pico de gallo 1 porción x1 | Ensalada verde 1 taza x1,Batido de proteína 1 porción x1 | Banano mediano x1,Wrap de pollo 1 unidad x1 | Pepino 1 taza x1
JorgeP,2026-01-21,Gallo pinto casero 1 taza x1 | Huevo entero 1 unidad x2 | Queso fresco Dos Pinos 30 g x1 | Papaya 1 taza x1,Barra de cereal Jack's 1 unidad x1 | Leche descremada Dos Pinos 250 ml x1,Tilapia al horno 120 g x1 | Arroz blanco cocido 1 taza x1 | Vegetales salteados 1 taza x1 | Aguacate 1/2 unidad x1,Queso cottage Dos Pinos 1 taza x1 | Piña 1 taza x1,Salmón al horno 120 g x1 | Arroz integral cocido 1 taza x1 | Brócoli al vapor 1 taza x1
JorgeP,2026-01-22,Pan cuadrado integral Musmanni 2 rebanadas x1 | Revuelto de huevo con tomate 1 porción x1 | Aguacate 1/2 unidad x1 | Café negro 1 taza x1,Papaya 1 taza x1 | Galleta soda Pozuelo 4 unidades x1,Bistec de res 120 g x1 | Papa cocida 150 g x1 | Brócoli al vapor 1 taza x1 | Tomate 1 unidad x1,Yogurt de fresa Dos Pinos 125 g x1 | Galleta maría Pozuelo 4 unidades x1,Sopa negra 1 taza x1 | Queso fresco Dos Pinos 30 g x1 | Tortilla de maíz 2 unidades x1
JorgeP,2026-01-23,Tortilla de maíz 2 unidades x1 | Huevo entero 1 unidad x2 | Queso mozzarella Dos Pinos 30 g x1 | Piña 1 taza x1,Manzana mediana x1 | Almendras 20 g x1,Atún en agua Sardimar 1 lata x1 | Pasta integral cocida 1 taza x1 | Ensalada verde 1 taza x1,Yogurt de fresa Dos Pinos 125 g x1 | Galleta maría Pozuelo 4 unidades x1,Omelette de espinaca 1 porción x1 | Aguacate 1/2 unidad x1 | Tomate 1 unidad x1
JorgeP,2026-01-24,Pan blanco Musmanni 2 rebanadas x1 | Queso fresco Dos Pinos 30 g x1 | Yogurt de fresa Dos Pinos 125 g x1 | Banano mediano x1,Yogurt griego natural Dos Pinos 150 g x1 | Banano mediano x1,Bistec de res 120 g x1 | Papa cocida 150 g x1 | Brócoli al vapor 1 taza x1 | Tomate 1 unidad x1,Queso cottage Dos Pinos 1 taza x1 | Piña 1 taza x1,Pechuga de pollo a la plancha 120 g x1 | Camote cocido 150 g x1 | Ensalada verde 1 taza x1
JorgeP,2026-01-25,Pan blanco Musmanni 2 rebanadas x1 | Queso fresco Dos Pinos 30 g x1 | Yogurt de fresa Dos Pinos 125 g x1 | Banano mediano x1,Yogurt griego natural Dos Pinos 150 g x1 | Banano mediano x1,Bistec de res 120 g x1 | Papa cocida 150 g x1 | Brócoli al vapor 1 taza x1 | Tomate 1 unidad x1,Yogurt griego natural Dos Pinos 150 g x1,Ensalada de atún 1 porción x1 | Galleta soda Pozuelo 4 unidades x1
JorgeP,2026-01-26,Gallo pinto casero 1 taza x1 | Huevo entero 1 unidad x2 | Queso fresco Dos Pinos 30 g x1 | Papaya 1 taza x1,Piña 1 taza x1 | Queso fresco Dos Pinos 30 g x1,Bistec de res 120 g x1 | Papa cocida 150 g x1 | Brócoli al vapor 1 taza x1 | Tomate 1 unidad x1,Barra de cereal Jack's 1 unidad x1 | Manzana mediana x1,Tilapia al horno 120 g x1 | Papa cocida 150 g x1 | Vegetales salteados 1 taza x1
JorgeP,2026-01-27,Cereal Chokos Jack's 30 g x1 | Leche más proteína Dos Pinos 250 ml x1 | Manzana mediana x1,Yogurt griego natural Dos Pinos 150 g x1 | Banano mediano x1,Atún en agua Sardimar 1 lata x1 | Pasta integral cocida 1 taza x1 | Ensalada verde 1 taza x1,Barra de cereal Jack's 1 unidad x1 | Manzana mediana x1,Wrap de pollo 1 unidad x1 | Pepino 1 taza x1
JorgeP,2026-01-28,Pan blanco Musmanni 2 rebanadas x1 | Queso fresco Dos Pinos 30 g x1 | Yogurt de fresa Dos Pinos 125 g x1 | Banano mediano x1,Yogurt griego natural Dos Pinos 150 g x1 | Banano mediano x1,Atún en agua Sardimar 1 lata x1 | Pasta integral cocida 1 taza x1 | Ensalada verde 1 taza x1,Barra de cereal Jack's 1 unidad x1 | Manzana mediana x1,Wrap de pollo 1 unidad x1 | Pepino 1 taza x1
JorgeP,2026-01-29,Yogurt griego natural Dos Pinos 150 g x1 | Granola artesanal 30 g x1 | Fresas 1 taza x1 | Mantequilla de maní 1 cda x1,Barra de cereal Jack's 1 unidad x1 | Leche descremada Dos Pinos 250 ml x1,Atún en agua Sardimar 1 lata x1 | Pasta integral cocida 1 taza x1 | Ensalada verde 1 taza x1,Queso cottage Dos Pinos 1 taza x1 | Piña 1 taza x1,Sopa negra 1 taza x1 | Queso fresco Dos Pinos 30 g x1 | Tortilla de maíz 2 unidades x1
JorgeP,2026-01-30,Pan cuadrado integral Musmanni 2 rebanadas x1 | Revuelto de huevo con tomate 1 porción x1 | Aguacate 1/2 unidad x1 | Café negro 1 taza x1,Piña 1 taza x1 | Queso fresco Dos Pinos 30 g x1,Lomo de cerdo a la plancha 120 g x1 | Yuca cocida 150 g x1 | Pico de gallo 1 porción x1 | Ensalada verde 1 taza x1,Queso cottage Dos Pinos 1 taza x1 | Piña 1 taza x1,Sopa negra 1 taza x1 | Queso fresco Dos Pinos 30 g x1 | Tortilla de maíz 2 unidades x1
JorgeP,2026-01-31,Gallo pinto casero 1 taza x1 | Huevo entero 1 unidad x2 | Queso fresco Dos Pinos 30 g x1 | Papaya 1 taza x1,Manzana mediana x1 | Almendras 20 g x1,Tilapia al horno 120 g x1 | Arroz blanco cocido 1 taza x1 | Vegetales salteados 1 taza x1 | Aguacate 1/2 unidad x1,Batido de proteína 1 porción x1 | Banano mediano x1,Omelette de espinaca 1 porción x1 | Aguacate 1/2 unidad x1 | Tomate 1 unidad x1
JorgeP,2026-02-01,Pan cuadrado integral Musmanni 2 rebanadas x1 | Revuelto de huevo con tomate 1 porción x1 | Aguacate 1/2 unidad x1 | Café negro 1 taza x1,Manzana mediana x1 | Almendras 20 g x1,Carne molida magra 120 g x1 | Camote cocido 150 g x1 | Brócoli al vapor 1 taza x1,Queso cottage Dos Pinos 1 taza x1 | Piña 1 taza x1,Pechuga de pollo a la plancha 120 g x1 | Camote cocido 150 g x1 | Ensalada verde 1 taza x1
JorgeP,2026-02-02,Pan blanco Musmanni 2 rebanadas x1 | Queso fresco Dos Pinos 30 g x1 | Yogurt de fresa Dos Pinos 125 g x1 | Banano mediano x1,Barra de cereal Jack's 1 unidad x1 | Leche descremada Dos Pinos 250 ml x1,Carne molida magra 120 g x1 | Camote cocido 150 g x1 | Brócoli al vapor 1 taza x1,Queso cottage Dos Pinos 1 taza x1 | Piña 1 taza x1,Ensalada de atún 1 porción x1 | Galleta soda Pozuelo 4 unidades x1
JorgeP,2026-02-03,Avena en hojuelas 40 g x1 | Leche descremada Dos Pinos 250 ml x1 | Banano mediano x1 | Semillas de chía 1 cda x1,Sandía 1 taza x1 | Nueces mixtas 20 g x1,Carne molida magra 120 g x1 | Camote cocido 150 g x1 | Brócoli al vapor 1 taza x1,Yogurt de fresa Dos Pinos 125 g x1 | Galleta maría Pozuelo 4 unidades x1,Ensalada de atún 1 porción x1 | Galleta soda Pozuelo 4 unidades x1
JorgeP,2026-02-04,Pan blanco Musmanni 2 rebanadas x1 | Queso fresco Dos Pinos 30 g x1 | Yogurt de fresa Dos Pinos 125 g x1 | Banano mediano x1,Yogurt griego natural Dos Pinos 150 g x1 | Banano mediano x1,Casado con pollo 1 plato x1,Yogurt griego natural Dos Pinos 150 g x1,Salmón al horno 120 g x1 | Arroz integral cocido 1 taza x1 | Brócoli al vapor 1 taza x1
JorgeP,2026-02-05,Gallo pinto casero 1 taza x1 | Huevo entero 1 unidad x2 | Queso fresco Dos Pinos 30 g x1 | Papaya 1 taza x1,Manzana mediana x1 | Almendras 20 g x1,Atún en agua Sardimar 1 lata x1 | Pasta integral cocida 1 taza x1 | Ensalada verde 1 taza x1,Yogurt de fresa Dos Pinos 125 g x1 | Galleta maría Pozuelo 4 unidades x1,Sopa negra 1 taza x1 | Queso fresco Dos Pinos 30 g x1 | Tortilla de maíz 2 unidades x1
JorgeP,2026-02-06,Avena en hojuelas 40 g x1 | Leche descremada Dos Pinos 250 ml x1 | Banano mediano x1 | Semillas de chía 1 cda x1,Piña 1 taza x1 | Queso fresco Dos Pinos 30 g x1,Atún en agua Sardimar 1 lata x1 | Pasta integral cocida 1 taza x1 | Ensalada verde 1 taza x1,Yogurt griego natural Dos Pinos 150 g x1,Pechuga de pollo a la plancha 120 g x1 | Camote cocido 150 g x1 | Ensalada verde 1 taza x1
JorgeP,2026-02-07,Yogurt griego natural Dos Pinos 150 g x1 | Granola artesanal 30 g x1 | Fresas 1 taza x1 | Mantequilla de maní 1 cda x1,Manzana mediana x1 | Almendras 20 g x1,Pechuga de pollo a la plancha 120 g x1 | Arroz integral cocido 1 taza x1 | Frijoles negros cocidos 1 taza x1 | Ensalada verde 1 taza x1 | Aguacate 1/2 unidad x1,Papaya 1 taza x1 | Almendras 20 g x1,Pechuga de pollo a la plancha 120 g x1 | Camote cocido 150 g x1 | Ensalada verde 1 taza x1
JorgeP,2026-02-08,Cereal Chokos Jack's 30 g x1 | Leche más proteína Dos Pinos 250 ml x1 | Manzana mediana x1,Papaya 1 taza x1 | Galleta soda Pozuelo 4 unidades x1,Lomo de cerdo a la plancha 120 g x1 | Yuca cocida 150 g x1 | Pico de gallo 1 porción x1 | Ensalada verde 1 taza x1,Yogurt griego natural Dos Pinos 150 g x1 | Pepino 1 taza x1,Tilapia al horno 120 g x1 | Papa cocida 150 g x1 | Vegetales salteados 1 taza x1
JorgeP,2026-02-09,Avena en hojuelas 40 g x1 | Leche descremada Dos Pinos 250 ml x1 | Banano mediano x1 | Semillas de chía 1 cda x1,Barra de cereal Jack's 1 unidad x1 | Leche descremada Dos Pinos 250 ml x1,Tilapia al horno 120 g x1 | Arroz blanco cocido 1 taza x1 | Vegetales salteados 1 taza x1 | Aguacate 1/2 unidad x1,Batido de proteína 1 porción x1 | Banano mediano x1,Ensalada de atún 1 porción x1 | Galleta soda Pozuelo 4 unidades x1
JorgeP,2026-02-10,Pan blanco Musmanni 2 rebanadas x1 | Queso fresco Dos Pinos 30 g x1 | Yogurt de fresa Dos Pinos 125 g x1 | Banano mediano x1,Barra de cereal Jack's 1 unidad x1 | Leche descremada Dos Pinos 250 ml x1,Carne molida magra 120 g x1 | Camote cocido 150 g x1 | Brócoli al vapor 1 taza x1,Barra de cereal Jack's 1 unidad x1 | Manzana mediana x1,Wrap de pollo 1 unidad x1 | Pepino 1 taza x1
JorgeP,2026-02-11,Tortilla de maíz 2 unidades x1 | Huevo entero 1 unidad x2 | Queso mozzarella Dos Pinos 30 g x1 | Piña 1 taza x1,Yogurt griego natural Dos Pinos 150 g x1 | Banano mediano x1,Tilapia al horno 120 g x1 | Arroz blanco cocido 1 taza x1 | Vegetales salteados 1 taza x1 | Aguacate 1/2 unidad x1,Yogurt de fresa Dos Pinos 125 g x1 | Galleta maría Pozuelo 4 unidades x1,Omelette de espinaca 1 porción x1 | Aguacate 1/2 unidad x1 | Tomate 1 unidad x1
JorgeP,2026-02-12,Avena en hojuelas 40 g x1 | Leche descremada Dos Pinos 250 ml x1 | Banano mediano x1 | Semillas de chía 1 cda x1,Piña 1 taza x1 | Queso fresco Dos Pinos 30 g x1,Tilapia al horno 120 g x1 | Arroz blanco cocido 1 taza x1 | Vegetales salteados 1 taza x1 | Aguacate 1/2 unidad x1,Papaya 1 taza x1 | Almendras 20 g x1,Tilapia al horno 120 g x1 | Papa cocida 150 g x1 | Vegetales salteados 1 taza x1
JorgeP,2026-02-13,Pan blanco Musmanni 2 rebanadas x1 | Queso fresco Dos Pinos 30 g x1 | Yogurt de fresa Dos Pinos 125 g x1 | Banano mediano x1,Papaya 1 taza x1 | Galleta soda Pozuelo 4 unidades x1,Lomo de cerdo a la plancha 120 g x1 | Yuca cocida 150 g x1 | Pico de gallo 1 porción x1 | Ensalada verde 1 taza x1,Yogurt de fresa Dos Pinos 125 g x1 | Galleta maría Pozuelo 4 unidades x1,Wrap de pollo 1 unidad x1 | Pepino 1 taza x1
JorgeP,2026-02-14,Gallo pinto casero 1 taza x1 | Huevo entero 1 unidad x2 | Queso fresco Dos Pinos 30 g x1 | Papaya 1 taza x1,Papaya 1 taza x1 | Galleta soda Pozuelo 4 unidades x1,Casado con pollo 1 plato x1,Papaya 1 taza x1 | Almendras 20 g x1,Wrap de pollo 1 unidad x1 | Pepino 1 taza x1
JorgeP,2026-02-15,Cereal Chokos Jack's 30 g x1 | Leche más proteína Dos Pinos 250 ml x1 | Manzana mediana x1,Sandía 1 taza x1 | Nueces mixtas 20 g x1,Tilapia al horno 120 g x1 | Arroz blanco cocido 1 taza x1 | Vegetales salteados 1 taza x1 | Aguacate 1/2 unidad x1,Barra de cereal Jack's 1 unidad x1 | Manzana mediana x1,Salmón al horno 120 g x1 | Arroz integral cocido 1 taza x1 | Brócoli al vapor 1 taza x1
JorgeP,2026-02-16,Avena en hojuelas 40 g x1 | Leche descremada Dos Pinos 250 ml x1 | Banano mediano x1 | Semillas de chía 1 cda x1,Papaya 1 taza x1 | Galleta soda Pozuelo 4 unidades x1,Lomo de cerdo a la plancha 120 g x1 | Yuca cocida 150 g x1 | Pico de gallo 1 porción x1 | Ensalada verde 1 taza x1,Yogurt griego natural Dos Pinos 150 g x1 | Pepino 1 taza x1,Ensalada de atún 1 porción x1 | Galleta soda Pozuelo 4 unidades x1
JorgeP,2026-02-17,Avena en hojuelas 40 g x1 | Leche descremada Dos Pinos 250 ml x1 | Banano mediano x1 | Semillas de chía 1 cda x1,Yogurt griego natural Dos Pinos 150 g x1 | Banano mediano x1,Atún en agua Sardimar 1 lata x1 | Pasta integral cocida 1 taza x1 | Ensalada verde 1 taza x1,Yogurt griego natural Dos Pinos 150 g x1,Pechuga de pollo a la plancha 120 g x1 | Camote cocido 150 g x1 | Ensalada verde 1 taza x1
JoséB,2026-01-01,Gallo pinto casero 1 taza x1 | Huevo entero 1 unidad x2 | Queso fresco Dos Pinos 30 g x1 | Papaya 1 taza x1,Barra de cereal Jack's 1 unidad x1 | Leche descremada Dos Pinos 250 ml x1,Casado con pollo 1 plato x1,Queso cottage Dos Pinos 1 taza x1 | Piña 1 taza x1,Ensalada de atún 1 porción x1 | Galleta soda Pozuelo 4 unidades x1
JoséB,2026-01-02,Gallo pinto casero 1 taza x1 | Huevo entero 1 unidad x2 | Queso fresco Dos Pinos 30 g x1 | Papaya 1 taza x1,Barra de cereal Jack's 1 unidad x1 | Leche descremada Dos Pinos 250 ml x1 | Manzana mediana x1,Atún en agua Sardimar 1 lata x1 | Pasta integral cocida 1 taza x1 | Ensalada verde 1 taza x1,Yogurt de fresa Dos Pinos 125 g x1 | Galleta maría Pozuelo 4 unidades x1,Wrap de pollo 1 unidad x1 | Pepino 1 taza x1
JoséB,2026-01-03,Gallo pinto casero 1 taza x1 | Huevo entero 1 unidad x2 | Queso fresco Dos Pinos 30 g x1 | Papaya 1 taza x1,Barra de cereal Jack's 1 unidad x1 | Leche descremada Dos Pinos 250 ml x1 | Manzana mediana x1,Casado con pollo 1 plato x1,Yogurt de fresa Dos Pinos 125 g x1 | Galleta maría Pozuelo 4 unidades x1,Omelette de espinaca 1 porción x1 | Aguacate 1/2 unidad x1 | Tomate 1 unidad x1
JoséB,2026-01-04,Gallo pinto casero 1 taza x1 | Huevo entero 1 unidad x2 | Queso fresco Dos Pinos 30 g x1 | Papaya 1 taza x1,Piña 1 taza x1 | Queso fresco Dos Pinos 30 g x1,Pechuga de pollo a la plancha 120 g x1 | Arroz integral cocido 1 taza x1 | Frijoles negros cocidos 1 taza x1 | Ensalada verde 1 taza x1 | Aguacate 1/2 unidad x1,Papaya 1 taza x1 | Almendras 20 g x1,Pechuga de pollo a la plancha 120 g x1 | Camote cocido 150 g x1 | Ensalada verde 1 taza x1
JoséB,2026-01-05,Tortilla de maíz 2 unidades x1 | Huevo entero 1 unidad x2 | Queso mozzarella Dos Pinos 30 g x1 | Piña 1 taza x1,Manzana mediana x1 | Almendras 20 g x1 | Manzana mediana x1,Lomo de cerdo a la plancha 120 g x1 | Yuca cocida 150 g x1 | Pico de gallo 1 porción x1 | Ensalada verde 1 taza x1,Yogurt de fresa Dos Pinos 125 g x1 | Galleta maría Pozuelo 4 unidades x1,Salmón al horno 120 g x1 | Arroz integral cocido 1 taza x1 | Brócoli al vapor 1 taza x1
JoséB,2026-01-06,Tortilla de maíz 2 unidades x1 | Huevo entero 1 unidad x2 | Queso mozzarella Dos Pinos 30 g x1 | Piña 1 taza x1,Sandía 1 taza x1 | Nueces mixtas 20 g x1,Pechuga de pollo a la plancha 120 g x1 | Arroz integral cocido 1 taza x1 | Frijoles negros cocidos 1 taza x1 | Ensalada verde 1 taza x1 | Aguacate 1/2 unidad x1,Papaya 1 taza x1 | Almendras 20 g x1,Pechuga de pollo a la plancha 120 g x1 | Camote cocido 150 g x1 | Ensalada verde 1 taza x1
JoséB,2026-01-07,Gallo pinto casero 1 taza x1 | Huevo entero 1 unidad x2 | Queso fresco Dos Pinos 30 g x1 | Papaya 1 taza x1,Manzana mediana x1 | Almendras 20 g x1,Tilapia al horno 120 g x1 | Arroz blanco cocido 1 taza x1 | Vegetales salteados 1 taza x1 | Aguacate 1/2 unidad x1,Yogurt de fresa Dos Pinos 125 g x1 | Galleta maría Pozuelo 4 unidades x1,Omelette de espinaca 1 porción x1 | Aguacate 1/2 unidad x1 | Tomate 1 unidad x1
JoséB,2026-01-08,Yogurt griego natural Dos Pinos 150 g x1 | Granola artesanal 30 g x1 | Fresas 1 taza x1 | Mantequilla de maní 1 cda x1,Sandía 1 taza x1 | Nueces mixtas 20 g x1,Pechuga de pollo a la plancha 120 g x1 | Arroz integral cocido 1 taza x1 | Frijoles negros cocidos 1 taza x1 | Ensalada verde 1 taza x1 | Aguacate 1/2 unidad x1,Papaya 1 taza x1 | Almendras 20 g x1,Pechuga de pollo a la plancha 120 g x1 | Camote cocido 150 g x1 | Ensalada verde 1 taza x1
JoséB,2026-01-09,Cereal Chokos Jack's 30 g x1 | Leche más proteína Dos Pinos 250 ml x1 | Manzana mediana x1,Manzana mediana x1 | Almendras 20 g x1,Tilapia al horno 120 g x1 | Arroz blanco cocido 1 taza x1 | Vegetales salteados 1 taza x1 | Aguacate 1/2 unidad x1,Meneitos Jack's 25 g x1 | Yogurt griego natural Dos Pinos 150 g x1,Tilapia al horno 120 g x1 | Papa cocida 150 g x1 | Vegetales salteados 1 taza x1
JoséB,2026-01-10,Cereal Chokos Jack's 30 g x1 | Leche más proteína Dos Pinos 250 ml x1 | Manzana mediana x1,Papaya 1 taza x1 | Galleta soda Pozuelo 4 unidades x1,Carne molida magra 120 g x1 | Camote cocido 150 g x1 | Brócoli al vapor 1 taza x1,Papaya 1 taza x1 | Almendras 20 g x1,Pechuga de pollo a la plancha 120 g x1 | Camote cocido 150 g x1 | Ensalada verde 1 taza x1
JoséB,2026-01-11,Pan blanco Musmanni 2 rebanadas x1 | Queso fresco Dos Pinos 30 g x1 | Yogurt de fresa Dos Pinos 125 g x1 | Banano mediano x1,Manzana mediana x1 | Almendras 20 g x1,Casado con pollo 1 plato x1,Barra de cereal Jack's 1 unidad x1 | Manzana mediana x1,Wrap de pollo 1 unidad x1 | Pepino 1 taza x1
JoséB,2026-01-12,Pan blanco Musmanni 2 rebanadas x1 | Queso fresco Dos Pinos 30 g x1 | Yogurt de fresa Dos Pinos 125 g x1 | Banano mediano x1,Papaya 1 taza x1 | Galleta soda Pozuelo 4 unidades x1,Carne molida magra 120 g x1 | Camote cocido 150 g x1 | Brócoli al vapor 1 taza x1,Meneitos Jack's 25 g x1 | Yogurt griego natural Dos Pinos 150 g x1,Pechuga de pollo a la plancha 120 g x1 | Camote cocido 150 g x1 | Ensalada verde 1 taza x1
JoséB,2026-01-13,Avena en hojuelas 40 g x1 | Leche descremada Dos Pinos 250 ml x1 | Banano mediano x1 | Semillas de chía 1 cda x1,Papaya 1 taza x1 | Galleta soda Pozuelo 4 unidades x1 | Manzana mediana x1,Casado con pollo 1 plato x1,Queso cottage Dos Pinos 1 taza x1 | Piña 1 taza x1,Salmón al horno 120 g x1 | Arroz integral cocido 1 taza x1 | Brócoli al vapor 1 taza x1
JoséB,2026-01-14,Pan cuadrado integral Musmanni 2 rebanadas x1 | Revuelto de huevo con tomate 1 porción x1 | Aguacate 1/2 unidad x1 | Café negro 1 taza x1,Piña 1 taza x1 | Queso fresco Dos Pinos 30 g x1,Pechuga de pollo a la plancha 120 g x1 | Arroz integral cocido 1 taza x1 | Frijoles negros cocidos 1 taza x1 | Ensalada verde 1 taza x1 | Aguacate 1/2 unidad x1,Queso cottage Dos Pinos 1 taza x1 | Piña 1 taza x1,Tilapia al horno 120 g x1 | Papa cocida 150 g x1 | Vegetales salteados 1 taza x1
JoséB,2026-01-15,Pan blanco Musmanni 2 rebanadas x1 | Queso fresco Dos Pinos 30 g x1 | Yogurt de fresa Dos Pinos 125 g x1 | Banano mediano x1,Manzana mediana x1 | Almendras 20 g x1,Carne molida magra 120 g x1 | Camote cocido 150 g x1 | Brócoli al vapor 1 taza x1,Queso cottage Dos Pinos 1 taza x1 | Piña 1 taza x1,Omelette de espinaca 1 porción x1 | Aguacate 1/2 unidad x1 | Tomate 1 unidad x1
JoséB,2026-01-16,Pan cuadrado integral Musmanni 2 rebanadas x1 | Revuelto de huevo con tomate 1 porción x1 | Aguacate 1/2 unidad x1 | Café negro 1 taza x1,Yogurt griego natural Dos Pinos 150 g x1 | Banano mediano x1,Casado con pollo 1 plato x1,Batido de proteína 1 porción x1 | Banano mediano x1,Omelette de espinaca 1 porción x1 | Aguacate 1/2 unidad x1 | Tomate 1 unidad x1
JoséB,2026-01-17,Cereal Chokos Jack's 30 g x1 | Leche más proteína Dos Pinos 250 ml x1 | Manzana mediana x1,Yogurt griego natural Dos Pinos 150 g x1 | Banano mediano x1,Atún en agua Sardimar 1 lata x1 | Pasta integral cocida 1 taza x1 | Ensalada verde 1 taza x1,Yogurt de fresa Dos Pinos 125 g x1 | Galleta maría Pozuelo 4 unidades x1,Tilapia al horno 120 g x1 | Papa cocida 150 g x1 | Vegetales salteados 1 taza x1
JoséB,2026-01-18,Avena en hojuelas 40 g x1 | Leche descremada Dos Pinos 250 ml x1 | Banano mediano x1 | Semillas de chía 1 cda x1,Sandía 1 taza x1 | Nueces mixtas 20 g x1,Tilapia al horno 120 g x1 | Arroz blanco cocido 1 taza x1 | Vegetales salteados 1 taza x1 | Aguacate 1/2 unidad x1,Yogurt de fresa Dos Pinos 125 g x1 | Galleta maría Pozuelo 4 unidades x1,Pechuga de pollo a la plancha 120 g x1 | Camote cocido 150 g x1 | Ensalada verde 1 taza x1
JoséB,2026-01-19,Avena en hojuelas 40 g x1 | Leche descremada Dos Pinos 250 ml x1 | Banano mediano x1 | Semillas de chía 1 cda x1,Piña 1 taza x1 | Queso fresco Dos Pinos 30 g x1,Casado con pollo 1 plato x1,Papaya 1 taza x1 | Almendras 20 g x1,Sopa negra 1 taza x1 | Queso fresco Dos Pinos 30 g x1 | Tortilla de maíz 2 unidades x1
JoséB,2026-01-20,Yogurt griego natural Dos Pinos 150 g x1 | Granola artesanal 30 g x1 | Fresas 1 taza x1 | Mantequilla de maní 1 cda x1,Piña 1 taza x1 | Queso fresco Dos Pinos 30 g x1 | Manzana mediana x1,Tilapia al horno 120 g x1 | Arroz blanco cocido 1 taza x1 | Vegetales salteados 1 taza x1 | Aguacate 1/2 unidad x1,Queso cottage Dos Pinos 1 taza x1 | Piña 1 taza x1,Sopa negra 1 taza x1 | Queso fresco Dos Pinos 30 g x1 | Tortilla de maíz 2 unidades x1
KarlaF,2026-01-01,Avena en hojuelas 40 g x1 | Leche descremada Dos Pinos 250 ml x1 | Banano mediano x1 | Semillas de chía 1 cda x1,Barra de cereal Jack's 1 unidad x1 | Leche descremada Dos Pinos 250 ml x1,Tilapia al horno 120 g x1 | Arroz blanco cocido 1 taza x1 | Vegetales salteados 1 taza x1 | Aguacate 1/2 unidad x1,Papaya 1 taza x1 | Almendras 20 g x1,Ensalada de atún 1 porción x1 | Galleta soda Pozuelo 4 unidades x1
KarlaF,2026-01-02,Avena en hojuelas 40 g x1 | Leche descremada Dos Pinos 250 ml x1 | Banano mediano x1 | Semillas de chía 1 cda x1,Piña 1 taza x1 | Queso fresco Dos Pinos 30 g x1,Casado con pollo 1 plato x1,Meneitos Jack's 25 g x1 | Yogurt griego natural Dos Pinos 150 g x1,Wrap de pollo 1 unidad x1 | Pepino 1 taza x1
KarlaF,2026-01-03,Tortilla de maíz 2 unidades x1 | Huevo entero 1 unidad x2 | Queso mozzarella Dos Pinos 30 g x1 | Piña 1 taza x1,Yogurt griego natural Dos Pinos 150 g x1 | Banano mediano x1,Carne molida magra 120 g x1 | Camote cocido 150 g x1 | Brócoli al vapor 1 taza x1,Papaya 1 taza x1 | Almendras 20 g x1,Wrap de pollo 1 unidad x1 | Pepino 1 taza x1
KarlaF,2026-01-04,Cereal Chokos Jack's 30 g x1 | Leche más proteína Dos Pinos 250 ml x1 | Manzana mediana x1,Piña 1 taza x1 | Queso fresco Dos Pinos 30 g x1 | Papaya 1 taza x1,Carne molida magra 120 g x1 | Camote cocido 150 g x1 | Brócoli al vapor 1 taza x1,Meneitos Jack's 25 g x1 | Yogurt griego natural Dos Pinos 150 g x1,Salmón al horno 120 g x1 | Arroz integral cocido 1 taza x1 | Brócoli al vapor 1 taza x1
KarlaF,2026-01-05,Yogurt griego natural Dos Pinos 150 g x1 | Granola artesanal 30 g x1 | Fresas 1 taza x1 | Mantequilla de maní 1 cda x1,Barra de cereal Jack's 1 unidad x1 | Leche descremada Dos Pinos 250 ml x1,Pechuga de pollo a la plancha 120 g x1 | Arroz integral cocido 1 taza x1 | Frijoles negros cocidos 1 taza x1 | Ensalada verde 1 taza x1 | Aguacate 1/2 unidad x1,Yogurt de fresa Dos Pinos 125 g x1 | Galleta maría Pozuelo 4 unidades x1,Sopa negra 1 taza x1 | Queso fresco Dos Pinos 30 g x1 | Tortilla de maíz 2 unidades x1
KarlaF,2026-01-06,Avena en hojuelas 40 g x1 | Leche descremada Dos Pinos 250 ml x1 | Banano mediano x1 | Semillas de chía 1 cda x1,Barra de cereal Jack's 1 unidad x1 | Leche descremada Dos Pinos 250 ml x1,Bistec de res 120 g x1 | Papa cocida 150 g x1 | Brócoli al vapor 1 taza x1 | Tomate 1 unidad x1,Papaya 1 taza x1 | Almendras 20 g x1,Wrap de pollo 1 unidad x1 | Pepino 1 taza x1
KarlaF,2026-01-07,Pan blanco Musmanni 2 rebanadas x1 | Queso fresco Dos Pinos 30 g x1 | Yogurt de fresa Dos Pinos 125 g x1 | Banano mediano x1,Sandía 1 taza x1 | Nueces mixtas 20 g x1,Tilapia al horno 120 g x1 | Arroz blanco cocido 1 taza x1 | Vegetales salteados 1 taza x1 | Aguacate 1/2 unidad x1,Meneitos Jack's 25 g x1 | Yogurt griego natural Dos Pinos 150 g x1,Tilapia al horno 120 g x1 | Papa cocida 150 g x1 | Vegetales salteados 1 taza x1
KarlaF,2026-01-08,Gallo pinto casero 1 taza x1 | Huevo entero 1 unidad x2 | Queso fresco Dos Pinos 30 g x1 | Papaya 1 taza x1,Sandía 1 taza x1 | Nueces mixtas 20 g x1,Atún en agua Sardimar 1 lata x1 | Pasta integral cocida 1 taza x1 | Ensalada verde 1 taza x1,Meneitos Jack's 25 g x1 | Yogurt griego natural Dos Pinos 150 g x1,Pechuga de pollo a la plancha 120 g x1 | Camote cocido 150 g x1 | Ensalada verde 1 taza x1
KarlaF,2026-01-09,Avena en hojuelas 40 g x1 | Leche descremada Dos Pinos 250 ml x1 | Banano mediano x1 | Semillas de chía 1 cda x1,Manzana mediana x1 | Almendras 20 g x1,Tilapia al horno 120 g x1 | Arroz blanco cocido 1 taza x1 | Vegetales salteados 1 taza x1 | Aguacate 1/2 unidad x1,Meneitos Jack's 25 g x1 | Yogurt griego natural Dos Pinos 150 g x1,Omelette de espinaca 1 porción x1 | Aguacate 1/2 unidad x1 | Tomate 1 unidad x1
KarlaF,2026-01-10,Cereal Chokos Jack's 30 g x1 | Leche más proteína Dos Pinos 250 ml x1 | Manzana mediana x1,Barra de cereal Jack's 1 unidad x1 | Leche descremada Dos Pinos 250 ml x1,Lomo de cerdo a la plancha 120 g x1 | Yuca cocida 150 g x1 | Pico de gallo 1 porción x1 | Ensalada verde 1 taza x1,Queso cottage Dos Pinos 1 taza x1 | Piña 1 taza x1,Wrap de pollo 1 unidad x1 | Pepino 1 taza x1
KarlaF,2026-01-11,Yogurt griego natural Dos Pinos 150 g x1 | Granola artesanal 30 g x1 | Fresas 1 taza x1 | Mantequilla de maní 1 cda x1,Piña 1 taza x1 | Queso fresco Dos Pinos 30 g x1,Bistec de res 120 g x1 | Papa cocida 150 g x1 | Brócoli al vapor 1 taza x1 | Tomate 1 unidad x1,Barra de cereal Jack's 1 unidad x1 | Manzana mediana x1,Pechuga de pollo a la plancha 120 g x1 | Camote cocido 150 g x1 | Ensalada verde 1 taza x1
KarlaF,2026-01-12,Tortilla de maíz 2 unidades x1 | Huevo entero 1 unidad x2 | Queso mozzarella Dos Pinos 30 g x1 | Piña 1 taza x1,Manzana mediana x1 | Almendras 20 g x1,Atún en agua Sardimar 1 lata x1 | Pasta integral cocida 1 taza x1 | Ensalada verde 1 taza x1,Barra de cereal Jack's 1 unidad x1 | Manzana mediana x1,Wrap de pollo 1 unidad x1 | Pepino 1 taza x1
KarlaF,2026-01-13,Cereal Chokos Jack's 30 g x1 | Leche más proteína Dos Pinos 250 ml x1 | Manzana mediana x1,Papaya 1 taza x1 | Galleta soda Pozuelo 4 unidades x1 | Papaya 1 taza x1,Carne molida magra 120 g x1 | Camote cocido 150 g x1 | Brócoli al vapor 1 taza x1,Batido de proteína 1 porción x1 | Banano mediano x1,Omelette de espinaca 1 porción x1 | Aguacate 1/2 unidad x1 | Tomate 1 unidad x1
KarlaF,2026-01-14,Gallo pinto casero 1 taza x1 | Huevo entero 1 unidad x2 | Queso fresco Dos Pinos 30 g x1 | Papaya 1 taza x1,Papaya 1 taza x1 | Galleta soda Pozuelo 4 unidades x1 | Manzana mediana x1,Casado con pollo 1 plato x1,Papaya 1 taza x1 | Almendras 20 g x1,Wrap de pollo 1 unidad x1 | Pepino 1 taza x1
KarlaF,2026-01-15,Tortilla de maíz 2 unidades x1 | Huevo entero 1 unidad x2 | Queso mozzarella Dos Pinos 30 g x1 | Piña 1 taza x1,Manzana mediana x1 | Almendras 20 g x1,Lomo de cerdo a la plancha 120 g x1 | Yuca cocida 150 g x1 | Pico de gallo 1 porción x1 | Ensalada verde 1 taza x1,Barra de cereal Jack's 1 unidad x1 | Manzana mediana x1,Salmón al horno 120 g x1 | Arroz integral cocido 1 taza x1 | Brócoli al vapor 1 taza x1
KarlaF,2026-01-16,Avena en hojuelas 40 g x1 | Leche descremada Dos Pinos 250 ml x1 | Banano mediano x1 | Semillas de chía 1 cda x1,Piña 1 taza x1 | Queso fresco Dos Pinos 30 g x1,Atún en agua Sardimar 1 lata x1 | Pasta integral cocida 1 taza x1 | Ensalada verde 1 taza x1,Queso cottage Dos Pinos 1 taza x1 | Piña 1 taza x1,Pechuga de pollo a la plancha 120 g x1 | Camote cocido 150 g x1 | Ensalada verde 1 taza x1
KarlaF,2026-01-17,Tortilla de maíz 2 unidades x1 | Huevo entero 1 unidad x2 | Queso mozzarella Dos Pinos 30 g x1 | Piña 1 taza x1,Yogurt griego natural Dos Pinos 150 g x1 | Banano mediano x1,Casado con pollo 1 plato x1,Batido de proteína 1 porción x1 | Banano mediano x1,Sopa negra 1 taza x1 | Queso fresco Dos Pinos 30 g x1 | Tortilla de maíz 2 unidades x1
KarlaF,2026-01-18,Gallo pinto casero 1 taza x1 | Huevo entero 1 unidad x2 | Queso fresco Dos Pinos 30 g x1 | Papaya 1 taza x1,Yogurt griego natural Dos Pinos 150 g x1 | Banano mediano x1 | Manzana mediana x1,Carne molida magra 120 g x1 | Camote cocido 150 g x1 | Brócoli al vapor 1 taza x1,Meneitos Jack's 25 g x1 | Yogurt griego natural Dos Pinos 150 g x1,Sopa negra 1 taza x1 | Queso fresco Dos Pinos 30 g x1 | Tortilla de maíz 2 unidades x1
KarlaF,2026-01-19,Gallo pinto casero 1 taza x1 | Huevo entero 1 unidad x2 | Queso fresco Dos Pinos 30 g x1 | Papaya 1 taza x1,Papaya 1 taza x1 | Galleta soda Pozuelo 4 unidades x1,Carne molida magra 120 g x1 | Camote cocido 150 g x1 | Brócoli al vapor 1 taza x1,Papaya 1 taza x1 | Almendras 20 g x1,Salmón al horno 120 g x1 | Arroz integral cocido 1 taza x1 | Brócoli al vapor 1 taza x1
KarlaF,2026-01-20,Tortilla de maíz 2 unidades x1 | Huevo entero 1 unidad x2 | Queso mozzarella Dos Pinos 30 g x1 | Piña 1 taza x1,Yogurt griego natural Dos Pinos 150 g x1 | Banano mediano x1,Tilapia al horno 120 g x1 | Arroz blanco cocido 1 taza x1 | Vegetales salteados 1 taza x1 | Aguacate 1/2 unidad x1,Queso cottage Dos Pinos 1 taza x1 | Piña 1 taza x1,Sopa negra 1 taza x1 | Queso fresco Dos Pinos 30 g x1 | Tortilla de maíz 2 unidades x1
KarlaF,2026-01-21,Cereal Chokos Jack's 30 g x1 | Leche más proteína Dos Pinos 250 ml x1 | Manzana mediana x1,Sandía 1 taza x1 | Nueces mixtas 20 g x1,Bistec de res 120 g x1 | Papa cocida 150 g x1 | Brócoli al vapor 1 taza x1 | Tomate 1 unidad x1,Papaya 1 taza x1 | Almendras 20 g x1,Wrap de pollo 1 unidad x1 | Pepino 1 taza x1
KarlaF,2026-01-22,Pan cuadrado integral Musmanni 2 rebanadas x1 | Revuelto de huevo con tomate 1 porción x1 | Aguacate 1/2 unidad x1 | Café negro 1 taza x1,Papaya 1 taza x1 | Galleta soda Pozuelo 4 unidades x1 | Manzana mediana x1,Casado con pollo 1 plato x1,Meneitos Jack's 25 g x1 | Yogurt griego natural Dos Pinos 150 g x1,Omelette de espinaca 1 porción x1 | Aguacate 1/2 unidad x1 | Tomate 1 unidad x1
KarlaF,2026-01-23,Pan cuadrado integral Musmanni 2 rebanadas x1 | Revuelto de huevo con tomate 1 porción x1 | Aguacate 1/2 unidad x1 | Café negro 1 taza x1,Sandía 1 taza x1 | Nueces mixtas 20 g x1,Tilapia al horno 120 g x1 | Arroz blanco cocido 1 taza x1 | Vegetales salteados 1 taza x1 | Aguacate 1/2 unidad x1,Yogurt de fresa Dos Pinos 125 g x1 | Galleta maría Pozuelo 4 unidades x1,Omelette de espinaca 1 porción x1 | Aguacate 1/2 unidad x1 | Tomate 1 unidad x1
KarlaF,2026-01-24,Cereal Chokos Jack's 30 g x1 | Leche más proteína Dos Pinos 250 ml x1 | Manzana mediana x1,Manzana mediana x1 | Almendras 20 g x1,Tilapia al horno 120 g x1 | Arroz blanco cocido 1 taza x1 | Vegetales salteados 1 taza x1 | Aguacate 1/2 unidad x1,Papaya 1 taza x1 | Almendras 20 g x1,Ensalada de atún 1 porción x1 | Galleta soda Pozuelo 4 unidades x1
KarlaF,2026-01-25,Cereal Chokos Jack's 30 g x1 | Leche más proteína Dos Pinos 250 ml x1 | Manzana mediana x1,Piña 1 taza x1 | Queso fresco Dos Pinos 30 g x1 | Manzana mediana x1,Pechuga de pollo a la plancha 120 g x1 | Arroz integral cocido 1 taza x1 | Frijoles negros cocidos 1 taza x1 | Ensalada verde 1 taza x1 | Aguacate 1/2 unidad x1,Yogurt de fresa Dos Pinos 125 g x1 | Galleta maría Pozuelo 4 unidades x1,Omelette de espinaca 1 porción x1 | Aguacate 1/2 unidad x1 | Tomate 1 unidad x1
KarlaF,2026-01-26,Pan blanco Musmanni 2 rebanadas x1 | Queso fresco Dos Pinos 30 g x1 | Yogurt de fresa Dos Pinos 125 g x1 | Banano mediano x1,Sandía 1 taza x1 | Nueces mixtas 20 g x1 | Manzana mediana x1,Tilapia al horno 120 g x1 | Arroz blanco cocido 1 taza x1 | Vegetales salteados 1 taza x1 | Aguacate 1/2 unidad x1,Batido de proteína 1 porción x1 | Banano mediano x1,Wrap de pollo 1 unidad x1 | Pepino 1 taza x1
KarlaF,2026-01-27,Tortilla de maíz 2 unidades x1 | Huevo entero 1 unidad x2 | Queso mozzarella Dos Pinos 30 g x1 | Piña 1 taza x1,Papaya 1 taza x1 | Galleta soda Pozuelo 4 unidades x1,Casado con pollo 1 plato x1,Yogurt de fresa Dos Pinos 125 g x1 | Galleta maría Pozuelo 4 unidades x1,Sopa negra 1 taza x1 | Queso fresco Dos Pinos 30 g x1 | Tortilla de maíz 2 unidades x1
KarlaF,2026-01-28,Gallo pinto casero 1 taza x1 | Huevo entero 1 unidad x2 | Queso fresco Dos Pinos 30 g x1 | Papaya 1 taza x1,Manzana mediana x1 | Almendras 20 g x1,Atún en agua Sardimar 1 lata x1 | Pasta integral cocida 1 taza x1 | Ensalada verde 1 taza x1,Yogurt de fresa Dos Pinos 125 g x1 | Galleta maría Pozuelo 4 unidades x1,Ensalada de atún 1 porción x1 | Galleta soda Pozuelo 4 unidades x1
KevinZ,2026-01-01,Claras de huevo 3 unidades x1 | Huevo entero 1 unidad x1 | Queso cottage Dos Pinos 1 taza x1,Nueces mixtas 20 g x1,Pechuga de pollo a la plancha 120 g x1 | Ensalada verde 1 taza x1 | Aguacate 1/2 unidad x1 | Queso mozzarella Dos Pinos 30 g x1,Nueces mixtas 20 g x1,Pechuga de pollo a la plancha 120 g x1 | Brócoli al vapor 1 taza x1 | Queso mozzarella Dos Pinos 30 g x1
KevinZ,2026-01-02,Claras de huevo 3 unidades x1 | Huevo entero 1 unidad x1 | Queso cottage Dos Pinos 1 taza x1,Nueces mixtas 20 g x1,Lomo de cerdo a la plancha 120 g x1 | Brócoli al vapor 1 taza x1 | Queso fresco Dos Pinos 30 g x1,Queso fresco Dos Pinos 30 g x1 | Pepino 1 taza x1,Omelette de espinaca 1 porción x1 | Tomate 1 unidad x1 | Aguacate 1/2 unidad x1
KevinZ,2026-01-03,Huevo entero 1 unidad x2 | Queso fresco Dos Pinos 30 g x1 | Aguacate 1/2 unidad x1 | Café negro 1 taza x1,Aguacate 1/2 unidad x1 | Pepino 1 taza x1,Bistec de res 120 g x1 | Vegetales salteados 1 taza x1 | Aguacate 1/2 unidad x1,Almendras 20 g x1 | Yogurt griego natural Dos Pinos 150 g x1,Salmón al horno 120 g x1 | Zucchini salteado 1 taza x1
KevinZ,2026-01-04,Revuelto de huevo con tomate 1 porción x1 | Queso mozzarella Dos Pinos 30 g x1 | Aguacate 1/2 unidad x1,Nueces mixtas 20 g x1,Lomo de cerdo a la plancha 120 g x1 | Brócoli al vapor 1 taza x1 | Queso fresco Dos Pinos 30 g x1,Queso cottage Dos Pinos 1 taza x1,Ensalada de atún 1 porción x1 | Pepino 1 taza x1
KevinZ,2026-01-05,Omelette de espinaca 1 porción x1 | Natilla liviana Dos Pinos 1 cda x1 | Café negro 1 taza x1,Almendras 20 g x1 | Queso fresco Dos Pinos 30 g x1,Lomo de cerdo a la plancha 120 g x1 | Brócoli al vapor 1 taza x1 | Queso fresco Dos Pinos 30 g x1,Nueces mixtas 20 g x1,Salmón al horno 120 g x1 | Zucchini salteado 1 taza x1
KevinZ,2026-01-06,Omelette de espinaca 1 porción x1 | Natilla liviana Dos Pinos 1 cda x1 | Café negro 1 taza x1,Yogurt griego natural Dos Pinos 150 g x1,Salmón al horno 120 g x1 | Brócoli al vapor 1 taza x1 | Zucchini salteado 1 taza x1,Almendras 20 g x1 | Yogurt griego natural Dos Pinos 150 g x1,Pechuga de pollo a la plancha 120 g x1 | Brócoli al vapor 1 taza x1 | Queso mozzarella Dos Pinos 30 g x1
KevinZ,2026-01-07,Yogurt griego natural Dos Pinos 150 g x1 | Almendras 20 g x1 | Fresas 1 taza x1,Yogurt griego natural Dos Pinos 150 g x1,Atún en agua Sardimar 1 lata x1 | Ensalada verde 1 taza x1 | Tomate 1 unidad x1 | Aguacate 1/2 unidad x1,Queso fresco Dos Pinos 30 g x1 | Pepino 1 taza x1,Salmón al horno 120 g x1 | Zucchini salteado 1 taza x1
KevinZ,2026-01-08,Revuelto de huevo con tomate 1 porción x1 | Queso mozzarella Dos Pinos 30 g x1 | Aguacate 1/2 unidad x1,Almendras 20 g x1 | Queso fresco Dos Pinos 30 g x1,Bistec de res 120 g x1 | Vegetales salteados 1 taza x1 | Aguacate 1/2 unidad x1,Almendras 20 g x1 | Yogurt griego natural Dos Pinos 150 g x1,Omelette de espinaca 1 porción x1 | Tomate 1 unidad x1 | Aguacate 1/2 unidad x1
KevinZ,2026-01-09,Revuelto de huevo con tomate 1 porción x1 | Queso mozzarella Dos Pinos 30 g x1 | Aguacate 1/2 unidad x1,Nueces mixtas 20 g x1,Salmón al horno 120 g x1 | Brócoli al vapor 1 taza x1 | Zucchini salteado 1 taza x1,Queso cottage Dos Pinos 1 taza x1,Ensalada de atún 1 porción x1 | Pepino 1 taza x1
KevinZ,2026-01-10,Claras de huevo 3 unidades x1 | Huevo entero 1 unidad x1 | Queso cottage Dos Pinos 1 taza x1,Yogurt griego natural Dos Pinos 150 g x1,Salmón al horno 120 g x1 | Brócoli al vapor 1 taza x1 | Zucchini salteado 1 taza x1,Nueces mixtas 20 g x1,Tilapia al horno 120 g x1 | Ensalada verde 1 taza x1 | Aguacate 1/2 unidad x1
KevinZ,2026-01-11,Huevo entero 1 unidad x2 | Queso fresco Dos Pinos 30 g x1 | Aguacate 1/2 unidad x1 | Café negro 1 taza x1,Nueces mixtas 20 g x1 | Pepino 1 taza x1,Salmón al horno 120 g x1 | Brócoli al vapor 1 taza x1 | Zucchini salteado 1 taza x1,Almendras 20 g x1 | Yogurt griego natural Dos Pinos 150 g x1,Tilapia al horno 120 g x1 | Ensalada verde 1 taza x1 | Aguacate 1/2 unidad x1
KevinZ,2026-01-12,Huevo entero 1 unidad x2 | Queso fresco Dos Pinos 30 g x1 | Aguacate 1/2 unidad x1 | Café negro 1 taza x1,Aguacate 1/2 unidad x1 | Pepino 1 taza x1,Bistec de res 120 g x1 | Vegetales salteados 1 taza x1 | Aguacate 1/2 unidad x1,Queso fresco Dos Pinos 30 g x1 | Pepino 1 taza x1,Tilapia al horno 120 g x1 | Ensalada verde 1 taza x1 | Aguacate 1/2 unidad x1
LauraU,2026-01-01,Cereal Poffis Jack's 30 g x1 | Leche descremada Dos Pinos 250 ml x1 | Manzana mediana x1,Manzana mediana x1 | Almendras 20 g x1,Casado vegetariano 1 plato x1,Yogurt griego natural Dos Pinos 150 g x1 | Fresas 1 taza x1,Sopa negra 1 taza x1 | Queso fresco Dos Pinos 30 g x1 | Tortilla de maíz 2 unidades x1
LauraU,2026-01-02,Bagel integral Musmanni 1 unidad x1 | Queso cottage Dos Pinos 1 taza x1 | Fresas 1 taza x1,Yogurt de fresa Dos Pinos 125 g x1 | Banano mediano x1,Ensalada de garbanzos 1 porción x1 | Pan cuadrado integral Musmanni 2 rebanadas x1,Queso cottage Dos Pinos 1 taza x1 | Piña 1 taza x1,Omelette de espinaca 1 porción x1 | Tomate 1 unidad x1 | Aguacate 1/2 unidad x1
LauraU,2026-01-03,Tortilla de maíz 2 unidades x1 | Queso fresco Dos Pinos 30 g x1 | Tomate 1 unidad x1 | Piña 1 taza x1,Piña 1 taza x1 | Galleta soda Pozuelo 4 unidades x1,Omelette de espinaca 1 porción x1 | Papa cocida 150 g x1 | Ensalada verde 1 taza x1,Galleta maría Pozuelo 4 unidades x1 | Leche descremada Dos Pinos 250 ml x1,Sopa negra 1 taza x1 | Queso fresco Dos Pinos 30 g x1 | Tortilla de maíz 2 unidades x1
LauraU,2026-01-04,Tortilla de maíz 2 unidades x1 | Queso fresco Dos Pinos 30 g x1 | Tomate 1 unidad x1 | Piña 1 taza x1,Sandía 1 taza x1 | Nueces mixtas 20 g x1,Casado vegetariano 1 plato x1,Yogurt griego natural Dos Pinos 150 g x1 | Fresas 1 taza x1,Lentejas cocidas 1 taza x1 | Ensalada verde 1 taza x1 | Bagel integral Musmanni 1 unidad x1
LauraU,2026-01-05,Avena en hojuelas 40 g x1 | Leche descremada Dos Pinos 250 ml x1 | Banano mediano x1 | Semillas de chía 1 cda x1,Manzana mediana x1 | Almendras 20 g x1 | Papaya 1 taza x1,Tofu firme 100 g x1 | Arroz integral cocido 1 taza x1 | Frijoles negros cocidos 1 taza x1 | Ensalada verde 1 taza x1 | Aguacate 1/2 unidad x1,Queso cottage Dos Pinos 1 taza x1 | Piña 1 taza x1,Omelette de espinaca 1 porción x1 | Tomate 1 unidad x1 | Aguacate 1/2 unidad x1
LauraU,2026-01-06,Tortilla de maíz 2 unidades x1 | Queso fresco Dos Pinos 30 g x1 | Tomate 1 unidad x1 | Piña 1 taza x1,Sandía 1 taza x1 | Nueces mixtas 20 g x1,Ensalada de garbanzos 1 porción x1 | Pan cuadrado integral Musmanni 2 rebanadas x1,Galleta maría Pozuelo 4 unidades x1 | Leche descremada Dos Pinos 250 ml x1,Tofu firme 100 g x1 | Vegetales salteados 1 taza x1 | Aguacate 1/2 unidad x1
LauraU,2026-01-07,Avena en hojuelas 40 g x1 | Leche descremada Dos Pinos 250 ml x1 | Banano mediano x1 | Semillas de chía 1 cda x1,Sandía 1 taza x1 | Nueces mixtas 20 g x1,Tofu firme 100 g x1 | Arroz integral cocido 1 taza x1 | Frijoles negros cocidos 1 taza x1 | Ensalada verde 1 taza x1 | Aguacate 1/2 unidad x1,Barra de cereal Jack's 1 unidad x1 | Manzana mediana x1,Omelette de espinaca 1 porción x1 | Tomate 1 unidad x1 | Aguacate 1/2 unidad x1
LauraU,2026-01-08,Pan cuadrado integral Musmanni 2 rebanadas x1 | Omelette de espinaca 1 porción x1 | Aguacate 1/2 unidad x1,Yogurt de fresa Dos Pinos 125 g x1 | Banano mediano x1,Omelette de espinaca 1 porción x1 | Papa cocida 150 g x1 | Ensalada verde 1 taza x1,Barra de cereal Jack's 1 unidad x1 | Manzana mediana x1,Sopa negra 1 taza x1 | Queso fresco Dos Pinos 30 g x1 | Tortilla de maíz 2 unidades x1
LauraU,2026-01-09,Bagel integral Musmanni 1 unidad x1 | Queso cottage Dos Pinos 1 taza x1 | Fresas 1 taza x1,Yogurt de fresa Dos Pinos 125 g x1 | Banano mediano x1,Tofu firme 100 g x1 | Arroz integral cocido 1 taza x1 | Frijoles negros cocidos 1 taza x1 | Ensalada verde 1 taza x1 | Aguacate 1/2 unidad x1,Papaya 1 taza x1 | Almendras 20 g x1,Lentejas cocidas 1 taza x1 | Ensalada verde 1 taza x1 | Bagel integral Musmanni 1 unidad x1
LauraU,2026-01-10,Yogurt griego natural Dos Pinos 150 g x1 | Granola artesanal 30 g x1 | Papaya 1 taza x1,Manzana mediana x1 | Almendras 20 g x1,Tofu firme 100 g x1 | Arroz integral cocido 1 taza x1 | Frijoles negros cocidos 1 taza x1 | Ensalada verde 1 taza x1 | Aguacate 1/2 unidad x1,Queso cottage Dos Pinos 1 taza x1 | Piña 1 taza x1,Lentejas cocidas 1 taza x1 | Ensalada verde 1 taza x1 | Bagel integral Musmanni 1 unidad x1
LuisA,2026-01-01,Avena en hojuelas 40 g x1 | Leche descremada Dos Pinos 250 ml x1 | Banano mediano x1 | Semillas de chía 1 cda x1,Manzana mediana x1 | Almendras 20 g x1 | Barra de cereal Jack's 1 unidad x1,Carne molida magra 120 g x1 | Camote cocido 150 g x1 | Brócoli al vapor 1 taza x1,Queso cottage Dos Pinos 1 taza x2 | Piña 1 taza x1,Sopa negra 1 taza x1 | Queso fresco Dos Pinos 30 g x1 | Tortilla de maíz 2 unidades x1
LuisA,2026-01-02,Gallo pinto casero 1 taza x2 | Huevo entero 1 unidad x2 | Queso fresco Dos Pinos 30 g x1 | Papaya 1 taza x1,Barra de cereal Jack's 1 unidad x1 | Leche descremada Dos Pinos 250 ml x1 | Leche más proteína Dos Pinos 250 ml x1,Carne molida magra 120 g x2 | Camote cocido 150 g x2 | Brócoli al vapor 1 taza x1,Papaya 1 taza x2 | Almendras 20 g x1,Wrap de pollo 1 unidad x1 | Pepino 1 taza x1
LuisA,2026-01-03,Pan blanco Musmanni 2 rebanadas x1 | Queso fresco Dos Pinos 30 g x1 | Yogurt de fresa Dos Pinos 125 g x1 | Banano mediano x1,Yogurt griego natural Dos Pinos 150 g x1 | Banano mediano x1,Atún en agua Sardimar 1 lata x1 | Pasta integral cocida 1 taza x1 | Ensalada verde 1 taza x1,Papaya 1 taza x1 | Almendras 20 g x1 | Leche más proteína Dos Pinos 250 ml x1,Ensalada de atún 1 porción x1 | Galleta soda Pozuelo 4 unidades x1
LuisA,2026-01-04,Tortilla de maíz 2 unidades x2 | Huevo entero 1 unidad x2 | Queso mozzarella Dos Pinos 30 g x1 | Piña 1 taza x1,Piña 1 taza x1 | Queso fresco Dos Pinos 30 g x1,Lomo de cerdo a la plancha 120 g x1 | Yuca cocida 150 g x1 | Pico de gallo 1 porción x1 | Ensalada verde 1 taza x1,Batido de proteína 1 porción x1 | Banano mediano x1,Sopa negra 1 taza x1 | Queso fresco Dos Pinos 30 g x1 | Tortilla de maíz 2 unidades x1
LuisA,2026-01-05,Avena en hojuelas 40 g x1 | Leche descremada Dos Pinos 250 ml x1 | Banano mediano x1 | Semillas de chía 1 cda x1,Piña 1 taza x1 | Queso fresco Dos Pinos 30 g x1,Casado con pollo 1 plato x1,Queso cottage Dos Pinos 1 taza x1 | Piña 1 taza x1,Tilapia al horno 120 g x1 | Papa cocida 150 g x1 | Vegetales salteados 1 taza x1
LuisA,2026-01-06,Pan cuadrado integral Musmanni 2 rebanadas x2 | Revuelto de huevo con tomate 1 porción x1 | Aguacate 1/2 unidad x1 | Café negro 1 taza x1,Sandía 1 taza x1 | Nueces mixtas 20 g x1 | Leche más proteína Dos Pinos 250 ml x1,Bistec de res 120 g x1 | Papa cocida 150 g x1 | Brócoli al vapor 1 taza x1 | Tomate 1 unidad x1,Meneitos Jack's 25 g x1 | Yogurt griego natural Dos Pinos 150 g x1,Ensalada de atún 1 porción x1 | Galleta soda Pozuelo 4 unidades x1
LuisA,2026-01-07,Pan cuadrado integral Musmanni 2 rebanadas x1 | Revuelto de huevo con tomate 1 porción x1 | Aguacate 1/2 unidad x1 | Café negro 1 taza x1,Barra de cereal Jack's 1 unidad x1 | Leche descremada Dos Pinos 250 ml x1,Tilapia al horno 120 g x2 | Arroz blanco cocido 1 taza x1 | Vegetales salteados 1 taza x1 | Aguacate 1/2 unidad x1,Queso cottage Dos Pinos 1 taza x1 | Piña 1 taza x1,Pechuga de pollo a la plancha 120 g x1 | Camote cocido 150 g x2 | Ensalada verde 1 taza x1
LuisA,2026-01-08,Avena en hojuelas 40 g x1 | Leche descremada Dos Pinos 250 ml x1 | Banano mediano x1 | Semillas de chía 1 cda x1,Piña 1 taza x1 | Queso fresco Dos Pinos 30 g x1 | Leche más proteína Dos Pinos 250 ml x1,Pechuga de pollo a la plancha 120 g x2 | Arroz integral cocido 1 taza x1 | Frijoles negros cocidos 1 taza x2 | Ensalada verde 1 taza x1 | Aguacate 1/2 unidad x1,Meneitos Jack's 25 g x1 | Yogurt griego natural Dos Pinos 150 g x1,Omelette de espinaca 1 porción x1 | Aguacate 1/2 unidad x1 | Tomate 1 unidad x1
LuisA,2026-01-09,Cereal Chokos Jack's 30 g x1 | Leche más proteína Dos Pinos 250 ml x1 | Manzana mediana x1,Manzana mediana x1 | Almendras 20 g x1,Lomo de cerdo a la plancha 120 g x1 | Yuca cocida 150 g x1 | Pico de gallo 1 porción x1 | Ensalada verde 1 taza x1,Queso cottage Dos Pinos 1 taza x1 | Piña 1 taza x1 | Banano mediano x1,Wrap de pollo 1 unidad x1 | Pepino 1 taza x1
LuisA,2026-01-10,Cereal Chokos Jack's 30 g x1 | Leche más proteína Dos Pinos 250 ml x2 | Manzana mediana x1,Sandía 1 taza x1 | Nueces mixtas 20 g x1 | Leche más proteína Dos Pinos 250 ml x1,Casado con pollo 1 plato x1,Yogurt de fresa Dos Pinos 125 g x1 | Galleta maría Pozuelo 4 unidades x1,Salmón al horno 120 g x1 | Arroz integral cocido 1 taza x1 | Brócoli al vapor 1 taza x1
LuisA,2026-01-11,Cereal Chokos Jack's 30 g x1 | Leche más proteína Dos Pinos 250 ml x1 | Manzana mediana x1,Manzana mediana x1 | Almendras 20 g x1,Carne molida magra 120 g x2 | Camote cocido 150 g x1 | Brócoli al vapor 1 taza x1,Queso cottage Dos Pinos 1 taza x1 | Piña 1 taza x1 | Leche más proteína Dos Pinos 250 ml x1,Omelette de espinaca 1 porción x1 | Aguacate 1/2 unidad x1 | Tomate 1 unidad x1
LuisA,2026-01-12,Avena en hojuelas 40 g x1 | Leche descremada Dos Pinos 250 ml x1 | Banano mediano x2 | Semillas de chía 1 cda x1,Yogurt griego natural Dos Pinos 150 g x1 | Banano mediano x2,Tilapia al horno 120 g x1 | Arroz blanco cocido 1 taza x1 | Vegetales salteados 1 taza x1 | Aguacate 1/2 unidad x1,Barra de cereal Jack's 1 unidad x1 | Manzana mediana x1 | Leche más proteína Dos Pinos 250 ml x1,Wrap de pollo 1 unidad x1 | Pepino 1 taza x1
LuisA,2026-01-13,Pan cuadrado integral Musmanni 2 rebanadas x1 | Revuelto de huevo con tomate 1 porción x1 | Aguacate 1/2 unidad x1 | Café negro 1 taza x1,Yogurt griego natural Dos Pinos 150 g x1 | Banano mediano x1 | Leche más proteína Dos Pinos 250 ml x1,Atún en agua Sardimar 1 lata x1 | Pasta integral cocida 1 taza x1 | Ensalada verde 1 taza x1,Yogurt de fresa Dos Pinos 125 g x1 | Galleta maría Pozuelo 4 unidades x1,Omelette de espinaca 1 porción x1 | Aguacate 1/2 unidad x1 | Tomate 1 unidad x1
LuisA,2026-01-14,Cereal Chokos Jack's 30 g x1 | Leche más proteína Dos Pinos 250 ml x1 | Manzana mediana x1,Yogurt griego natural Dos Pinos 150 g x1 | Banano mediano x2,Casado con pollo 1 plato x1,Queso cottage Dos Pinos 1 taza x1 | Piña 1 taza x1 | Banano mediano x1,Sopa negra 1 taza x1 | Queso fresco Dos Pinos 30 g x1 | Tortilla de maíz 2 unidades x2
LuisA,2026-01-15,Tortilla de maíz 2 unidades x1 | Huevo entero 1 unidad x2 | Queso mozzarella Dos Pinos 30 g x1 | Piña 1 taza x1,Barra de cereal Jack's 1 unidad x1 | Leche descremada Dos Pinos 250 ml x1 | Leche más proteína Dos Pinos 250 ml x1,Bistec de res 120 g x1 | Papa cocida 150 g x2 | Brócoli al vapor 1 taza x1 | Tomate 1 unidad x1,Yogurt de fresa Dos Pinos 125 g x1 | Galleta maría Pozuelo 4 unidades x1,Ensalada de atún 1 porción x1 | Galleta soda Pozuelo 4 unidades x1
LuisA,2026-01-16,Tortilla de maíz 2 unidades x1 | Huevo entero 1 unidad x2 | Queso mozzarella Dos Pinos 30 g x1 | Piña 1 taza x1,Papaya 1 taza x1 | Galleta soda Pozuelo 4 unidades x1,Atún en agua Sardimar 1 lata x1 | Pasta integral cocida 1 taza x2 | Ensalada verde 1 taza x1,Meneitos Jack's 25 g x1 | Yogurt griego natural Dos Pinos 150 g x1,Ensalada de atún 1 porción x1 | Galleta soda Pozuelo 4 unidades x1
LuisA,2026-01-17,Pan blanco Musmanni 2 rebanadas x1 | Queso fresco Dos Pinos 30 g x1 | Yogurt de fresa Dos Pinos 125 g x1 | Banano mediano x1,Sandía 1 taza x1 | Nueces mixtas 20 g x1,Lomo de cerdo a la plancha 120 g x2 | Yuca cocida 150 g x1 | Pico de gallo 1 porción x1 | Ensalada verde 1 taza x1,Papaya 1 taza x2 | Almendras 20 g x1,Sopa negra 1 taza x1 | Queso fresco Dos Pinos 30 g x1 | Tortilla de maíz 2 unidades x1
LuisA,2026-01-18,Gallo pinto casero 1 taza x2 | Huevo entero 1 unidad x2 | Queso fresco Dos Pinos 30 g x1 | Papaya 1 taza x1,Barra de cereal Jack's 1 unidad x1 | Leche descremada Dos Pinos 250 ml x1,Bistec de res 120 g x2 | Papa cocida 150 g x1 | Brócoli al vapor 1 taza x1 | Tomate 1 unidad x1,Yogurt de fresa Dos Pinos 125 g x1 | Galleta maría Pozuelo 4 unidades x1,Tilapia al horno 120 g x1 | Papa cocida 150 g x1 | Vegetales salteados 1 taza x1
LuisA,2026-01-19,Pan cuadrado integral Musmanni 2 rebanadas x1 | Revuelto de huevo con tomate 1 porción x1 | Aguacate 1/2 unidad x1 | Café negro 1 taza x1,Sandía 1 taza x1 | Nueces mixtas 20 g x1,Casado con pollo 1 plato x1,Batido de proteína 1 porción x1 | Banano mediano x1,Ensalada de atún 1 porción x1 | Galleta soda Pozuelo 4 unidades x1
LuisA,2026-01-20,Avena en hojuelas 40 g x1 | Leche descremada Dos Pinos 250 ml x1 | Banano mediano x1 | Semillas de chía 1 cda x1,Barra de cereal Jack's 1 unidad x1 | Leche descremada Dos Pinos 250 ml x1,Atún en agua Sardimar 1 lata x1 | Pasta integral cocida 1 taza x1 | Ensalada verde 1 taza x1,Yogurt de fresa Dos Pinos 125 g x1 | Galleta maría Pozuelo 4 unidades x1 | Banano mediano x1,Omelette de espinaca 1 porción x1 | Aguacate 1/2 unidad x1 | Tomate 1 unidad x1
LuisA,2026-01-21,Tortilla de maíz 2 unidades x2 | Huevo entero 1 unidad x2 | Queso mozzarella Dos Pinos 30 g x1 | Piña 1 taza x1,Sandía 1 taza x1 | Nueces mixtas 20 g x1 | Banano mediano x1,Casado con pollo 1 plato x1,Batido de proteína 1 porción x1 | Banano mediano x2 | Leche más proteína Dos Pinos 250 ml x1,Salmón al horno 120 g x2 | Arroz integral cocido 1 taza x2 | Brócoli al vapor 1 taza x1
LuisA,2026-01-22,Pan cuadrado integral Musmanni 2 rebanadas x1 | Revuelto de huevo con tomate 1 porción x1 | Aguacate 1/2 unidad x1 | Café negro 1 taza x1,Manzana mediana x1 | Almendras 20 g x1 | Leche más proteína Dos Pinos 250 ml x1,Carne molida magra 120 g x1 | Camote cocido 150 g x2 | Brócoli al vapor 1 taza x1,Barra de cereal Jack's 1 unidad x1 | Manzana mediana x1,Wrap de pollo 1 unidad x1 | Pepino 1 taza x1
LuisA,2026-01-23,Yogurt griego natural Dos Pinos 150 g x1 | Granola artesanal 30 g x1 | Fresas 1 taza x1 | Mantequilla de maní 1 cda x1,Sandía 1 taza x1 | Nueces mixtas 20 g x1,Pechuga de pollo a la plancha 120 g x1 | Arroz integral cocido 1 taza x1 | Frijoles negros cocidos 1 taza x1 | Ensalada verde 1 taza x1 | Aguacate 1/2 unidad x1,Yogurt de fresa Dos Pinos 125 g x1 | Galleta maría Pozuelo 4 unidades x1,Sopa negra 1 taza x1 | Queso fresco Dos Pinos 30 g x1 | Tortilla de maíz 2 unidades x2
LuisA,2026-01-24,Pan blanco Musmanni 2 rebanadas x1 | Queso fresco Dos Pinos 30 g x1 | Yogurt de fresa Dos Pinos 125 g x1 | Banano mediano x1,Yogurt griego natural Dos Pinos 150 g x1 | Banano mediano x2 | Barra de cereal Jack's 1 unidad x1,Casado con pollo 1 plato x1,Barra de cereal Jack's 1 unidad x1 | Manzana mediana x1,Salmón al horno 120 g x1 | Arroz integral cocido 1 taza x1 | Brócoli al vapor 1 taza x1
LuisA,2026-01-25,Pan cuadrado integral Musmanni 2 rebanadas x1 | Revuelto de huevo con tomate 1 porción x1 | Aguacate 1/2 unidad x1 | Café negro 1 taza x1,Yogurt griego natural Dos Pinos 150 g x1 | Banano mediano x1 | Leche más proteína Dos Pinos 250 ml x1,Atún en agua Sardimar 1 lata x1 | Pasta integral cocida 1 taza x1 | Ensalada verde 1 taza x1,Queso cottage Dos Pinos 1 taza x2 | Piña 1 taza x1,Salmón al horno 120 g x1 | Arroz integral cocido 1 taza x2 | Brócoli al vapor 1 taza x1
LuisA,2026-01-26,Pan blanco Musmanni 2 rebanadas x2 | Queso fresco Dos Pinos 30 g x1 | Yogurt de fresa Dos Pinos 125 g x1 | Banano mediano x2,Barra de cereal Jack's 1 unidad x1 | Leche descremada Dos Pinos 250 ml x1,Tilapia al horno 120 g x1 | Arroz blanco cocido 1 taza x1 | Vegetales salteados 1 taza x1 | Aguacate 1/2 unidad x1,Batido de proteína 1 porción x2 | Banano mediano x1,Pechuga de pollo a la plancha 120 g x1 | Camote cocido 150 g x2 | Ensalada verde 1 taza x1
LuisA,2026-01-27,Pan blanco Musmanni 2 rebanadas x2 | Queso fresco Dos Pinos 30 g x1 | Yogurt de fresa Dos Pinos 125 g x1 | Banano mediano x1,Sandía 1 taza x1 | Nueces mixtas 20 g x1,Carne molida magra 120 g x1 | Camote cocido 150 g x1 | Brócoli al vapor 1 taza x1,Meneitos Jack's 25 g x1 | Yogurt griego natural Dos Pinos 150 g x1,Tilapia al horno 120 g x2 | Papa cocida 150 g x1 | Vegetales salteados 1 taza x1
LuisA,2026-01-28,Yogurt griego natural Dos Pinos 150 g x1 | Granola artesanal 30 g x1 | Fresas 1 taza x1 | Mantequilla de maní 1 cda x1,Sandía 1 taza x1 | Nueces mixtas 20 g x1,Tilapia al horno 120 g x1 | Arroz blanco cocido 1 taza x1 | Vegetales salteados 1 taza x1 | Aguacate 1/2 unidad x1,Batido de proteína 1 porción x1 | Banano mediano x1 | Barra de cereal Jack's 1 unidad x1,Pechuga de pollo a la plancha 120 g x1 | Camote cocido 150 g x1 | Ensalada verde 1 taza x1
LuisA,2026-01-29,Yogurt griego natural Dos Pinos 150 g x1 | Granola artesanal 30 g x1 | Fresas 1 taza x1 | Mantequilla de maní 1 cda x1,Sandía 1 taza x1 | Nueces mixtas 20 g x1,Lomo de cerdo a la plancha 120 g x1 | Yuca cocida 150 g x1 | Pico de gallo 1 porción x1 | Ensalada verde 1 taza x1,Barra de cereal Jack's 1 unidad x1 | Manzana mediana x1,Pechuga de pollo a la plancha 120 g x2 | Camote cocido 150 g x2 | Ensalada verde 1 taza x1
LuisA,2026-01-30,Gallo pinto casero 1 taza x2 | Huevo entero 1 unidad x2 | Queso fresco Dos Pinos 30 g x1 | Papaya 1 taza x1,Barra de cereal Jack's 1 unidad x1 | Leche descremada Dos Pinos 250 ml x1,Carne molida magra 120 g x2 | Camote cocido 150 g x1 | Brócoli al vapor 1 taza x1,Yogurt de fresa Dos Pinos 125 g x1 | Galleta maría Pozuelo 4 unidades x1,Omelette de espinaca 1 porción x1 | Aguacate 1/2 unidad x1 | Tomate 1 unidad x1
LuisA,2026-01-31,Tortilla de maíz 2 unidades x2 | Huevo entero 1 unidad x2 | Queso mozzarella Dos Pinos 30 g x1 | Piña 1 taza x1,Manzana mediana x1 | Almendras 20 g x1 | Leche más proteína Dos Pinos 250 ml x1,Lomo de cerdo a la plancha 120 g x1 | Yuca cocida 150 g x1 | Pico de gallo 1 porción x1 | Ensalada verde 1 taza x1,Barra de cereal Jack's 1 unidad x1 | Manzana mediana x1,Salmón al horno 120 g x2 | Arroz integral cocido 1 taza x1 | Brócoli al vapor 1 taza x1
LuisA,2026-02-01,Gallo pinto casero 1 taza x1 | Huevo entero 1 unidad x2 | Queso fresco Dos Pinos 30 g x1 | Papaya 1 taza x2,Manzana mediana x1 | Almendras 20 g x1 | Barra de cereal Jack's 1 unidad x1,Lomo de cerdo a la plancha 120 g x1 | Yuca cocida 150 g x1 | Pico de gallo 1 porción x1 | Ensalada verde 1 taza x1,Yogurt de fresa Dos Pinos 125 g x1 | Galleta maría Pozuelo 4 unidades x1 | Leche más proteína Dos Pinos 250 ml x1,Salmón al horno 120 g x1 | Arroz integral cocido 1 taza x1 | Brócoli al vapor 1 taza x1
LuisA,2026-02-02,Tortilla de maíz 2 unidades x1 | Huevo entero 1 unidad x2 | Queso mozzarella Dos Pinos 30 g x1 | Piña 1 taza x1,Papaya 1 taza x2 | Galleta soda Pozuelo 4 unidades x1,Carne molida magra 120 g x1 | Camote cocido 150 g x1 | Brócoli al vapor 1 taza x1,Yogurt de fresa Dos Pinos 125 g x1 | Galleta maría Pozuelo 4 unidades x1,Wrap de pollo 1 unidad x1 | Pepino 1 taza x1
LuisA,2026-02-03,Tortilla de maíz 2 unidades x1 | Huevo entero 1 unidad x2 | Queso mozzarella Dos Pinos 30 g x1 | Piña 1 taza x1,Papaya 1 taza x1 | Galleta soda Pozuelo 4 unidades x1,Atún en agua Sardimar 1 lata x1 | Pasta integral cocida 1 taza x2 | Ensalada verde 1 taza x1,Papaya 1 taza x1 | Almendras 20 g x1,Salmón al horno 120 g x1 | Arroz integral cocido 1 taza x2 | Brócoli al vapor 1 taza x1
LuisA,2026-02-04,Yogurt griego natural Dos Pinos 150 g x1 | Granola artesanal 30 g x1 | Fresas 1 taza x1 | Mantequilla de maní 1 cda x1,Piña 1 taza x1 | Queso fresco Dos Pinos 30 g x1,Casado con pollo 1 plato x1,Meneitos Jack's 25 g x1 | Yogurt griego natural Dos Pinos 150 g x1 | Leche más proteína Dos Pinos 250 ml x1,Pechuga de pollo a la plancha 120 g x2 | Camote cocido 150 g x2 | Ensalada verde 1 taza x1
LuisA,2026-02-05,Pan blanco Musmanni 2 rebanadas x1 | Queso fresco Dos Pinos 30 g x1 | Yogurt de fresa Dos Pinos 125 g x1 | Banano mediano x1,Sandía 1 taza x1 | Nueces mixtas 20 g x1,Atún en agua Sardimar 1 lata x1 | Pasta integral cocida 1 taza x1 | Ensalada verde 1 taza x1,Meneitos Jack's 25 g x1 | Yogurt griego natural Dos Pinos 150 g x1,Salmón al horno 120 g x1 | Arroz integral cocido 1 taza x1 | Brócoli al vapor 1 taza x1
LuisA,2026-02-06,Pan cuadrado integral Musmanni 2 rebanadas x1 | Revuelto de huevo con tomate 1 porción x1 | Aguacate 1/2 unidad x1 | Café negro 1 taza x1,Manzana mediana x1 | Almendras 20 g x1,Casado con pollo 1 plato x1,Yogurt de fresa Dos Pinos 125 g x1 | Galleta maría Pozuelo 4 unidades x1 | Leche más proteína Dos Pinos 250 ml x1,Salmón al horno 120 g x2 | Arroz integral cocido 1 taza x1 | Brócoli al vapor 1 taza x1
LuisA,2026-02-07,Pan blanco Musmanni 2 rebanadas x1 | Queso fresco Dos Pinos 30 g x1 | Yogurt de fresa Dos Pinos 125 g x1 | Banano mediano x1,Barra de cereal Jack's 1 unidad x1 | Leche descremada Dos Pinos 250 ml x1,Tilapia al horno 120 g x1 | Arroz blanco cocido 1 taza x1 | Vegetales salteados 1 taza x1 | Aguacate 1/2 unidad x1,Yogurt de fresa Dos Pinos 125 g x1 | Galleta maría Pozuelo 4 unidades x1,Ensalada de atún 1 porción x1 | Galleta soda Pozuelo 4 unidades x1
LuisA,2026-02-08,Pan cuadrado integral Musmanni 2 rebanadas x2 | Revuelto de huevo con tomate 1 porción x1 | Aguacate 1/2 unidad x1 | Café negro 1 taza x1,Manzana mediana x1 | Almendras 20 g x1,Pechuga de pollo a la plancha 120 g x1 | Arroz integral cocido 1 taza x2 | Frijoles negros cocidos 1 taza x1 | Ensalada verde 1 taza x1 | Aguacate 1/2 unidad x1,Barra de cereal Jack's 1 unidad x1 | Manzana mediana x1,Ensalada de atún 1 porción x1 | Galleta soda Pozuelo 4 unidades x1
LuisA,2026-02-09,Avena en hojuelas 40 g x1 | Leche descremada Dos Pinos 250 ml x1 | Banano mediano x1 | Semillas de chía 1 cda x1,Barra de cereal Jack's 1 unidad x1 | Leche descremada Dos Pinos 250 ml x1 | Banano mediano x1,Pechuga de pollo a la plancha 120 g x1 | Arroz integral cocido 1 taza x1 | Frijoles negros cocidos 1 taza x2 | Ensalada verde 1 taza x1 | Aguacate 1/2 unidad x1,Queso cottage Dos Pinos 1 taza x1 | Piña 1 taza x1,Omelette de espinaca 1 porción x1 | Aguacate 1/2 unidad x1 | Tomate 1 unidad x1
LuisA,2026-02-10,Pan cuadrado integral Musmanni 2 rebanadas x1 | Revuelto de huevo con tomate 1 porción x1 | Aguacate 1/2 unidad x1 | Café negro 1 taza x1,Manzana mediana x1 | Almendras 20 g x1,Bistec de res 120 g x1 | Papa cocida 150 g x2 | Brócoli al vapor 1 taza x1 | Tomate 1 unidad x1,Queso cottage Dos Pinos 1 taza x1 | Piña 1 taza x1,Wrap de pollo 1 unidad x1 | Pepino 1 taza x1
LuisA,2026-02-11,Cereal Chokos Jack's 30 g x1 | Leche más proteína Dos Pinos 250 ml x1 | Manzana mediana x1,Papaya 1 taza x1 | Galleta soda Pozuelo 4 unidades x1 | Banano mediano x1,Tilapia al horno 120 g x1 | Arroz blanco cocido 1 taza x1 | Vegetales salteados 1 taza x1 | Aguacate 1/2 unidad x1,Papaya 1 taza x1 | Almendras 20 g x1 | Barra de cereal Jack's 1 unidad x1,Omelette de espinaca 1 porción x1 | Aguacate 1/2 unidad x1 | Tomate 1 unidad x1
LuisA,2026-02-12,Avena en hojuelas 40 g x1 | Leche descremada Dos Pinos 250 ml x1 | Banano mediano x1 | Semillas de chía 1 cda x1,Sandía 1 taza x1 | Nueces mixtas 20 g x1,Pechuga de pollo a la plancha 120 g x2 | Arroz integral cocido 1 taza x1 | Frijoles negros cocidos 1 taza x1 | Ensalada verde 1 taza x1 | Aguacate 1/2 unidad x1,Papaya 1 taza x1 | Almendras 20 g x1,Wrap de pollo 1 unidad x1 | Pepino 1 taza x1
LuisA,2026-02-13,Pan blanco Musmanni 2 rebanadas x1 | Queso fresco Dos Pinos 30 g x1 | Yogurt de fresa Dos Pinos 125 g x1 | Banano mediano x1,Manzana mediana x1 | Almendras 20 g x1,Atún en agua Sardimar 1 lata x2 | Pasta integral cocida 1 taza x1 | Ensalada verde 1 taza x1,Batido de proteína 1 porción x2 | Banano mediano x2,Sopa negra 1 taza x1 | Queso fresco Dos Pinos 30 g x1 | Tortilla de maíz 2 unidades x1
LuisA,2026-02-14,Pan blanco Musmanni 2 rebanadas x1 | Queso fresco Dos Pinos 30 g x1 | Yogurt de fresa Dos Pinos 125 g x1 | Banano mediano x2,Manzana mediana x1 | Almendras 20 g x1,Carne molida magra 120 g x1 | Camote cocido 150 g x2 | Brócoli al vapor 1 taza x1,Batido de proteína 1 porción x1 | Banano mediano x2,Pechuga de pollo a la plancha 120 g x1 | Camote cocido 150 g x2 | Ensalada verde 1 taza x1
LuisA,2026-02-15,Avena en hojuelas 40 g x1 | Leche descremada Dos Pinos 250 ml x1 | Banano mediano x1 | Semillas de chía 1 cda x1,Piña 1 taza x1 | Queso fresco Dos Pinos 30 g x1,Casado con pollo 1 plato x1,Meneitos Jack's 25 g x1 | Yogurt griego natural Dos Pinos 150 g x1 | Banano mediano x1,Wrap de pollo 1 unidad x1 | Pepino 1 taza x1
LuisA,2026-02-16,Cereal Chokos Jack's 30 g x1 | Leche más proteína Dos Pinos 250 ml x1 | Manzana mediana x1,Manzana mediana x1 | Almendras 20 g x1,Carne molida magra 120 g x2 | Camote cocido 150 g x1 | Brócoli al vapor 1 taza x1,Batido de proteína 1 porción x1 | Banano mediano x1,Pechuga de pollo a la plancha 120 g x1 | Camote cocido 150 g x1 | Ensalada verde 1 taza x1
LuisA,2026-02-17,Avena en hojuelas 40 g x1 | Leche descremada Dos Pinos 250 ml x1 | Banano mediano x2 | Semillas de chía 1 cda x1,Papaya 1 taza x1 | Galleta soda Pozuelo 4 unidades x1,Tilapia al horno 120 g x1 | Arroz blanco cocido 1 taza x1 | Vegetales salteados 1 taza x1 | Aguacate 1/2 unidad x1,Queso cottage Dos Pinos 1 taza x1 | Piña 1 taza x1 | Banano mediano x1,Wrap de pollo 1 unidad x1 | Pepino 1 taza x1
LuisA,2026-02-18,Yogurt griego natural Dos Pinos 150 g x1 | Granola artesanal 30 g x1 | Fresas 1 taza x1 | Mantequilla de maní 1 cda x1,Sandía 1 taza x1 | Nueces mixtas 20 g x1,Bistec de res 120 g x1 | Papa cocida 150 g x2 | Brócoli al vapor 1 taza x1 | Tomate 1 unidad x1,Barra de cereal Jack's 1 unidad x1 | Manzana mediana x1,Ensalada de atún 1 porción x1 | Galleta soda Pozuelo 4 unidades x1
LuisA,2026-02-19,Avena en hojuelas 40 g x1 | Leche descremada Dos Pinos 250 ml x1 | Banano mediano x1 | Semillas de chía 1 cda x1,Piña 1 taza x1 | Queso fresco Dos Pinos 30 g x1 | Barra de cereal Jack's 1 unidad x1,Pechuga de pollo a la plancha 120 g x1 | Arroz integral cocido 1 taza x1 | Frijoles negros cocidos 1 taza x1 | Ensalada verde 1 taza x1 | Aguacate 1/2 unidad x1,Meneitos Jack's 25 g x1 | Yogurt griego natural Dos Pinos 150 g x1,Wrap de pollo 1 unidad x1 | Pepino 1 taza x1
LuisA,2026-02-20,Avena en hojuelas 40 g x1 | Leche descremada Dos Pinos 250 ml x1 | Banano mediano x1 | Semillas de chía 1 cda x1,Papaya 1 taza x2 | Galleta soda Pozuelo 4 unidades x1 | Barra de cereal Jack's 1 unidad x1,Atún en agua Sardimar 1 lata x1 | Pasta integral cocida 1 taza x1 | Ensalada verde 1 taza x1,Papaya 1 taza x2 | Almendras 20 g x1 | Banano mediano x1,Omelette de espinaca 1 porción x1 | Aguacate 1/2 unidad x1 | Tomate 1 unidad x1
LuisA,2026-02-21,Pan cuadrado integral Musmanni 2 rebanadas x2 | Revuelto de huevo con tomate 1 porción x1 | Aguacate 1/2 unidad x1 | Café negro 1 taza x1,Papaya 1 taza x2 | Galleta soda Pozuelo 4 unidades x1,Tilapia al horno 120 g x1 | Arroz blanco cocido 1 taza x2 | Vegetales salteados 1 taza x1 | Aguacate 1/2 unidad x1,Batido de proteína 1 porción x2 | Banano mediano x2,Wrap de pollo 1 unidad x1 | Pepino 1 taza x1
LuisA,2026-02-22,Tortilla de maíz 2 unidades x2 | Huevo entero 1 unidad x2 | Queso mozzarella Dos Pinos 30 g x1 | Piña 1 taza x1,Barra de cereal Jack's 1 unidad x1 | Leche descremada Dos Pinos 250 ml x1,Tilapia al horno 120 g x2 | Arroz blanco cocido 1 taza x2 | Vegetales salteados 1 taza x1 | Aguacate 1/2 unidad x1,Batido de proteína 1 porción x1 | Banano mediano x2,Ensalada de atún 1 porción x1 | Galleta soda Pozuelo 4 unidades x1
LuisA,2026-02-23,Tortilla de maíz 2 unidades x1 | Huevo entero 1 unidad x2 | Queso mozzarella Dos Pinos 30 g x1 | Piña 1 taza x1,Yogurt griego natural Dos Pinos 150 g x1 | Banano mediano x1,Bistec de res 120 g x1 | Papa cocida 150 g x1 | Brócoli al vapor 1 taza x1 | Tomate 1 unidad x1,Batido de proteína 1 porción x1 | Banano mediano x2,Wrap de pollo 1 unidad x1 | Pepino 1 taza x1
LuisA,2026-02-24,Cereal Chokos Jack's 30 g x1 | Leche más proteína Dos Pinos 250 ml x1 | Manzana mediana x1,Barra de cereal Jack's 1 unidad x1 | Leche descremada Dos Pinos 250 ml x1,Lomo de cerdo a la plancha 120 g x2 | Yuca cocida 150 g x1 | Pico de gallo 1 porción x1 | Ensalada verde 1 taza x1,Barra de cereal Jack's 1 unidad x1 | Manzana mediana x1,Tilapia al horno 120 g x1 | Papa cocida 150 g x2 | Vegetales salteados 1 taza x1
LuisA,2026-02-25,Yogurt griego natural Dos Pinos 150 g x1 | Granola artesanal 30 g x1 | Fresas 1 taza x1 | Mantequilla de maní 1 cda x1,Piña 1 taza x1 | Queso fresco Dos Pinos 30 g x1,Atún en agua Sardimar 1 lata x1 | Pasta integral cocida 1 taza x1 | Ensalada verde 1 taza x1,Queso cottage Dos Pinos 1 taza x1 | Piña 1 taza x1 | Leche más proteína Dos Pinos 250 ml x1,Tilapia al horno 120 g x2 | Papa cocida 150 g x1 | Vegetales salteados 1 taza x1
LuisA,2026-02-26,Yogurt griego natural Dos Pinos 150 g x1 | Granola artesanal 30 g x1 | Fresas 1 taza x1 | Mantequilla de maní 1 cda x1,Papaya 1 taza x1 | Galleta soda Pozuelo 4 unidades x1,Casado con pollo 1 plato x1,Batido de proteína 1 porción x2 | Banano mediano x2,Pechuga de pollo a la plancha 120 g x1 | Camote cocido 150 g x2 | Ensalada verde 1 taza x1
LuisA,2026-02-27,Tortilla de maíz 2 unidades x2 | Huevo entero 1 unidad x2 | Queso mozzarella Dos Pinos 30 g x1 | Piña 1 taza x1,Piña 1 taza x1 | Queso fresco Dos Pinos 30 g x1,Casado con pollo 1 plato x1,Queso cottage Dos Pinos 1 taza x1 | Piña 1 taza x1,Wrap de pollo 1 unidad x1 | Pepino 1 taza x1
LuisA,2026-02-28,Pan blanco Musmanni 2 rebanadas x2 | Queso fresco Dos Pinos 30 g x1 | Yogurt de fresa Dos Pinos 125 g x1 | Banano mediano x2,Manzana mediana x1 | Almendras 20 g x1,Atún en agua Sardimar 1 lata x1 | Pasta integral cocida 1 taza x1 | Ensalada verde 1 taza x1,Barra de cereal Jack's 1 unidad x1 | Manzana mediana x1,Sopa negra 1 taza x1 | Queso fresco Dos Pinos 30 g x1 | Tortilla de maíz 2 unidades x2
LuisA,2026-03-01,Tortilla de maíz 2 unidades x2 | Huevo entero 1 unidad x2 | Queso mozzarella Dos Pinos 30 g x1 | Piña 1 taza x1,Barra de cereal Jack's 1 unidad x1 | Leche descremada Dos Pinos 250 ml x1,Lomo de cerdo a la plancha 120 g x1 | Yuca cocida 150 g x1 | Pico de gallo 1 porción x1 | Ensalada verde 1 taza x1,Queso cottage Dos Pinos 1 taza x1 | Piña 1 taza x1 | Leche más proteína Dos Pinos 250 ml x1,Ensalada de atún 1 porción x1 | Galleta soda Pozuelo 4 unidades x1
MarianaD,2026-01-01,Pan blanco Musmanni 2 rebanadas x1 | Queso fresco Dos Pinos 30 g x1 | Yogurt de fresa Dos Pinos 125 g x1 | Banano mediano x1,Manzana mediana x1 | Almendras 20 g x1,Atún en agua Sardimar 1 lata x1 | Pasta integral cocida 1 taza x1 | Ensalada verde 1 taza x1,Papaya 1 taza x1 | Almendras 20 g x1,Pechuga de pollo a la plancha 120 g x1 | Camote cocido 150 g x1 | Ensalada verde 1 taza x1
MarianaD,2026-01-02,Cereal Chokos Jack's 30 g x1 | Leche más proteína Dos Pinos 250 ml x1 | Manzana mediana x1,Piña 1 taza x1 | Queso fresco Dos Pinos 30 g x1,Tilapia al horno 120 g x1 | Arroz blanco cocido 1 taza x1 | Vegetales salteados 1 taza x1 | Aguacate 1/2 unidad x1,Batido de proteína 1 porción x1 | Banano mediano x1,Salmón al horno 120 g x1 | Arroz integral cocido 1 taza x1 | Brócoli al vapor 1 taza x1
MarianaD,2026-01-03,Pan blanco Musmanni 2 rebanadas x1 | Queso fresco Dos Pinos 30 g x1 | Yogurt de fresa Dos Pinos 125 g x1 | Banano mediano x1,Papaya 1 taza x1 | Galleta soda Pozuelo 4 unidades x1,Bistec de res 120 g x1 | Papa cocida 150 g x1 | Brócoli al vapor 1 taza x1 | Tomate 1 unidad x1,Papaya 1 taza x1 | Almendras 20 g x1,Omelette de espinaca 1 porción x1 | Aguacate 1/2 unidad x1 | Tomate 1 unidad x1
MarianaD,2026-01-04,Pan blanco Musmanni 2 rebanadas x1 | Queso fresco Dos Pinos 30 g x1 | Yogurt de fresa Dos Pinos 125 g x1 | Banano mediano x1,Yogurt griego natural Dos Pinos 150 g x1 | Banano mediano x1,Bistec de res 120 g x1 | Papa cocida 150 g x1 | Brócoli al vapor 1 taza x1 | Tomate 1 unidad x1,Batido de proteína 1 porción x1 | Banano mediano x1,Wrap de pollo 1 unidad x1 | Pepino 1 taza x1
MarianaD,2026-01-05,Yogurt griego natural Dos Pinos 150 g x1 | Granola artesanal 30 g x1 | Fresas 1 taza x1 | Mantequilla de maní 1 cda x1,Manzana mediana x1 | Almendras 20 g x1,Casado con pollo 1 plato x1,Yogurt de fresa Dos Pinos 125 g x1 | Galleta maría Pozuelo 4 unidades x1,Salmón al horno 120 g x1 | Arroz integral cocido 1 taza x1 | Brócoli al vapor 1 taza x1
MarianaD,2026-01-06,Pan cuadrado integral Musmanni 2 rebanadas x1 | Revuelto de huevo con tomate 1 porción x1 | Aguacate 1/2 unidad x1 | Café negro 1 taza x1,Papaya 1 taza x1 | Galleta soda Pozuelo 4 unidades x1,Atún en agua Sardimar 1 lata x1 | Pasta integral cocida 1 taza x1 | Ensalada verde 1 taza x1,Queso cottage Dos Pinos 1 taza x1 | Piña 1 taza x1,Tilapia al horno 120 g x1 | Papa cocida 150 g x1 | Vegetales salteados 1 taza x1
MarianaD,2026-01-07,Yogurt griego natural Dos Pinos 150 g x1 | Granola artesanal 30 g x1 | Fresas 1 taza x1 | Mantequilla de maní 1 cda x1,Piña 1 taza x1 | Queso fresco Dos Pinos 30 g x1,Bistec de res 120 g x1 | Papa cocida 150 g x1 | Brócoli al vapor 1 taza x1 | Tomate 1 unidad x1,Queso cottage Dos Pinos 1 taza x1 | Piña 1 taza x1,Salmón al horno 120 g x1 | Arroz integral cocido 1 taza x1 | Brócoli al vapor 1 taza x1
MarianaD,2026-01-08,Tortilla de maíz 2 unidades x1 | Huevo entero 1 unidad x2 | Queso mozzarella Dos Pinos 30 g x1 | Piña 1 taza x1,Yogurt griego natural Dos Pinos 150 g x1 | Banano mediano x1,Pechuga de pollo a la plancha 120 g x1 | Arroz integral cocido 1 taza x1 | Frijoles negros cocidos 1 taza x1 | Ensalada verde 1 taza x1 | Aguacate 1/2 unidad x1,Batido de proteína 1 porción x1 | Banano mediano x1,Tilapia al horno 120 g x1 | Papa cocida 150 g x1 | Vegetales salteados 1 taza x1
MarianaD,2026-01-09,Pan blanco Musmanni 2 rebanadas x1 | Queso fresco Dos Pinos 30 g x1 | Yogurt de fresa Dos Pinos 125 g x1 | Banano mediano x1,Sandía 1 taza x1 | Nueces mixtas 20 g x1,Lomo de cerdo a la plancha 120 g x1 | Yuca cocida 150 g x1 | Pico de gallo 1 porción x1 | Ensalada verde 1 taza x1,Yogurt de fresa Dos Pinos 125 g x1 | Galleta maría Pozuelo 4 unidades x1,Pechuga de pollo a la plancha 120 g x1 | Camote cocido 150 g x1 | Ensalada verde 1 taza x1
MarianaD,2026-01-10,Gallo pinto casero 1 taza x1 | Huevo entero 1 unidad x2 | Queso fresco Dos Pinos 30 g x1 | Papaya 1 taza x1,Manzana mediana x1 | Almendras 20 g x1,Atún en agua Sardimar 1 lata x1 | Pasta integral cocida 1 taza x1 | Ensalada verde 1 taza x1,Queso cottage Dos Pinos 1 taza x1 | Piña 1 taza x1,Wrap de pollo 1 unidad x1 | Pepino 1 taza x1
MarianaD,2026-01-11,Yogurt griego natural Dos Pinos 150 g x1 | Granola artesanal 30 g x1 | Fresas 1 taza x1 | Mantequilla de maní 1 cda x1,Papaya 1 taza x1 | Galleta soda Pozuelo 4 unidades x1,Casado con pollo 1 plato x1,Yogurt griego natural Dos Pinos 150 g x1,Pechuga de pollo a la plancha 120 g x1 | Camote cocido 150 g x1 | Ensalada verde 1 taza x1
MarianaD,2026-01-12,Pan blanco Musmanni 2 rebanadas x1 | Queso fresco Dos Pinos 30 g x1 | Yogurt de fresa Dos Pinos 125 g x1 | Banano mediano x1,Yogurt griego natural Dos Pinos 150 g x1 | Banano mediano x1,Carne molida magra 120 g x1 | Camote cocido 150 g x1 | Brócoli al vapor 1 taza x1,Queso cottage Dos Pinos 1 taza x1 | Piña 1 taza x1,Sopa negra 1 taza x1 | Queso fresco Dos Pinos 30 g x1 | Tortilla de maíz 2 unidades x1
MarianaD,2026-01-13,Pan cuadrado integral Musmanni 2 rebanadas x1 | Revuelto de huevo con tomate 1 porción x1 | Aguacate 1/2 unidad x1 | Café negro 1 taza x1,Manzana mediana x1 | Almendras 20 g x1,Bistec de res 120 g x1 | Papa cocida 150 g x1 | Brócoli al vapor 1 taza x1 | Tomate 1 unidad x1,Yogurt griego natural Dos Pinos 150 g x1,Wrap de pollo 1 unidad x1 | Pepino 1 taza x1
MarianaD,2026-01-14,Gallo pinto casero 1 taza x1 | Huevo entero 1 unidad x2 | Queso fresco Dos Pinos 30 g x1 | Papaya 1 taza x1,Barra de cereal Jack's 1 unidad x1 | Leche descremada Dos Pinos 250 ml x1,Atún en agua Sardimar 1 lata x1 | Pasta integral cocida 1 taza x1 | Ensalada verde 1 taza x1,Queso cottage Dos Pinos 1 taza x1 | Piña 1 taza x1,Pechuga de pollo a la plancha 120 g x1 | Camote cocido 150 g x1 | Ensalada verde 1 taza x1
MarianaD,2026-01-15,Avena en hojuelas 40 g x1 | Leche descremada Dos Pinos 250 ml x1 | Banano mediano x1 | Semillas de chía 1 cda x1,Sandía 1 taza x1 | Nueces mixtas 20 g x1,Carne molida magra 120 g x1 | Camote cocido 150 g x1 | Brócoli al vapor 1 taza x1,Batido de proteína 1 porción x1 | Banano mediano x1,Omelette de espinaca 1 porción x1 | Aguacate 1/2 unidad x1 | Tomate 1 unidad x1
MarianaD,2026-01-16,Pan blanco Musmanni 2 rebanadas x1 | Queso fresco Dos Pinos 30 g x1 | Yogurt de fresa Dos Pinos 125 g x1 | Banano mediano x1,Manzana mediana x1 | Almendras 20 g x1,Carne molida magra 120 g x1 | Camote cocido 150 g x1 | Brócoli al vapor 1 taza x1,Papaya 1 taza x1 | Almendras 20 g x1,Sopa negra 1 taza x1 | Queso fresco Dos Pinos 30 g x1 | Tortilla de maíz 2 unidades x1
MarianaD,2026-01-17,Avena en hojuelas 40 g x1 | Leche descremada Dos Pinos 250 ml x1 | Banano mediano x1 | Semillas de chía 1 cda x1,Piña 1 taza x1 | Queso fresco Dos Pinos 30 g x1,Carne molida magra 120 g x1 | Camote cocido 150 g x1 | Brócoli al vapor 1 taza x1,Barra de cereal Jack's 1 unidad x1 | Manzana mediana x1,Salmón al horno 120 g x1 | Arroz integral cocido 1 taza x1 | Brócoli al vapor 1 taza x1
MarianaD,2026-01-18,Pan blanco Musmanni 2 rebanadas x1 | Queso fresco Dos Pinos 30 g x1 | Yogurt de fresa Dos Pinos 125 g x1 | Banano mediano x1,Barra de cereal Jack's 1 unidad x1 | Leche descremada Dos Pinos 250 ml x1,Lomo de cerdo a la plancha 120 g x1 | Yuca cocida 150 g x1 | Pico de gallo 1 porción x1 | Ensalada verde 1 taza x1,Yogurt de fresa Dos Pinos 125 g x1 | Galleta maría Pozuelo 4 unidades x1,Sopa negra 1 taza x1 | Queso fresco Dos Pinos 30 g x1 | Tortilla de maíz 2 unidades x1
MauricioE,2026-01-01,Pan blanco Musmanni 2 rebanadas x1 | Queso fresco Dos Pinos 30 g x1 | Yogurt de fresa Dos Pinos 125 g x1 | Banano mediano x1,Papaya 1 taza x1 | Galleta soda Pozuelo 4 unidades x1 | Manzana mediana x1,Carne molida magra 120 g x1 | Camote cocido 150 g x1 | Brócoli al vapor 1 taza x1,Papaya 1 taza x1 | Almendras 20 g x1,Pechuga de pollo a la plancha 120 g x1 | Camote cocido 150 g x1 | Ensalada verde 1 taza x1
MauricioE,2026-01-02,Pan cuadrado integral Musmanni 2 rebanadas x1 | Revuelto de huevo con tomate 1 porción x1 | Aguacate 1/2 unidad x1 | Café negro 1 taza x1,Yogurt griego natural Dos Pinos 150 g x1 | Banano mediano x1 | Manzana mediana x1,Casado con pollo 1 plato x1,Yogurt de fresa Dos Pinos 125 g x1 | Galleta maría Pozuelo 4 unidades x1,Salmón al horno 120 g x1 | Arroz integral cocido 1 taza x1 | Brócoli al vapor 1 taza x1
MauricioE,2026-01-03,Pan blanco Musmanni 2 rebanadas x1 | Queso fresco Dos Pinos 30 g x1 | Yogurt de fresa Dos Pinos 125 g x1 | Banano mediano x1,Papaya 1 taza x1 | Galleta soda Pozuelo 4 unidades x1 | Manzana mediana x1,Tilapia al horno 120 g x1 | Arroz blanco cocido 1 taza x1 | Vegetales salteados 1 taza x1 | Aguacate 1/2 unidad x1,Queso cottage Dos Pinos 1 taza x1 | Piña 1 taza x1,Pechuga de pollo a la plancha 120 g x1 | Camote cocido 150 g x1 | Ensalada verde 1 taza x1
MauricioE,2026-01-04,Avena en hojuelas 40 g x1 | Leche descremada Dos Pinos 250 ml x1 | Banano mediano x1 | Semillas de chía 1 cda x1,Papaya 1 taza x1 | Galleta soda Pozuelo 4 unidades x1,Tilapia al horno 120 g x1 | Arroz blanco cocido 1 taza x1 | Vegetales salteados 1 taza x1 | Aguacate 1/2 unidad x1,Meneitos Jack's 25 g x1 | Yogurt griego natural Dos Pinos 150 g x1,Tilapia al horno 120 g x1 | Papa cocida 150 g x1 | Vegetales salteados 1 taza x1
MauricioE,2026-01-05,Yogurt griego natural Dos Pinos 150 g x1 | Granola artesanal 30 g x1 | Fresas 1 taza x1 | Mantequilla de maní 1 cda x1,Manzana mediana x1 | Almendras 20 g x1,Atún en agua Sardimar 1 lata x1 | Pasta integral cocida 1 taza x1 | Ensalada verde 1 taza x1,Barra de cereal Jack's 1 unidad x1 | Manzana mediana x1,Salmón al horno 120 g x1 | Arroz integral cocido 1 taza x1 | Brócoli al vapor 1 taza x1
MauricioE,2026-01-06,Cereal Chokos Jack's 30 g x1 | Leche más proteína Dos Pinos 250 ml x1 | Manzana mediana x1,Sandía 1 taza x1 | Nueces mixtas 20 g x1 | Manzana mediana x1,Pechuga de pollo a la plancha 120 g x1 | Arroz integral cocido 1 taza x1 | Frijoles negros cocidos 1 taza x1 | Ensalada verde 1 taza x1 | Aguacate 1/2 unidad x1,Queso cottage Dos Pinos 1 taza x1 | Piña 1 taza x1,Sopa negra 1 taza x1 | Queso fresco Dos Pinos 30 g x1 | Tortilla de maíz 2 unidades x1
MauricioE,2026-01-07,Pan cuadrado integral Musmanni 2 rebanadas x1 | Revuelto de huevo con tomate 1 porción x1 | Aguacate 1/2 unidad x1 | Café negro 1 taza x1,Yogurt griego natural Dos Pinos 150 g x1 | Banano mediano x1,Carne molida magra 120 g x1 | Camote cocido 150 g x1 | Brócoli al vapor 1 taza x1,Meneitos Jack's 25 g x1 | Yogurt griego natural Dos Pinos 150 g x1,Wrap de pollo 1 unidad x1 | Pepino 1 taza x1
MauricioE,2026-01-08,Gallo pinto casero 1 taza x1 | Huevo entero 1 unidad x2 | Queso fresco Dos Pinos 30 g x1 | Papaya 1 taza x1,Papaya 1 taza x1 | Galleta soda Pozuelo 4 unidades x1,Casado con pollo 1 plato x1,Yogurt de fresa Dos Pinos 125 g x1 | Galleta maría Pozuelo 4 unidades x1,Sopa negra 1 taza x1 | Queso fresco Dos Pinos 30 g x1 | Tortilla de maíz 2 unidades x1
MelissaQ,2026-01-01,Pan cuadrado integral Musmanni 2 rebanadas x1 | Revuelto de huevo con tomate 1 porción x1 | Aguacate 1/2 unidad x1 | Café negro 1 taza x1,Manzana mediana x1 | Almendras 20 g x1,Carne molida magra 120 g x1 | Camote cocido 150 g x1 | Brócoli al vapor 1 taza x1,Batido de proteína 1 porción x1 | Banano mediano x1,Omelette de espinaca 1 porción x1 | Aguacate 1/2 unidad x1 | Tomate 1 unidad x1
MelissaQ,2026-01-02,Gallo pinto casero 1 taza x1 | Huevo entero 1 unidad x2 | Queso fresco Dos Pinos 30 g x1 | Papaya 1 taza x1,Piña 1 taza x1 | Queso fresco Dos Pinos 30 g x1,Casado con pollo 1 plato x1,Barra de cereal Jack's 1 unidad x1 | Manzana mediana x1,Sopa negra 1 taza x1 | Queso fresco Dos Pinos 30 g x1 | Tortilla de maíz 2 unidades x1
MelissaQ,2026-01-03,Gallo pinto casero 1 taza x1 | Huevo entero 1 unidad x2 | Queso fresco Dos Pinos 30 g x1 | Papaya 1 taza x1,Papaya 1 taza x1 | Galleta soda Pozuelo 4 unidades x1,Bistec de res 120 g x1 | Papa cocida 150 g x1 | Brócoli al vapor 1 taza x1 | Tomate 1 unidad x1,Papaya 1 taza x1 | Almendras 20 g x1,Pechuga de pollo a la plancha 120 g x1 | Camote cocido 150 g x1 | Ensalada verde 1 taza x1
MelissaQ,2026-01-04,Pan blanco Musmanni 2 rebanadas x1 | Queso fresco Dos Pinos 30 g x1 | Yogurt de fresa Dos Pinos 125 g x1 | Banano mediano x1,Barra de cereal Jack's 1 unidad x1 | Leche descremada Dos Pinos 250 ml x1,Atún en agua Sardimar 1 lata x1 | Pasta integral cocida 1 taza x1 | Ensalada verde 1 taza x1,Papaya 1 taza x1 | Almendras 20 g x1,Sopa negra 1 taza x1 | Queso fresco Dos Pinos 30 g x1 | Tortilla de maíz 2 unidades x1
MelissaQ,2026-01-05,Pan cuadrado integral Musmanni 2 rebanadas x1 | Revuelto de huevo con tomate 1 porción x1 | Aguacate 1/2 unidad x1 | Café negro 1 taza x1,Manzana mediana x1 | Almendras 20 g x1 | Papaya 1 taza x1,Atún en agua Sardimar 1 lata x1 | Pasta integral cocida 1 taza x1 | Ensalada verde 1 taza x1,Meneitos Jack's 25 g x1 | Yogurt griego natural Dos Pinos 150 g x1,Tilapia al horno 120 g x1 | Papa cocida 150 g x1 | Vegetales salteados 1 taza x1
MelissaQ,2026-01-06,Yogurt griego natural Dos Pinos 150 g x1 | Granola artesanal 30 g x1 | Fresas 1 taza x1 | Mantequilla de maní 1 cda x1,Piña 1 taza x1 | Queso fresco Dos Pinos 30 g x1,Atún en agua Sardimar 1 lata x1 | Pasta integral cocida 1 taza x1 | Ensalada verde 1 taza x1,Queso cottage Dos Pinos 1 taza x1 | Piña 1 taza x1,Ensalada de atún 1 porción x1 | Galleta soda Pozuelo 4 unidades x1
MelissaQ,2026-01-07,Pan cuadrado integral Musmanni 2 rebanadas x1 | Revuelto de huevo con tomate 1 porción x1 | Aguacate 1/2 unidad x1 | Café negro 1 taza x1,Barra de cereal Jack's 1 unidad x1 | Leche descremada Dos Pinos 250 ml x1,Tilapia al horno 120 g x1 | Arroz blanco cocido 1 taza x1 | Vegetales salteados 1 taza x1 | Aguacate 1/2 unidad x1,Batido de proteína 1 porción x1 | Banano mediano x1,Pechuga de pollo a la plancha 120 g x1 | Camote cocido 150 g x1 | Ensalada verde 1 taza x1
MelissaQ,2026-01-08,Gallo pinto casero 1 taza x1 | Huevo entero 1 unidad x2 | Queso fresco Dos Pinos 30 g x1 | Papaya 1 taza x1,Sandía 1 taza x1 | Nueces mixtas 20 g x1,Bistec de res 120 g x1 | Papa cocida 150 g x1 | Brócoli al vapor 1 taza x1 | Tomate 1 unidad x1,Queso cottage Dos Pinos 1 taza x1 | Piña 1 taza x1,Salmón al horno 120 g x1 | Arroz integral cocido 1 taza x1 | Brócoli al vapor 1 taza x1
MelissaQ,2026-01-09,Pan blanco Musmanni 2 rebanadas x1 | Queso fresco Dos Pinos 30 g x1 | Yogurt de fresa Dos Pinos 125 g x1 | Banano mediano x1,Papaya 1 taza x1 | Galleta soda Pozuelo 4 unidades x1,Atún en agua Sardimar 1 lata x1 | Pasta integral cocida 1 taza x1 | Ensalada verde 1 taza x1,Batido de proteína 1 porción x1 | Banano mediano x1,Omelette de espinaca 1 porción x1 | Aguacate 1/2 unidad x1 | Tomate 1 unidad x1
MelissaQ,2026-01-10,Pan blanco Musmanni 2 rebanadas x1 | Queso fresco Dos Pinos 30 g x1 | Yogurt de fresa Dos Pinos 125 g x1 | Banano mediano x1,Piña 1 taza x1 | Queso fresco Dos Pinos 30 g x1,Tilapia al horno 120 g x1 | Arroz blanco cocido 1 taza x1 | Vegetales salteados 1 taza x1 | Aguacate 1/2 unidad x1,Queso cottage Dos Pinos 1 taza x1 | Piña 1 taza x1,Sopa negra 1 taza x1 | Queso fresco Dos Pinos 30 g x1 | Tortilla de maíz 2 unidades x1
MelissaQ,2026-01-11,Avena en hojuelas 40 g x1 | Leche descremada Dos Pinos 250 ml x1 | Banano mediano x1 | Semillas de chía 1 cda x1,Manzana mediana x1 | Almendras 20 g x1 | Manzana mediana x1,Casado con pollo 1 plato x1,Yogurt de fresa Dos Pinos 125 g x1 | Galleta maría Pozuelo 4 unidades x1,Pechuga de pollo a la plancha 120 g x1 | Camote cocido 150 g x1 | Ensalada verde 1 taza x1
MelissaQ,2026-01-12,Gallo pinto casero 1 taza x1 | Huevo entero 1 unidad x2 | Queso fresco Dos Pinos 30 g x1 | Papaya 1 taza x1,Papaya 1 taza x1 | Galleta soda Pozuelo 4 unidades x1,Casado con pollo 1 plato x1,Barra de cereal Jack's 1 unidad x1 | Manzana mediana x1,Wrap de pollo 1 unidad x1 | Pepino 1 taza x1
MelissaQ,2026-01-13,Tortilla de maíz 2 unidades x1 | Huevo entero 1 unidad x2 | Queso mozzarella Dos Pinos 30 g x1 | Piña 1 taza x1,Barra de cereal Jack's 1 unidad x1 | Leche descremada Dos Pinos 250 ml x1,Casado con pollo 1 plato x1,Meneitos Jack's 25 g x1 | Yogurt griego natural Dos Pinos 150 g x1,Wrap de pollo 1 unidad x1 | Pepino 1 taza x1
MelissaQ,2026-01-14,Cereal Chokos Jack's 30 g x1 | Leche más proteína Dos Pinos 250 ml x1 | Manzana mediana x1,Piña 1 taza x1 | Queso fresco Dos Pinos 30 g x1 | Manzana mediana x1,Lomo de cerdo a la plancha 120 g x1 | Yuca cocida 150 g x1 | Pico de gallo 1 porción x1 | Ensalada verde 1 taza x1,Meneitos Jack's 25 g x1 | Yogurt griego natural Dos Pinos 150 g x1,Sopa negra 1 taza x1 | Queso fresco Dos Pinos 30 g x1 | Tortilla de maíz 2 unidades x1
MelissaQ,2026-01-15,Yogurt griego natural Dos Pinos 150 g x1 | Granola artesanal 30 g x1 | Fresas 1 taza x1 | Mantequilla de maní 1 cda x1,Barra de cereal Jack's 1 unidad x1 | Leche descremada Dos Pinos 250 ml x1,Carne molida magra 120 g x1 | Camote cocido 150 g x1 | Brócoli al vapor 1 taza x1,Yogurt de fresa Dos Pinos 125 g x1 | Galleta maría Pozuelo 4 unidades x1,Pechuga de pollo a la plancha 120 g x1 | Camote cocido 150 g x1 | Ensalada verde 1 taza x1
MelissaQ,2026-01-16,Pan blanco Musmanni 2 rebanadas x1 | Queso fresco Dos Pinos 30 g x1 | Yogurt de fresa Dos Pinos 125 g x1 | Banano mediano x1,Sandía 1 taza x1 | Nueces mixtas 20 g x1,Atún en agua Sardimar 1 lata x1 | Pasta integral cocida 1 taza x1 | Ensalada verde 1 taza x1,Papaya 1 taza x1 | Almendras 20 g x1,Sopa negra 1 taza x1 | Queso fresco Dos Pinos 30 g x1 | Tortilla de maíz 2 unidades x1
MelissaQ,2026-01-17,Pan cuadrado integral Musmanni 2 rebanadas x1 | Revuelto de huevo con tomate 1 porción x1 | Aguacate 1/2 unidad x1 | Café negro 1 taza x1,Papaya 1 taza x1 | Galleta soda Pozuelo 4 unidades x1,Tilapia al horno 120 g x1 | Arroz blanco cocido 1 taza x1 | Vegetales salteados 1 taza x1 | Aguacate 1/2 unidad x1,Yogurt de fresa Dos Pinos 125 g x1 | Galleta maría Pozuelo 4 unidades x1,Pechuga de pollo a la plancha 120 g x1 | Camote cocido 150 g x1 | Ensalada verde 1 taza x1
MelissaQ,2026-01-18,Tortilla de maíz 2 unidades x1 | Huevo entero 1 unidad x2 | Queso mozzarella Dos Pinos 30 g x1 | Piña 1 taza x1,Papaya 1 taza x1 | Galleta soda Pozuelo 4 unidades x1,Carne molida magra 120 g x1 | Camote cocido 150 g x1 | Brócoli al vapor 1 taza x1,Papaya 1 taza x1 | Almendras 20 g x1,Wrap de pollo 1 unidad x1 | Pepino 1 taza x1
MelissaQ,2026-01-19,Gallo pinto casero 1 taza x1 | Huevo entero 1 unidad x2 | Queso fresco Dos Pinos 30 g x1 | Papaya 1 taza x1,Yogurt griego natural Dos Pinos 150 g x1 | Banano mediano x1 | Papaya 1 taza x1,Pechuga de pollo a la plancha 120 g x1 | Arroz integral cocido 1 taza x1 | Frijoles negros cocidos 1 taza x1 | Ensalada verde 1 taza x1 | Aguacate 1/2 unidad x1,Barra de cereal Jack's 1 unidad x1 | Manzana mediana x1,Sopa negra 1 taza x1 | Queso fresco Dos Pinos 30 g x1 | Tortilla de maíz 2 unidades x1
MelissaQ,2026-01-20,Cereal Chokos Jack's 30 g x1 | Leche más proteína Dos Pinos 250 ml x1 | Manzana mediana x1,Manzana mediana x1 | Almendras 20 g x1 | Manzana mediana x1,Tilapia al horno 120 g x1 | Arroz blanco cocido 1 taza x1 | Vegetales salteados 1 taza x1 | Aguacate 1/2 unidad x1,Batido de proteína 1 porción x1 | Banano mediano x1,Salmón al horno 120 g x1 | Arroz integral cocido 1 taza x1 | Brócoli al vapor 1 taza x1
MelissaQ,2026-01-21,Gallo pinto casero 1 taza x1 | Huevo entero 1 unidad x2 | Queso fresco Dos Pinos 30 g x1 | Papaya 1 taza x1,Papaya 1 taza x1 | Galleta soda Pozuelo 4 unidades x1,Lomo de cerdo a la plancha 120 g x1 | Yuca cocida 150 g x1 | Pico de gallo 1 porción x1 | Ensalada verde 1 taza x1,Yogurt de fresa Dos Pinos 125 g x1 | Galleta maría Pozuelo 4 unidades x1,Salmón al horno 120 g x1 | Arroz integral cocido 1 taza x1 | Brócoli al vapor 1 taza x1
MelissaQ,2026-01-22,Tortilla de maíz 2 unidades x1 | Huevo entero 1 unidad x2 | Queso mozzarella Dos Pinos 30 g x1 | Piña 1 taza x1,Papaya 1 taza x1 | Galleta soda Pozuelo 4 unidades x1,Pechuga de pollo a la plancha 120 g x1 | Arroz integral cocido 1 taza x1 | Frijoles negros cocidos 1 taza x1 | Ensalada verde 1 taza x1 | Aguacate 1/2 unidad x1,Queso cottage Dos Pinos 1 taza x1 | Piña 1 taza x1,Wrap de pollo 1 unidad x1 | Pepino 1 taza x1
MelissaQ,2026-01-23,Pan cuadrado integral Musmanni 2 rebanadas x1 | Revuelto de huevo con tomate 1 porción x1 | Aguacate 1/2 unidad x1 | Café negro 1 taza x1,Sandía 1 taza x1 | Nueces mixtas 20 g x1,Pechuga de pollo a la plancha 120 g x1 | Arroz integral cocido 1 taza x1 | Frijoles negros cocidos 1 taza x1 | Ensalada verde 1 taza x1 | Aguacate 1/2 unidad x1,Papaya 1 taza x1 | Almendras 20 g x1,Tilapia al horno 120 g x1 | Papa cocida 150 g x1 | Vegetales salteados 1 taza x1
MelissaQ,2026-01-24,Yogurt griego natural Dos Pinos 150 g x1 | Granola artesanal 30 g x1 | Fresas 1 taza x1 | Mantequilla de maní 1 cda x1,Papaya 1 taza x1 | Galleta soda Pozuelo 4 unidades x1,Carne molida magra 120 g x1 | Camote cocido 150 g x1 | Brócoli al vapor 1 taza x1,Barra de cereal Jack's 1 unidad x1 | Manzana mediana x1,Salmón al horno 120 g x1 | Arroz integral cocido 1 taza x1 | Brócoli al vapor 1 taza x1
MelissaQ,2026-01-25,Yogurt griego natural Dos Pinos 150 g x1 | Granola artesanal 30 g x1 | Fresas 1 taza x1 | Mantequilla de maní 1 cda x1,Barra de cereal Jack's 1 unidad x1 | Leche descremada Dos Pinos 250 ml x1,Lomo de cerdo a la plancha 120 g x1 | Yuca cocida 150 g x1 | Pico de gallo 1 porción x1 | Ensalada verde 1 taza x1,Batido de proteína 1 porción x1 | Banano mediano x1,Ensalada de atún 1 porción x1 | Galleta soda Pozuelo 4 unidades x1
MelissaQ,2026-01-26,Gallo pinto casero 1 taza x1 | Huevo entero 1 unidad x2 | Queso fresco Dos Pinos 30 g x1 | Papaya 1 taza x1,Manzana mediana x1 | Almendras 20 g x1,Casado con pollo 1 plato x1,Meneitos Jack's 25 g x1 | Yogurt griego natural Dos Pinos 150 g x1,Wrap de pollo 1 unidad x1 | Pepino 1 taza x1
MelissaQ,2026-01-27,Avena en hojuelas 40 g x1 | Leche descremada Dos Pinos 250 ml x1 | Banano mediano x1 | Semillas de chía 1 cda x1,Piña 1 taza x1 | Queso fresco Dos Pinos 30 g x1 | Manzana mediana x1,Casado con pollo 1 plato x1,Meneitos Jack's 25 g x1 | Yogurt griego natural Dos Pinos 150 g x1,Omelette de espinaca 1 porción x1 | Aguacate 1/2 unidad x1 | Tomate 1 unidad x1
MelissaQ,2026-01-28,Pan cuadrado integral Musmanni 2 rebanadas x1 | Revuelto de huevo con tomate 1 porción x1 | Aguacate 1/2 unidad x1 | Café negro 1 taza x1,Papaya 1 taza x1 | Galleta soda Pozuelo 4 unidades x1,Carne molida magra 120 g x1 | Camote cocido 150 g x1 | Brócoli al vapor 1 taza x1,Meneitos Jack's 25 g x1 | Yogurt griego natural Dos Pinos 150 g x1,Sopa negra 1 taza x1 | Queso fresco Dos Pinos 30 g x1 | Tortilla de maíz 2 unidades x1
MelissaQ,2026-01-29,Cereal Chokos Jack's 30 g x1 | Leche más proteína Dos Pinos 250 ml x1 | Manzana mediana x1,Piña 1 taza x1 | Queso fresco Dos Pinos 30 g x1,Lomo de cerdo a la plancha 120 g x1 | Yuca cocida 150 g x1 | Pico de gallo 1 porción x1 | Ensalada verde 1 taza x1,Meneitos Jack's 25 g x1 | Yogurt griego natural Dos Pinos 150 g x1,Ensalada de atún 1 porción x1 | Galleta soda Pozuelo 4 unidades x1
MelissaQ,2026-01-30,Cereal Chokos Jack's 30 g x1 | Leche más proteína Dos Pinos 250 ml x1 | Manzana mediana x1,Papaya 1 taza x1 | Galleta soda Pozuelo 4 unidades x1,Atún en agua Sardimar 1 lata x1 | Pasta integral cocida 1 taza x1 | Ensalada verde 1 taza x1,Batido de proteína 1 porción x1 | Banano mediano x1,Omelette de espinaca 1 porción x1 | Aguacate 1/2 unidad x1 | Tomate 1 unidad x1
MelissaQ,2026-01-31,Yogurt griego natural Dos Pinos 150 g x1 | Granola artesanal 30 g x1 | Fresas 1 taza x1 | Mantequilla de maní 1 cda x1,Papaya 1 taza x1 | Galleta soda Pozuelo 4 unidades x1,Atún en agua Sardimar 1 lata x1 | Pasta integral cocida 1 taza x1 | Ensalada verde 1 taza x1,Queso cottage Dos Pinos 1 taza x1 | Piña 1 taza x1,Omelette de espinaca 1 porción x1 | Aguacate 1/2 unidad x1 | Tomate 1 unidad x1
MelissaQ,2026-02-01,Avena en hojuelas 40 g x1 | Leche descremada Dos Pinos 250 ml x1 | Banano mediano x1 | Semillas de chía 1 cda x1,Piña 1 taza x1 | Queso fresco Dos Pinos 30 g x1,Pechuga de pollo a la plancha 120 g x1 | Arroz integral cocido 1 taza x1 | Frijoles negros cocidos 1 taza x1 | Ensalada verde 1 taza x1 | Aguacate 1/2 unidad x1,Yogurt de fresa Dos Pinos 125 g x1 | Galleta maría Pozuelo 4 unidades x1,Tilapia al horno 120 g x1 | Papa cocida 150 g x1 | Vegetales salteados 1 taza x1
MelissaQ,2026-02-02,Pan cuadrado integral Musmanni 2 rebanadas x1 | Revuelto de huevo con tomate 1 porción x1 | Aguacate 1/2 unidad x1 | Café negro 1 taza x1,Piña 1 taza x1 | Queso fresco Dos Pinos 30 g x1 | Papaya 1 taza x1,Atún en agua Sardimar 1 lata x1 | Pasta integral cocida 1 taza x1 | Ensalada verde 1 taza x1,Papaya 1 taza x1 | Almendras 20 g x1,Salmón al horno 120 g x1 | Arroz integral cocido 1 taza x1 | Brócoli al vapor 1 taza x1
MelissaQ,2026-02-03,Gallo pinto casero 1 taza x1 | Huevo entero 1 unidad x2 | Queso fresco Dos Pinos 30 g x1 | Papaya 1 taza x1,Sandía 1 taza x1 | Nueces mixtas 20 g x1 | Manzana mediana x1,Lomo de cerdo a la plancha 120 g x1 | Yuca cocida 150 g x1 | Pico de gallo 1 porción x1 | Ensalada verde 1 taza x1,Batido de proteína 1 porción x1 | Banano mediano x1,Ensalada de atún 1 porción x1 | Galleta soda Pozuelo 4 unidades x1
MelissaQ,2026-02-04,Gallo pinto casero 1 taza x1 | Huevo entero 1 unidad x2 | Queso fresco Dos Pinos 30 g x1 | Papaya 1 taza x1,Piña 1 taza x1 | Queso fresco Dos Pinos 30 g x1,Atún en agua Sardimar 1 lata x1 | Pasta integral cocida 1 taza x1 | Ensalada verde 1 taza x1,Batido de proteína 1 porción x1 | Banano mediano x1,Sopa negra 1 taza x1 | Queso fresco Dos Pinos 30 g x1 | Tortilla de maíz 2 unidades x1
MelissaQ,2026-02-05,Tortilla de maíz 2 unidades x1 | Huevo entero 1 unidad x2 | Queso mozzarella Dos Pinos 30 g x1 | Piña 1 taza x1,Yogurt griego natural Dos Pinos 150 g x1 | Banano mediano x1 | Papaya 1 taza x1,Casado con pollo 1 plato x1,Queso cottage Dos Pinos 1 taza x1 | Piña 1 taza x1,Tilapia al horno 120 g x1 | Papa cocida 150 g x1 | Vegetales salteados 1 taza x1
MelissaQ,2026-02-06,Gallo pinto casero 1 taza x1 | Huevo entero 1 unidad x2 | Queso fresco Dos Pinos 30 g x1 | Papaya 1 taza x1,Sandía 1 taza x1 | Nueces mixtas 20 g x1,Casado con pollo 1 plato x1,Papaya 1 taza x1 | Almendras 20 g x1,Sopa negra 1 taza x1 | Queso fresco Dos Pinos 30 g x1 | Tortilla de maíz 2 unidades x1
MelissaQ,2026-02-07,Tortilla de maíz 2 unidades x1 | Huevo entero 1 unidad x2 | Queso mozzarella Dos Pinos 30 g x1 | Piña 1 taza x1,Piña 1 taza x1 | Queso fresco Dos Pinos 30 g x1 | Manzana mediana x1,Lomo de cerdo a la plancha 120 g x1 | Yuca cocida 150 g x1 | Pico de gallo 1 porción x1 | Ensalada verde 1 taza x1,Barra de cereal Jack's 1 unidad x1 | Manzana mediana x1,Wrap de pollo 1 unidad x1 | Pepino 1 taza x1
MelissaQ,2026-02-08,Pan cuadrado integral Musmanni 2 rebanadas x1 | Revuelto de huevo con tomate 1 porción x1 | Aguacate 1/2 unidad x1 | Café negro 1 taza x1,Piña 1 taza x1 | Queso fresco Dos Pinos 30 g x1 | Manzana mediana x1,Pechuga de pollo a la plancha 120 g x1 | Arroz integral cocido 1 taza x1 | Frijoles negros cocidos 1 taza x1 | Ensalada verde 1 taza x1 | Aguacate 1/2 unidad x1,Barra de cereal Jack's 1 unidad x1 | Manzana mediana x1,Pechuga de pollo a la plancha 120 g x1 | Camote cocido 150 g x1 | Ensalada verde 1 taza x1
MelissaQ,2026-02-09,Pan cuadrado integral Musmanni 2 rebanadas x1 | Revuelto de huevo con tomate 1 porción x1 | Aguacate 1/2 unidad x1 | Café negro 1 taza x1,Manzana mediana x1 | Almendras 20 g x1 | Manzana mediana x1,Bistec de res 120 g x1 | Papa cocida 150 g x1 | Brócoli al vapor 1 taza x1 | Tomate 1 unidad x1,Yogurt de fresa Dos Pinos 125 g x1 | Galleta maría Pozuelo 4 unidades x1,Salmón al horno 120 g x1 | Arroz integral cocido 1 taza x1 | Brócoli al vapor 1 taza x1
MelissaQ,2026-02-10,Yogurt griego natural Dos Pinos 150 g x1 | Granola artesanal 30 g x1 | Fresas 1 taza x1 | Mantequilla de maní 1 cda x1,Yogurt griego natural Dos Pinos 150 g x1 | Banano mediano x1,Carne molida magra 120 g x1 | Camote cocido 150 g x1 | Brócoli al vapor 1 taza x1,Meneitos Jack's 25 g x1 | Yogurt griego natural Dos Pinos 150 g x1,Sopa negra 1 taza x1 | Queso fresco Dos Pinos 30 g x1 | Tortilla de maíz 2 unidades x1
MelissaQ,2026-02-11,Pan cuadrado integral Musmanni 2 rebanadas x1 | Revuelto de huevo con tomate 1 porción x1 | Aguacate 1/2 unidad x1 | Café negro 1 taza x1,Yogurt griego natural Dos Pinos 150 g x1 | Banano mediano x1,Casado con pollo 1 plato x1,Batido de proteína 1 porción x1 | Banano mediano x1,Wrap de pollo 1 unidad x1 | Pepino 1 taza x1
MelissaQ,2026-02-12,Cereal Chokos Jack's 30 g x1 | Leche más proteína Dos Pinos 250 ml x1 | Manzana mediana x1,Piña 1 taza x1 | Queso fresco Dos Pinos 30 g x1 | Papaya 1 taza x1,Pechuga de pollo a la plancha 120 g x1 | Arroz integral cocido 1 taza x1 | Frijoles negros cocidos 1 taza x1 | Ensalada verde 1 taza x1 | Aguacate 1/2 unidad x1,Batido de proteína 1 porción x1 | Banano mediano x1,Pechuga de pollo a la plancha 120 g x1 | Camote cocido 150 g x1 | Ensalada verde 1 taza x1
MelissaQ,2026-02-13,Pan blanco Musmanni 2 rebanadas x1 | Queso fresco Dos Pinos 30 g x1 | Yogurt de fresa Dos Pinos 125 g x1 | Banano mediano x1,Manzana mediana x1 | Almendras 20 g x1 | Manzana mediana x1,Casado con pollo 1 plato x1,Queso cottage Dos Pinos 1 taza x1 | Piña 1 taza x1,Omelette de espinaca 1 porción x1 | Aguacate 1/2 unidad x1 | Tomate 1 unidad x1
Nat,2026-01-01,Avena en hojuelas 40 g x1 | Leche descremada Dos Pinos 250 ml x1 | Banano mediano x1 | Semillas de chía 1 cda x1 | Bagel integral Musmanni 1 unidad x1 | Leche más proteína Dos Pinos 250 ml x1,Yogurt griego natural Dos Pinos 150 g x1 | Banano mediano x1 | Manzana mediana x1 | Granola artesanal 30 g x1 | Almendras 20 g x1,Lomo de cerdo a la plancha 120 g x1 | Yuca cocida 150 g x1 | Pico de gallo 1 porción x1 | Ensalada verde 1 taza x1,Yogurt de fresa Dos Pinos 125 g x1 | Galleta maría Pozuelo 4 unidades x1,Salmón al horno 120 g x1 | Arroz integral cocido 1 taza x1 | Brócoli al vapor 1 taza x1
Nat,2026-01-02,Avena en hojuelas 40 g x1 | Leche descremada Dos Pinos 250 ml x1 | Banano mediano x1 | Semillas de chía 1 cda x1 | Leche más proteína Dos Pinos 250 ml x1,Piña 1 taza x1 | Queso fresco Dos Pinos 30 g x1 | Granola artesanal 30 g x1 | Almendras 20 g x1,Bistec de res 120 g x1 | Papa cocida 150 g x1 | Brócoli al vapor 1 taza x1 | Tomate 1 unidad x1,Batido de proteína 1 porción x1 | Banano mediano x1 | Queso cottage Dos Pinos 1 taza x1,Wrap de pollo 1 unidad x1 | Pepino 1 taza x1 | Helado de vainilla Dos Pinos 1 porción x1
Nat,2026-01-03,Gallo pinto casero 1 taza x1 | Huevo entero 1 unidad x2 | Queso fresco Dos Pinos 30 g x1 | Papaya 1 taza x1,Yogurt griego natural Dos Pinos 150 g x1 | Banano mediano x1,Tilapia al horno 120 g x1 | Arroz blanco cocido 1 taza x1 | Vegetales salteados 1 taza x1 | Aguacate 1/2 unidad x1,Barra de cereal Jack's 1 unidad x1,Sopa negra 1 taza x1 | Queso fresco Dos Pinos 30 g x1 | Tortilla de maíz 2 unidades x1
Nat,2026-01-04,Pan cuadrado integral Musmanni 2 rebanadas x1 | Revuelto de huevo con tomate 1 porción x1 | Aguacate 1/2 unidad x1 | Café negro 1 taza x1 | Bagel integral Musmanni 1 unidad x1 | Leche más proteína Dos Pinos 250 ml x1,Papaya 1 taza x1 | Galleta soda Pozuelo 4 unidades x1 | Yogurt griego natural Dos Pinos 150 g x1 | Granola artesanal 30 g x1,Carne molida magra 120 g x1 | Camote cocido 150 g x1 | Brócoli al vapor 1 taza x1,Batido de proteína 1 porción x1 | Banano mediano x1,Salmón al horno 120 g x1 | Arroz integral cocido 1 taza x1 | Brócoli al vapor 1 taza x1 | Queso cottage Dos Pinos 1 taza x1
Nat,2026-01-05,Pan blanco Musmanni 2 rebanadas x1 | Queso fresco Dos Pinos 30 g x1 | Yogurt de fresa Dos Pinos 125 g x1 | Banano mediano x1 | Leche más proteína Dos Pinos 250 ml x1 | Mantequilla de maní 1 cda x1,Manzana mediana x1 | Almendras 20 g x1 | Yogurt griego natural Dos Pinos 150 g x1,Lomo de cerdo a la plancha 120 g x1 | Yuca cocida 150 g x1 | Pico de gallo 1 porción x1 | Ensalada verde 1 taza x1,Papaya 1 taza x1 | Almendras 20 g x1 | Galleta maría Pozuelo 4 unidades x1 | Queso cottage Dos Pinos 1 taza x1,Omelette de espinaca 1 porción x1 | Aguacate 1/2 unidad x1 | Tomate 1 unidad x1
Nat,2026-01-06,Tortilla de maíz 2 unidades x1 | Huevo entero 1 unidad x2 | Queso mozzarella Dos Pinos 30 g x1 | Piña 1 taza x1,Piña 1 taza x1 | Queso fresco Dos Pinos 30 g x1,Pechuga de pollo a la plancha 120 g x1 | Arroz integral cocido 1 taza x1 | Frijoles negros cocidos 1 taza x1 | Ensalada verde 1 taza x1 | Aguacate 1/2 unidad x1,Batido de proteína 1 porción x1 | Banano mediano x1,Pechuga de pollo a la plancha 120 g x1 | Camote cocido 150 g x1 | Ensalada verde 1 taza x1
Nat,2026-01-07,Avena en hojuelas 40 g x1 | Leche descremada Dos Pinos 250 ml x1 | Banano mediano x1 | Semillas de chía 1 cda x1 | Bagel integral Musmanni 1 unidad x1 | Leche más proteína Dos Pinos 250 ml x1 | Mantequilla de maní 1 cda x1,Yogurt griego natural Dos Pinos 150 g x1 | Banano mediano x1 | Granola artesanal 30 g x1,Lomo de cerdo a la plancha 120 g x1 | Yuca cocida 150 g x1 | Pico de gallo 1 porción x1 | Ensalada verde 1 taza x1,Yogurt de fresa Dos Pinos 125 g x1 | Galleta maría Pozuelo 4 unidades x1 | Batido de proteína 1 porción x1,Wrap de pollo 1 unidad x1 | Pepino 1 taza x1 | Queso cottage Dos Pinos 1 taza x1
Nat,2026-01-09,Pan cuadrado integral Musmanni 2 rebanadas x1 | Revuelto de huevo con tomate 1 porción x1 | Café negro 1 taza x1,Barra de cereal Jack's 1 unidad x1,Atún en agua Sardimar 1 lata x1 | Pasta integral cocida 1 taza x1 | Ensalada verde 1 taza x1 | Carne molida magra 120 g x1,Meneitos Jack's 25 g x1 | Yogurt griego natural Dos Pinos 150 g x1,Salmón al horno 120 g x1 | Arroz integral cocido 1 taza x1 | Brócoli al vapor 1 taza x1 | Salmón al horno 120 g x1
Nat,2026-01-10,Cereal Chokos Jack's 30 g x1 | Leche más proteína Dos Pinos 250 ml x1 | Manzana mediana x1 | Bagel integral Musmanni 1 unidad x1,Barra de cereal Jack's 1 unidad x1 | Leche descremada Dos Pinos 250 ml x1 | Yogurt griego natural Dos Pinos 150 g x1 | Almendras 20 g x1,Tilapia al horno 120 g x1 | Arroz blanco cocido 1 taza x1 | Vegetales salteados 1 taza x1 | Aguacate 1/2 unidad x1,Batido de proteína 1 porción x1 | Banano mediano x1 | Bagel integral Musmanni 1 unidad x1,Sopa negra 1 taza x1 | Queso fresco Dos Pinos 30 g x1 | Tortilla de maíz 2 unidades x1 | Queso cottage Dos Pinos 1 taza x1
Nat,2026-01-11,Yogurt griego natural Dos Pinos 150 g x1 | Granola artesanal 30 g x1 | Fresas 1 taza x1 | Mantequilla de maní 1 cda x1 | Leche más proteína Dos Pinos 250 ml x1,Manzana mediana x1 | Almendras 20 g x1 | Granola artesanal 30 g x1 | Yogurt griego natural Dos Pinos 150 g x1,Atún en agua Sardimar 1 lata x1 | Pasta integral cocida 1 taza x1 | Ensalada verde 1 taza x1,Papaya 1 taza x1 | Almendras 20 g x1 | Galleta maría Pozuelo 4 unidades x1 | Queso cottage Dos Pinos 1 taza x1,Tilapia al horno 120 g x1 | Papa cocida 150 g x1 | Vegetales salteados 1 taza x1 | Helado de vainilla Dos Pinos 1 porción x1
Nat,2026-01-12,Avena en hojuelas 40 g x1 | Leche descremada Dos Pinos 250 ml x1 | Banano mediano x1 | Semillas de chía 1 cda x1,Manzana mediana x1 | Almendras 20 g x1,Bistec de res 120 g x1 | Papa cocida 150 g x1 | Brócoli al vapor 1 taza x1 | Tomate 1 unidad x1,Queso cottage Dos Pinos 1 taza x1 | Piña 1 taza x1,Omelette de espinaca 1 porción x1 | Aguacate 1/2 unidad x1 | Tomate 1 unidad x1
Nat,2026-01-13,Tortilla de maíz 2 unidades x1 | Huevo entero 1 unidad x2 | Queso mozzarella Dos Pinos 30 g x1 | Piña 1 taza x2 | Agua de pipa 250 ml x1 | Bagel integral Musmanni 1 unidad x1,Papaya 1 taza x1 | Galleta soda Pozuelo 4 unidades x1,Bistec de res 120 g x1 | Papa cocida 150 g x1 | Brócoli al vapor 1 taza x1 | Tomate 1 unidad x1,Yogurt de fresa Dos Pinos 125 g x1 | Galleta maría Pozuelo 4 unidades x1 | Bagel integral Musmanni 1 unidad x1,Salmón al horno 120 g x1 | Arroz integral cocido 1 taza x1 | Brócoli al vapor 1 taza x1 | Queso cottage Dos Pinos 1 taza x1
Nat,2026-01-14,Gallo pinto casero 1 taza x1 | Huevo entero 1 unidad x2 | Queso fresco Dos Pinos 30 g x1 | Papaya 1 taza x1 | Leche más proteína Dos Pinos 250 ml x1 | Mantequilla de maní 1 cda x1,Papaya 1 taza x1 | Galleta soda Pozuelo 4 unidades x1 | Yogurt griego natural Dos Pinos 150 g x1,Tilapia al horno 120 g x1 | Arroz blanco cocido 1 taza x1 | Vegetales salteados 1 taza x1 | Aguacate 1/2 unidad x1,Barra de cereal Jack's 1 unidad x1 | Manzana mediana x1 | Galleta maría Pozuelo 4 unidades x1,Ensalada de atún 1 porción x1 | Galleta soda Pozuelo 4 unidades x1 | Aguacate 1/2 unidad x1 | Helado de vainilla Dos Pinos 1 porción x1
Nat,2026-01-15,Yogurt griego natural Dos Pinos 150 g x1 | Granola artesanal 30 g x1 | Fresas 1 taza x1 | Mantequilla de maní 1 cda x1,Papaya 1 taza x1 | Galleta soda Pozuelo 4 unidades x1,Carne molida magra 120 g x1 | Camote cocido 150 g x1 | Brócoli al vapor 1 taza x1,Barra de cereal Jack's 1 unidad x1 | Manzana mediana x1,Sopa negra 1 taza x1 | Queso fresco Dos Pinos 30 g x1 | Tortilla de maíz 2 unidades x1
Nat,2026-01-16,Pan cuadrado integral Musmanni 2 rebanadas x1 | Revuelto de huevo con tomate 1 porción x1 | Aguacate 1/2 unidad x1 | Café negro 1 taza x1 | Bagel integral Musmanni 1 unidad x1 | Leche más proteína Dos Pinos 250 ml x1,Manzana mediana x1 | Almendras 20 g x1,Tilapia al horno 120 g x1 | Arroz blanco cocido 1 taza x1 | Vegetales salteados 1 taza x1 | Aguacate 1/2 unidad x1,Barra de cereal Jack's 1 unidad x1 | Manzana mediana x1 | Batido de proteína 1 porción x1,Ensalada de atún 1 porción x1 | Galleta soda Pozuelo 4 unidades x1 | Helado de vainilla Dos Pinos 1 porción x1 | Queso cottage Dos Pinos 1 taza x1
Nat,2026-01-17,Cereal Chokos Jack's 30 g x1 | Leche más proteína Dos Pinos 250 ml x1 | Manzana mediana x1 | Mantequilla de maní 1 cda x1,Yogurt griego natural Dos Pinos 150 g x1 | Banano mediano x1 | Granola artesanal 30 g x1 | Almendras 20 g x1,Pechuga de pollo a la plancha 120 g x1 | Arroz integral cocido 1 taza x1 | Frijoles negros cocidos 1 taza x1 | Ensalada verde 1 taza x1 | Aguacate 1/2 unidad x1,Meneitos Jack's 25 g x1 | Yogurt griego natural Dos Pinos 150 g x1,Omelette de espinaca 1 porción x1 | Aguacate 1/2 unidad x1 | Tomate 1 unidad x1
Nat,2026-01-18,Avena en hojuelas 40 g x1 | Leche descremada Dos Pinos 250 ml x1 | Banano mediano x1 | Semillas de chía 1 cda x1,Yogurt griego natural Dos Pinos 150 g x1 | Banano mediano x1,Bistec de res 120 g x1 | Papa cocida 150 g x1 | Brócoli al vapor 1 taza x1 | Tomate 1 unidad x1,Queso cottage Dos Pinos 1 taza x1 | Piña 1 taza x1,Salmón al horno 120 g x1 | Arroz integral cocido 1 taza x1 | Brócoli al vapor 1 taza x1
Nat,2026-01-19,Gallo pinto casero 1 taza x1 | Huevo entero 1 unidad x2 | Queso fresco Dos Pinos 30 g x1 | Papaya 1 taza x1 | Bagel integral Musmanni 1 unidad x1 | Leche más proteína Dos Pinos 250 ml x1 | Mantequilla de maní 1 cda x1,Sandía 1 taza x1 | Nueces mixtas 20 g x1 | Almendras 20 g x1,Tilapia al horno 120 g x1 | Arroz blanco cocido 1 taza x1 | Vegetales salteados 1 taza x1 | Aguacate 1/2 unidad x1,Barra de cereal Jack's 1 unidad x1 | Manzana mediana x1 | Batido de proteína 1 porción x1,Sopa negra 1 taza x1 | Queso fresco Dos Pinos 30 g x1 | Tortilla de maíz 2 unidades x1 | Queso cottage Dos Pinos 1 taza x1
Nat,2026-01-20,Pan cuadrado integral Musmanni 2 rebanadas x1 | Revuelto de huevo con tomate 1 porción x1 | Aguacate 1/2 unidad x1 | Café negro 1 taza x1 | Leche más proteína Dos Pinos 250 ml x1,Barra de cereal Jack's 1 unidad x1 | Leche descremada Dos Pinos 250 ml x1 | Manzana mediana x1 | Granola artesanal 30 g x1 | Almendras 20 g x1,Atún en agua Sardimar 1 lata x1 | Pasta integral cocida 1 taza x1 | Ensalada verde 1 taza x1,Meneitos Jack's 25 g x1 | Yogurt griego natural Dos Pinos 150 g x1 | Queso cottage Dos Pinos 1 taza x1,Ensalada de atún 1 porción x1 | Galleta soda Pozuelo 4 unidades x1 | Aguacate 1/2 unidad x1
Nat,2026-01-21,Pan cuadrado integral Musmanni 2 rebanadas x1 | Revuelto de huevo con tomate 1 porción x1 | Aguacate 1/2 unidad x1 | Café negro 1 taza x1,Sandía 1 taza x1 | Nueces mixtas 20 g x1,Casado con pollo 1 plato x1,Batido de proteína 1 porción x1 | Banano mediano x1,Pechuga de pollo a la plancha 120 g x1 | Camote cocido 150 g x1 | Ensalada verde 1 taza x1
Nat,2026-01-22,Pan cuadrado integral Musmanni 2 rebanadas x1 | Revuelto de huevo con tomate 1 porción x1 | Aguacate 1/2 unidad x1 | Café negro 1 taza x1 | Bagel integral Musmanni 1 unidad x1 | Leche más proteína Dos Pinos 250 ml x1,Barra de cereal Jack's 1 unidad x1 | Leche descremada Dos Pinos 250 ml x1 | Yogurt griego natural Dos Pinos 150 g x1,Lomo de cerdo a la plancha 120 g x1 | Yuca cocida 150 g x1 | Pico de gallo 1 porción x1 | Ensalada verde 1 taza x1,Queso cottage Dos Pinos 1 taza x1 | Piña 1 taza x1 | Batido de proteína 1 porción x1 | Bagel integral Musmanni 1 unidad x1,Omelette de espinaca 1 porción x1 | Aguacate 1/2 unidad x1 | Tomate 1 unidad x1
Nat,2026-01-23,Tortilla de maíz 2 unidades x1 | Huevo entero 1 unidad x2 | Queso mozzarella Dos Pinos 30 g x1 | Piña 1 taza x1 | Leche más proteína Dos Pinos 250 ml x1,Barra de cereal Jack's 1 unidad x1 | Leche descremada Dos Pinos 250 ml x1 | Manzana mediana x1 | Almendras 20 g x1 | Yogurt griego natural Dos Pinos 150 g x1,Atún en agua Sardimar 1 lata x1 | Pasta integral cocida 1 taza x1 | Ensalada verde 1 taza x1,Batido de proteína 1 porción x1 | Banano mediano x1,Salmón al horno 120 g x1 | Arroz integral cocido 1 taza x1 | Brócoli al vapor 1 taza x1 | Aguacate 1/2 unidad x1
Nat,2026-01-24,Tortilla de maíz 2 unidades x1 | Huevo entero 1 unidad x2 | Queso mozzarella Dos Pinos 30 g x1 | Piña 1 taza x1,Manzana mediana x1 | Almendras 20 g x1,Casado con pollo 1 plato x1,Yogurt de fresa Dos Pinos 125 g x1 | Galleta maría Pozuelo 4 unidades x1,Salmón al horno 120 g x1 | Arroz integral cocido 1 taza x1 | Brócoli al vapor 1 taza x1
Nat,2026-01-25,Gallo pinto casero 1 taza x1 | Huevo entero 1 unidad x2 | Queso fresco Dos Pinos 30 g x1 | Papaya 1 taza x1 | Bagel integral Musmanni 1 unidad x1 | Leche más proteína Dos Pinos 250 ml x1 | Mantequilla de maní 1 cda x1,Yogurt griego natural Dos Pinos 150 g x1 | Banano mediano x1,Lomo de cerdo a la plancha 120 g x1 | Yuca cocida 150 g x1 | Pico de gallo 1 porción x1 | Ensalada verde 1 taza x1,Queso cottage Dos Pinos 1 taza x1 | Piña 1 taza x1 | Bagel integral Musmanni 1 unidad x1,Omelette de espinaca 1 porción x1 | Aguacate 1/2 unidad x1 | Tomate 1 unidad x1 | Queso cottage Dos Pinos 1 taza x1
Nat,2026-01-26,Yogurt griego natural Dos Pinos 150 g x1 | Granola artesanal 30 g x1 | Fresas 1 taza x1 | Mantequilla de maní 1 cda x1,Barra de cereal Jack's 1 unidad x1 | Leche descremada Dos Pinos 250 ml x1 | Granola artesanal 30 g x1 | Almendras 20 g x1,Pechuga de pollo a la plancha 120 g x1 | Arroz integral cocido 1 taza x1 | Frijoles negros cocidos 1 taza x1 | Ensalada verde 1 taza x1 | Aguacate 1/2 unidad x1,Barra de cereal Jack's 1 unidad x1 | Manzana mediana x1 | Queso cottage Dos Pinos 1 taza x1,Ensalada de atún 1 porción x1 | Galleta soda Pozuelo 4 unidades x1
Nat,2026-01-27,Tortilla de maíz 2 unidades x1 | Huevo entero 1 unidad x2 | Queso mozzarella Dos Pinos 30 g x1 | Piña 1 taza x1,Sandía 1 taza x1 | Nueces mixtas 20 g x1,Casado con pollo 1 plato x1,Yogurt de fresa Dos Pinos 125 g x1 | Galleta maría Pozuelo 4 unidades x1,Pechuga de pollo a la plancha 120 g x1 | Camote cocido 150 g x1 | Ensalada verde 1 taza x1
Nat,2026-01-28,Pan blanco Musmanni 2 rebanadas x1 | Queso fresco Dos Pinos 30 g x1 | Yogurt de fresa Dos Pinos 125 g x1 | Banano mediano x1 | Bagel integral Musmanni 1 unidad x1 | Leche más proteína Dos Pinos 250 ml x1 | Mantequilla de maní 1 cda x1,Piña 1 taza x1 | Queso fresco Dos Pinos 30 g x1 | Yogurt griego natural Dos Pinos 150 g x1,Bistec de res 120 g x1 | Papa cocida 150 g x1 | Brócoli al vapor 1 taza x1 | Tomate 1 unidad x1,Barra de cereal Jack's 1 unidad x1 | Manzana mediana x1,Tilapia al horno 120 g x1 | Papa cocida 150 g x1 | Vegetales salteados 1 taza x1 | Helado de vainilla Dos Pinos 1 porción x1 | Queso cottage Dos Pinos 1 taza x1
Nat,2026-01-29,Pan blanco Musmanni 2 rebanadas x1 | Queso fresco Dos Pinos 30 g x1 | Yogurt de fresa Dos Pinos 125 g x1 | Banano mediano x1 | Leche más proteína Dos Pinos 250 ml x1,Yogurt griego natural Dos Pinos 150 g x1 | Banano mediano x1 | Papaya 1 taza x1 | Granola artesanal 30 g x1,Bistec de res 120 g x1 | Papa cocida 150 g x1 | Brócoli al vapor 1 taza x1 | Tomate 1 unidad x1,Yogurt de fresa Dos Pinos 125 g x1 | Galleta maría Pozuelo 4 unidades x1,Pechuga de pollo a la plancha 120 g x1 | Camote cocido 150 g x1 | Ensalada verde 1 taza x1 | Aguacate 1/2 unidad x1 | Helado de vainilla Dos Pinos 1 porción x1
Nat,2026-01-30,Gallo pinto casero 1 taza x1 | Huevo entero 1 unidad x2 | Queso fresco Dos Pinos 30 g x1 | Papaya 1 taza x1,Barra de cereal Jack's 1 unidad x1 | Leche descremada Dos Pinos 250 ml x1,Bistec de res 120 g x1 | Papa cocida 150 g x1 | Brócoli al vapor 1 taza x1 | Tomate 1 unidad x1,Papaya 1 taza x1 | Almendras 20 g x1,Ensalada de atún 1 porción x1 | Galleta soda Pozuelo 4 unidades x1
Nat,2026-01-31,Pan blanco Musmanni 2 rebanadas x1 | Queso fresco Dos Pinos 30 g x1 | Yogurt de fresa Dos Pinos 125 g x1 | Banano mediano x1 | Bagel integral Musmanni 1 unidad x1 | Leche más proteína Dos Pinos 250 ml x1 | Mantequilla de maní 1 cda x1,Barra de cereal Jack's 1 unidad x1 | Leche descremada Dos Pinos 250 ml x1,Lomo de cerdo a la plancha 120 g x1 | Yuca cocida 150 g x1 | Pico de gallo 1 porción x1 | Ensalada verde 1 taza x1,Queso cottage Dos Pinos 1 taza x1 | Piña 1 taza x1,Salmón al horno 120 g x1 | Arroz integral cocido 1 taza x1 | Brócoli al vapor 1 taza x1 | Queso cottage Dos Pinos 1 taza x1
Nat,2026-02-01,Pan blanco Musmanni 2 rebanadas x1 | Queso fresco Dos Pinos 30 g x1 | Yogurt de fresa Dos Pinos 125 g x1 | Banano mediano x1 | Leche más proteína Dos Pinos 250 ml x1 | Mantequilla de maní 1 cda x1,Manzana mediana x1 | Almendras 20 g x1 | Yogurt griego natural Dos Pinos 150 g x1,Carne molida magra 120 g x1 | Camote cocido 150 g x1 | Brócoli al vapor 1 taza x1,Queso cottage Dos Pinos 1 taza x1 | Piña 1 taza x1 | Galleta maría Pozuelo 4 unidades x1,Omelette de espinaca 1 porción x1 | Aguacate 1/2 unidad x1 | Tomate 1 unidad x1 | Helado de vainilla Dos Pinos 1 porción x1
Nat,2026-02-02,Pan cuadrado integral Musmanni 2 rebanadas x1 | Revuelto de huevo con tomate 1 porción x1 | Aguacate 1/2 unidad x1 | Café negro 1 taza x1,Barra de cereal Jack's 1 unidad x1 | Leche descremada Dos Pinos 250 ml x1 | Papaya 1 taza x1,Atún en agua Sardimar 1 lata x1 | Pasta integral cocida 1 taza x1 | Ensalada verde 1 taza x1,Yogurt de fresa Dos Pinos 125 g x1 | Galleta maría Pozuelo 4 unidades x1,Ensalada de atún 1 porción x1 | Galleta soda Pozuelo 4 unidades x1
Nat,2026-02-03,Tortilla de maíz 2 unidades x1 | Huevo entero 1 unidad x2 | Queso mozzarella Dos Pinos 30 g x1 | Piña 1 taza x1 | Bagel integral Musmanni 1 unidad x1 | Leche más proteína Dos Pinos 250 ml x1 | Mantequilla de maní 1 cda x1,Manzana mediana x1 | Almendras 20 g x1,Pechuga de pollo a la plancha 120 g x1 | Arroz integral cocido 1 taza x1 | Frijoles negros cocidos 1 taza x1 | Ensalada verde 1 taza x1 | Aguacate 1/2 unidad x1,Meneitos Jack's 25 g x1 | Yogurt griego natural Dos Pinos 150 g x1,Tilapia al horno 120 g x1 | Papa cocida 150 g x1 | Vegetales salteados 1 taza x1
Nat,2026-02-04,Gallo pinto casero 1 taza x1 | Huevo entero 1 unidad x2 | Queso fresco Dos Pinos 30 g x1 | Papaya 1 taza x1 | Leche más proteína Dos Pinos 250 ml x1 | Mantequilla de maní 1 cda x1,Barra de cereal Jack's 1 unidad x1 | Leche descremada Dos Pinos 250 ml x1 | Granola artesanal 30 g x1 | Yogurt griego natural Dos Pinos 150 g x1,Carne molida magra 120 g x1 | Camote cocido 150 g x1 | Brócoli al vapor 1 taza x1,Meneitos Jack's 25 g x1 | Yogurt griego natural Dos Pinos 150 g x1 | Galleta maría Pozuelo 4 unidades x1,Pechuga de pollo a la plancha 120 g x1 | Camote cocido 150 g x1 | Ensalada verde 1 taza x1 | Aguacate 1/2 unidad x1
Nat,2026-02-05,Cereal Chokos Jack's 30 g x1 | Leche más proteína Dos Pinos 250 ml x1 | Manzana mediana x1,Manzana mediana x1 | Almendras 20 g x1,Tilapia al horno 120 g x1 | Arroz blanco cocido 1 taza x1 | Vegetales salteados 1 taza x1 | Aguacate 1/2 unidad x1,Barra de cereal Jack's 1 unidad x1 | Manzana mediana x1,Ensalada de atún 1 porción x1 | Galleta soda Pozuelo 4 unidades x1
Nat,2026-02-06,Gallo pinto casero 1 taza x1 | Huevo entero 1 unidad x2 | Queso fresco Dos Pinos 30 g x1 | Papaya 1 taza x1 | Bagel integral Musmanni 1 unidad x1,Manzana mediana x1 | Almendras 20 g x1,Carne molida magra 120 g x1 | Camote cocido 150 g x1 | Brócoli al vapor 1 taza x1,Queso cottage Dos Pinos 1 taza x1 | Piña 1 taza x1 | Batido de proteína 1 porción x1 | Bagel integral Musmanni 1 unidad x1,Salmón al horno 120 g x1 | Arroz integral cocido 1 taza x1 | Brócoli al vapor 1 taza x1 | Queso cottage Dos Pinos 1 taza x1
Nat,2026-02-07,Avena en hojuelas 40 g x1 | Leche descremada Dos Pinos 250 ml x1 | Banano mediano x1 | Semillas de chía 1 cda x1,Barra de cereal Jack's 1 unidad x1 | Leche descremada Dos Pinos 250 ml x1 | Manzana mediana x1 | Granola artesanal 30 g x1 | Yogurt griego natural Dos Pinos 150 g x1,Tilapia al horno 120 g x1 | Arroz blanco cocido 1 taza x1 | Vegetales salteados 1 taza x1 | Aguacate 1/2 unidad x1,Meneitos Jack's 25 g x1 | Yogurt griego natural Dos Pinos 150 g x1 | Queso cottage Dos Pinos 1 taza x1,Tilapia al horno 120 g x1 | Papa cocida 150 g x1 | Vegetales salteados 1 taza x1
Nat,2026-02-08,Cereal Chokos Jack's 30 g x1 | Leche más proteína Dos Pinos 250 ml x1 | Manzana mediana x1,Barra de cereal Jack's 1 unidad x1 | Leche descremada Dos Pinos 250 ml x1,Bistec de res 120 g x1 | Papa cocida 150 g x1 | Brócoli al vapor 1 taza x1 | Tomate 1 unidad x1,Barra de cereal Jack's 1 unidad x1 | Manzana mediana x1,Salmón al horno 120 g x1 | Arroz integral cocido 1 taza x1 | Brócoli al vapor 1 taza x1
Nat,2026-02-09,Pan cuadrado integral Musmanni 2 rebanadas x1 | Revuelto de huevo con tomate 1 porción x1 | Aguacate 1/2 unidad x1 | Café negro 1 taza x1 | Bagel integral Musmanni 1 unidad x1,Yogurt griego natural Dos Pinos 150 g x1 | Banano mediano x1 | Manzana mediana x1 | Almendras 20 g x1,Tilapia al horno 120 g x1 | Arroz blanco cocido 1 taza x1 | Vegetales salteados 1 taza x1 | Aguacate 1/2 unidad x1,Batido de proteína 1 porción x1 | Banano mediano x1,Wrap de pollo 1 unidad x1 | Pepino 1 taza x1 | Aguacate 1/2 unidad x1 | Queso cottage Dos Pinos 1 taza x1
Nat,2026-02-10,Pan cuadrado integral Musmanni 2 rebanadas x1 | Revuelto de huevo con tomate 1 porción x1 | Aguacate 1/2 unidad x1 | Café negro 1 taza x1 | Leche más proteína Dos Pinos 250 ml x1 | Mantequilla de maní 1 cda x1,Sandía 1 taza x1 | Nueces mixtas 20 g x1 | Manzana mediana x1 | Granola artesanal 30 g x1 | Almendras 20 g x1 | Yogurt griego natural Dos Pinos 150 g x1,Bistec de res 120 g x1 | Papa cocida 150 g x1 | Brócoli al vapor 1 taza x1 | Tomate 1 unidad x1,Batido de proteína 1 porción x1 | Banano mediano x1,Ensalada de atún 1 porción x1 | Galleta soda Pozuelo 4 unidades x1
Nat,2026-02-11,Gallo pinto casero 1 taza x1 | Huevo entero 1 unidad x2 | Queso fresco Dos Pinos 30 g x1 | Papaya 1 taza x1,Piña 1 taza x1 | Queso fresco Dos Pinos 30 g x1,Tilapia al horno 120 g x1 | Arroz blanco cocido 1 taza x1 | Vegetales salteados 1 taza x1 | Aguacate 1/2 unidad x1,Papaya 1 taza x1 | Almendras 20 g x1,Ensalada de atún 1 porción x1 | Galleta soda Pozuelo 4 unidades x1
Nat,2026-02-12,Pan cuadrado integral Musmanni 2 rebanadas x1 | Revuelto de huevo con tomate 1 porción x1 | Aguacate 1/2 unidad x1 | Café negro 1 taza x1 | Bagel integral Musmanni 1 unidad x1 | Leche más proteína Dos Pinos 250 ml x1,Manzana mediana x1 | Almendras 20 g x1 | Granola artesanal 30 g x1,Casado con pollo 1 plato x1,Barra de cereal Jack's 1 unidad x1 | Manzana mediana x1 | Bagel integral Musmanni 1 unidad x1,Ensalada de atún 1 porción x1 | Galleta soda Pozuelo 4 unidades x1 | Helado de vainilla Dos Pinos 1 porción x1
Nat,2026-02-13,Cereal Chokos Jack's 30 g x1 | Leche más proteína Dos Pinos 250 ml x1 | Manzana mediana x1 | Mantequilla de maní 1 cda x1,Piña 1 taza x1 | Queso fresco Dos Pinos 30 g x1 | Granola artesanal 30 g x1 | Almendras 20 g x1 | Yogurt griego natural Dos Pinos 150 g x1,Atún en agua Sardimar 1 lata x1 | Pasta integral cocida 1 taza x1 | Ensalada verde 1 taza x1,Yogurt de fresa Dos Pinos 125 g x1 | Galleta maría Pozuelo 4 unidades x1,Salmón al horno 120 g x1 | Arroz integral cocido 1 taza x1 | Brócoli al vapor 1 taza x1 | Aguacate 1/2 unidad x1 | Helado de vainilla Dos Pinos 1 porción x1
Nat,2026-02-14,Gallo pinto casero 1 taza x1 | Huevo entero 1 unidad x2 | Queso fresco Dos Pinos 30 g x1 | Papaya 1 taza x1,Manzana mediana x1 | Almendras 20 g x1 | Manzana mediana x1,Carne molida magra 120 g x1 | Camote cocido 150 g x1 | Brócoli al vapor 1 taza x1,Papaya 1 taza x1 | Almendras 20 g x1,Pechuga de pollo a la plancha 120 g x1 | Camote cocido 150 g x1 | Ensalada verde 1 taza x1
Nat,2026-02-15,Tortilla de maíz 2 unidades x1 | Huevo entero 1 unidad x2 | Queso mozzarella Dos Pinos 30 g x1 | Piña 1 taza x1 | Bagel integral Musmanni 1 unidad x1 | Leche más proteína Dos Pinos 250 ml x1,Piña 1 taza x1 | Queso fresco Dos Pinos 30 g x1 | Granola artesanal 30 g x1 | Almendras 20 g x1,Atún en agua Sardimar 1 lata x1 | Pasta integral cocida 1 taza x1 | Ensalada verde 1 taza x1,Meneitos Jack's 25 g x1 | Yogurt griego natural Dos Pinos 150 g x1 | Bagel integral Musmanni 1 unidad x1,Tilapia al horno 120 g x1 | Papa cocida 150 g x1 | Vegetales salteados 1 taza x1 | Helado de vainilla Dos Pinos 1 porción x1
Nat,2026-02-16,Pan cuadrado integral Musmanni 2 rebanadas x1 | Revuelto de huevo con tomate 1 porción x1 | Aguacate 1/2 unidad x1 | Café negro 1 taza x1 | Leche más proteína Dos Pinos 250 ml x1 | Mantequilla de maní 1 cda x1,Yogurt griego natural Dos Pinos 150 g x1 | Banano mediano x1 | Granola artesanal 30 g x1 | Almendras 20 g x1,Bistec de res 120 g x1 | Papa cocida 150 g x1 | Brócoli al vapor 1 taza x1 | Tomate 1 unidad x1,Yogurt de fresa Dos Pinos 125 g x1 | Galleta maría Pozuelo 4 unidades x1,Sopa negra 1 taza x1 | Queso fresco Dos Pinos 30 g x1 | Tortilla de maíz 2 unidades x1 | Helado de vainilla Dos Pinos 1 porción x1
Nat,2026-02-17,Tortilla de maíz 2 unidades x1 | Huevo entero 1 unidad x2 | Queso mozzarella Dos Pinos 30 g x1 | Piña 1 taza x1,Manzana mediana x1 | Almendras 20 g x1,Tilapia al horno 120 g x1 | Arroz blanco cocido 1 taza x1 | Vegetales salteados 1 taza x1 | Aguacate 1/2 unidad x1,Papaya 1 taza x1 | Almendras 20 g x1,Wrap de pollo 1 unidad x1 | Pepino 1 taza x1
Nat,2026-02-18,Gallo pinto casero 1 taza x1 | Huevo entero 1 unidad x2 | Queso fresco Dos Pinos 30 g x1 | Papaya 1 taza x1 | Bagel integral Musmanni 1 unidad x1 | Leche más proteína Dos Pinos 250 ml x1 | Mantequilla de maní 1 cda x1,Sandía 1 taza x1 | Nueces mixtas 20 g x1 | Yogurt griego natural Dos Pinos 150 g x1 | Almendras 20 g x1,Carne molida magra 120 g x1 | Camote cocido 150 g x1 | Brócoli al vapor 1 taza x1,Yogurt de fresa Dos Pinos 125 g x1 | Galleta maría Pozuelo 4 unidades x1,Salmón al horno 120 g x1 | Arroz integral cocido 1 taza x1 | Brócoli al vapor 1 taza x1 | Helado de vainilla Dos Pinos 1 porción x1
Nat,2026-02-19,Avena en hojuelas 40 g x1 | Leche descremada Dos Pinos 250 ml x1 | Banano mediano x1 | Semillas de chía 1 cda x1 | Leche más proteína Dos Pinos 250 ml x1,Papaya 1 taza x1 | Galleta soda Pozuelo 4 unidades x1 | Granola artesanal 30 g x1 | Almendras 20 g x1 | Yogurt griego natural Dos Pinos 150 g x1,Bistec de res 120 g x1 | Papa cocida 150 g x1 | Brócoli al vapor 1 taza x1 | Tomate 1 unidad x1,Meneitos Jack's 25 g x1 | Yogurt griego natural Dos Pinos 150 g x1 | Galleta maría Pozuelo 4 unidades x1,Ensalada de atún 1 porción x1 | Galleta soda Pozuelo 4 unidades x1 | Helado de vainilla Dos Pinos 1 porción x1
Nat,2026-02-20,Tortilla de maíz 2 unidades x1 | Huevo entero 1 unidad x2 | Queso mozzarella Dos Pinos 30 g x1 | Piña 1 taza x1,Piña 1 taza x1 | Queso fresco Dos Pinos 30 g x1,Tilapia al horno 120 g x1 | Arroz blanco cocido 1 taza x1 | Vegetales salteados 1 taza x1 | Aguacate 1/2 unidad x1,Yogurt de fresa Dos Pinos 125 g x1 | Galleta maría Pozuelo 4 unidades x1,Salmón al horno 120 g x1 | Arroz integral cocido 1 taza x1 | Brócoli al vapor 1 taza x1
Nat,2026-02-21,Gallo pinto casero 1 taza x1 | Huevo entero 1 unidad x2 | Queso fresco Dos Pinos 30 g x1 | Papaya 1 taza x1 | Bagel integral Musmanni 1 unidad x1 | Leche más proteína Dos Pinos 250 ml x1,Papaya 1 taza x1 | Galleta soda Pozuelo 4 unidades x1 | Papaya 1 taza x1 | Yogurt griego natural Dos Pinos 150 g x1 | Granola artesanal 30 g x1 | Almendras 20 g x1,Bistec de res 120 g x1 | Papa cocida 150 g x1 | Brócoli al vapor 1 taza x1 | Tomate 1 unidad x1,Queso cottage Dos Pinos 1 taza x1 | Piña 1 taza x1,Sopa negra 1 taza x1 | Queso fresco Dos Pinos 30 g x1 | Tortilla de maíz 2 unidades x1 | Queso cottage Dos Pinos 1 taza x1
Nat,2026-02-22,Gallo pinto casero 1 taza x1 | Huevo entero 1 unidad x2 | Queso fresco Dos Pinos 30 g x1 | Papaya 1 taza x1 | Leche más proteína Dos Pinos 250 ml x1,Sandía 1 taza x1 | Nueces mixtas 20 g x1 | Granola artesanal 30 g x1 | Almendras 20 g x1 | Yogurt griego natural Dos Pinos 150 g x1,Bistec de res 120 g x1 | Papa cocida 150 g x1 | Brócoli al vapor 1 taza x1 | Tomate 1 unidad x1,Meneitos Jack's 25 g x1 | Yogurt griego natural Dos Pinos 150 g x1 | Queso cottage Dos Pinos 1 taza x1,Pechuga de pollo a la plancha 120 g x1 | Camote cocido 150 g x1 | Ensalada verde 1 taza x1
Nat,2026-02-23,Tortilla de maíz 2 unidades x1 | Huevo entero 1 unidad x2 | Queso mozzarella Dos Pinos 30 g x1 | Piña 1 taza x1,Barra de cereal Jack's 1 unidad x1 | Leche descremada Dos Pinos 250 ml x1,Bistec de res 120 g x1 | Papa cocida 150 g x1 | Brócoli al vapor 1 taza x1 | Tomate 1 unidad x1,Barra de cereal Jack's 1 unidad x1 | Manzana mediana x1,Sopa negra 1 taza x1 | Queso fresco Dos Pinos 30 g x1 | Tortilla de maíz 2 unidades x1
Nat,2026-02-24,Pan blanco Musmanni 2 rebanadas x1 | Queso fresco Dos Pinos 30 g x1 | Yogurt de fresa Dos Pinos 125 g x1 | Banano mediano x1 | Leche más proteína Dos Pinos 250 ml x1 | Mantequilla de maní 1 cda x1,Barra de cereal Jack's 1 unidad x1 | Leche descremada Dos Pinos 250 ml x1 | Yogurt griego natural Dos Pinos 150 g x1 | Granola artesanal 30 g x1,Pechuga de pollo a la plancha 120 g x1 | Arroz integral cocido 1 taza x1 | Frijoles negros cocidos 1 taza x1 | Ensalada verde 1 taza x1 | Aguacate 1/2 unidad x1,Meneitos Jack's 25 g x1 | Yogurt griego natural Dos Pinos 150 g x1,Tilapia al horno 120 g x1 | Papa cocida 150 g x1 | Vegetales salteados 1 taza x1
Nat,2026-02-25,Gallo pinto casero 1 taza x1 | Huevo entero 1 unidad x2 | Queso fresco Dos Pinos 30 g x1 | Papaya 1 taza x1 | Leche más proteína Dos Pinos 250 ml x1 | Mantequilla de maní 1 cda x1,Yogurt griego natural Dos Pinos 150 g x1 | Banano mediano x1 | Almendras 20 g x1,Bistec de res 120 g x1 | Papa cocida 150 g x1 | Brócoli al vapor 1 taza x1 | Tomate 1 unidad x1,Meneitos Jack's 25 g x1 | Yogurt griego natural Dos Pinos 150 g x1 | Queso cottage Dos Pinos 1 taza x1,Wrap de pollo 1 unidad x1 | Pepino 1 taza x1 | Helado de vainilla Dos Pinos 1 porción x1
Nat,2026-02-26,Gallo pinto casero 1 taza x1 | Huevo entero 1 unidad x2 | Queso fresco Dos Pinos 30 g x1 | Papaya 1 taza x1,Manzana mediana x1 | Almendras 20 g x1,Pechuga de pollo a la plancha 120 g x1 | Arroz integral cocido 1 taza x1 | Frijoles negros cocidos 1 taza x1 | Ensalada verde 1 taza x1 | Aguacate 1/2 unidad x1,Meneitos Jack's 25 g x1 | Yogurt griego natural Dos Pinos 150 g x1,Wrap de pollo 1 unidad x1 | Pepino 1 taza x1
Nat,2026-02-27,Tortilla de maíz 2 unidades x1 | Huevo entero 1 unidad x2 | Queso mozzarella Dos Pinos 30 g x1 | Piña 1 taza x1 | Bagel integral Musmanni 1 unidad x1 | Leche más proteína Dos Pinos 250 ml x1 | Mantequilla de maní 1 cda x1,Barra de cereal Jack's 1 unidad x1 | Leche descremada Dos Pinos 250 ml x1 | Yogurt griego natural Dos Pinos 150 g x1 | Granola artesanal 30 g x1,Lomo de cerdo a la plancha 120 g x1 | Yuca cocida 150 g x1 | Pico de gallo 1 porción x1 | Ensalada verde 1 taza x1,Papaya 1 taza x1 | Almendras 20 g x1 | Bagel integral Musmanni 1 unidad x1,Wrap de pollo 1 unidad x1 | Pepino 1 taza x1
Nat,2026-02-28,Pan cuadrado integral Musmanni 2 rebanadas x1 | Revuelto de huevo con tomate 1 porción x1 | Aguacate 1/2 unidad x1 | Café negro 1 taza x1 | Leche más proteína Dos Pinos 250 ml x1,Yogurt griego natural Dos Pinos 150 g x1 | Banano mediano x1 | Granola artesanal 30 g x1 | Almendras 20 g x1,Lomo de cerdo a la plancha 120 g x1 | Yuca cocida 150 g x1 | Pico de gallo 1 porción x1 | Ensalada verde 1 taza x1,Barra de cereal Jack's 1 unidad x1 | Manzana mediana x1 | Galleta maría Pozuelo 4 unidades x1,Wrap de pollo 1 unidad x1 | Pepino 1 taza x1 | Helado de vainilla Dos Pinos 1 porción x1
Nat,2026-03-01,Yogurt griego natural Dos Pinos 150 g x1 | Granola artesanal 30 g x1 | Fresas 1 taza x1 | Mantequilla de maní 1 cda x1,Manzana mediana x1 | Almendras 20 g x1,Pechuga de pollo a la plancha 120 g x1 | Arroz integral cocido 1 taza x1 | Frijoles negros cocidos 1 taza x1 | Ensalada verde 1 taza x1 | Aguacate 1/2 unidad x1,Papaya 1 taza x1 | Almendras 20 g x1,Tilapia al horno 120 g x1 | Papa cocida 150 g x1 | Vegetales salteados 1 taza x1
Nat,2026-03-02,Tortilla de maíz 2 unidades x1 | Huevo entero 1 unidad x2 | Queso mozzarella Dos Pinos 30 g x1 | Piña 1 taza x1 | Bagel integral Musmanni 1 unidad x1 | Leche más proteína Dos Pinos 250 ml x1 | Mantequilla de maní 1 cda x1,Barra de cereal Jack's 1 unidad x1 | Leche descremada Dos Pinos 250 ml x1 | Almendras 20 g x1,Lomo de cerdo a la plancha 120 g x1 | Yuca cocida 150 g x1 | Pico de gallo 1 porción x1 | Ensalada verde 1 taza x1,Queso cottage Dos Pinos 1 taza x1 | Piña 1 taza x1 | Bagel integral Musmanni 1 unidad x1,Pechuga de pollo a la plancha 120 g x1 | Camote cocido 150 g x1 | Ensalada verde 1 taza x1
Nat,2026-03-03,Avena en hojuelas 40 g x1 | Leche descremada Dos Pinos 250 ml x1 | Banano mediano x1 | Semillas de chía 1 cda x1 | Leche más proteína Dos Pinos 250 ml x1 | Mantequilla de maní 1 cda x1,Barra de cereal Jack's 1 unidad x1 | Leche descremada Dos Pinos 250 ml x1 | Granola artesanal 30 g x1 | Almendras 20 g x1 | Yogurt griego natural Dos Pinos 150 g x1,Bistec de res 120 g x1 | Papa cocida 150 g x1 | Brócoli al vapor 1 taza x1 | Tomate 1 unidad x1,Batido de proteína 1 porción x1 | Banano mediano x1,Ensalada de atún 1 porción x1 | Galleta soda Pozuelo 4 unidades x1 | Aguacate 1/2 unidad x1
Nat,2026-03-04,Pan blanco Musmanni 2 rebanadas x1 | Queso fresco Dos Pinos 30 g x1 | Yogurt de fresa Dos Pinos 125 g x1 | Banano mediano x1,Barra de cereal Jack's 1 unidad x1 | Leche descremada Dos Pinos 250 ml x1,Pechuga de pollo a la plancha 120 g x1 | Arroz integral cocido 1 taza x1 | Frijoles negros cocidos 1 taza x1 | Ensalada verde 1 taza x1 | Aguacate 1/2 unidad x1,Batido de proteína 1 porción x1 | Banano mediano x1,Tilapia al horno 120 g x1 | Papa cocida 150 g x1 | Vegetales salteados 1 taza x1
Nat,2026-03-05,Cereal Chokos Jack's 30 g x1 | Leche más proteína Dos Pinos 250 ml x1 | Manzana mediana x1 | Bagel integral Musmanni 1 unidad x1,Piña 1 taza x1 | Queso fresco Dos Pinos 30 g x1 | Almendras 20 g x1,Carne molida magra 120 g x1 | Camote cocido 150 g x1 | Brócoli al vapor 1 taza x1,Yogurt de fresa Dos Pinos 125 g x1 | Galleta maría Pozuelo 4 unidades x1 | Batido de proteína 1 porción x1 | Bagel integral Musmanni 1 unidad x1,Salmón al horno 120 g x1 | Arroz integral cocido 1 taza x1 | Brócoli al vapor 1 taza x1 | Queso cottage Dos Pinos 1 taza x1
Nat,2026-03-06,Cereal Chokos Jack's 30 g x1 | Leche más proteína Dos Pinos 250 ml x1 | Manzana mediana x1 | Mantequilla de maní 1 cda x1,Piña 1 taza x1 | Queso fresco Dos Pinos 30 g x1 | Papaya 1 taza x1 | Granola artesanal 30 g x1 | Yogurt griego natural Dos Pinos 150 g x1,Lomo de cerdo a la plancha 120 g x1 | Yuca cocida 150 g x1 | Pico de gallo 1 porción x1 | Ensalada verde 1 taza x1,Batido de proteína 1 porción x1 | Banano mediano x1 | Queso cottage Dos Pinos 1 taza x1,Salmón al horno 120 g x1 | Arroz integral cocido 1 taza x1 | Brócoli al vapor 1 taza x1
Nat,2026-03-07,Tortilla de maíz 2 unidades x1 | Huevo entero 1 unidad x2 | Queso mozzarella Dos Pinos 30 g x1 | Piña 1 taza x1,Piña 1 taza x1 | Queso fresco Dos Pinos 30 g x1,Pechuga de pollo a la plancha 120 g x1 | Arroz integral cocido 1 taza x1 | Frijoles negros cocidos 1 taza x1 | Ensalada verde 1 taza x1 | Aguacate 1/2 unidad x1,Barra de cereal Jack's 1 unidad x1 | Manzana mediana x1,Omelette de espinaca 1 porción x1 | Aguacate 1/2 unidad x1 | Tomate 1 unidad x1
Nat,2026-03-08,Pan cuadrado integral Musmanni 2 rebanadas x1 | Revuelto de huevo con tomate 1 porción x1 | Aguacate 1/2 unidad x1 | Café negro 1 taza x1 | Bagel integral Musmanni 1 unidad x1 | Leche más proteína Dos Pinos 250 ml x1 | Mantequilla de maní 1 cda x1,Papaya 1 taza x1 | Galleta soda Pozuelo 4 unidades x1 | Granola artesanal 30 g x1,Pechuga de pollo a la plancha 120 g x1 | Arroz integral cocido 1 taza x1 | Frijoles negros cocidos 1 taza x1 | Ensalada verde 1 taza x1 | Aguacate 1/2 unidad x1,Batido de proteína 1 porción x1 | Banano mediano x1,Wrap de pollo 1 unidad x1 | Pepino 1 taza x1
Nat,2026-03-09,Gallo pinto casero 1 taza x1 | Huevo entero 1 unidad x2 | Queso fresco Dos Pinos 30 g x1 | Papaya 1 taza x1 | Leche más proteína Dos Pinos 250 ml x1 | Mantequilla de maní 1 cda x1,Papaya 1 taza x1 | Galleta soda Pozuelo 4 unidades x1 | Manzana mediana x1 | Almendras 20 g x1 | Yogurt griego natural Dos Pinos 150 g x1,Tilapia al horno 120 g x1 | Arroz blanco cocido 1 taza x1 | Vegetales salteados 1 taza x1 | Aguacate 1/2 unidad x1,Barra de cereal Jack's 1 unidad x1 | Manzana mediana x1 | Galleta maría Pozuelo 4 unidades x1,Omelette de espinaca 1 porción x1 | Aguacate 1/2 unidad x1 | Tomate 1 unidad x1
Nat,2026-03-10,Pan cuadrado integral Musmanni 2 rebanadas x1 | Revuelto de huevo con tomate 1 porción x1 | Aguacate 1/2 unidad x1 | Café negro 1 taza x1,Manzana mediana x1 | Almendras 20 g x1 | Papaya 1 taza x1,Lomo de cerdo a la plancha 120 g x1 | Yuca cocida 150 g x1 | Pico de gallo 1 porción x1 | Ensalada verde 1 taza x1,Batido de proteína 1 porción x1 | Banano mediano x1,Pechuga de pollo a la plancha 120 g x1 | Camote cocido 150 g x1 | Ensalada verde 1 taza x1
Nat,2026-03-11,Yogurt griego natural Dos Pinos 150 g x1 | Granola artesanal 30 g x1 | Fresas 1 taza x1 | Mantequilla de maní 1 cda x1 | Bagel integral Musmanni 1 unidad x1 | Leche más proteína Dos Pinos 250 ml x1,Piña 1 taza x1 | Queso fresco Dos Pinos 30 g x1 | Almendras 20 g x1,Casado con pollo 1 plato x1,Barra de cereal Jack's 1 unidad x1 | Manzana mediana x1 | Batido de proteína 1 porción x1 | Bagel integral Musmanni 1 unidad x1,Ensalada de atún 1 porción x1 | Galleta soda Pozuelo 4 unidades x1 | Helado de vainilla Dos Pinos 1 porción x1
Nat,2026-03-12,Tortilla de maíz 2 unidades x1 | Huevo entero 1 unidad x2 | Queso mozzarella Dos Pinos 30 g x1 | Piña 1 taza x1 | Leche más proteína Dos Pinos 250 ml x1 | Mantequilla de maní 1 cda x1,Manzana mediana x1 | Almendras 20 g x1 | Granola artesanal 30 g x1 | Yogurt griego natural Dos Pinos 150 g x1,Bistec de res 120 g x1 | Papa cocida 150 g x1 | Brócoli al vapor 1 taza x1 | Tomate 1 unidad x1,Queso cottage Dos Pinos 1 taza x1 | Piña 1 taza x1 | Galleta maría Pozuelo 4 unidades x1,Omelette de espinaca 1 porción x1 | Aguacate 1/2 unidad x1 | Tomate 1 unidad x1
Nat,2026-03-13,Tortilla de maíz 2 unidades x1 | Huevo entero 1 unidad x2 | Queso mozzarella Dos Pinos 30 g x1 | Piña 1 taza x1,Manzana mediana x1 | Almendras 20 g x1 | Manzana mediana x1,Carne molida magra 120 g x1 | Camote cocido 150 g x1 | Brócoli al vapor 1 taza x1,Yogurt de fresa Dos Pinos 125 g x1 | Galleta maría Pozuelo 4 unidades x1,Salmón al horno 120 g x1 | Arroz integral cocido 1 taza x1 | Brócoli al vapor 1 taza x1
Nat,2026-03-14,Tortilla de maíz 2 unidades x1 | Huevo entero 1 unidad x2 | Queso mozzarella Dos Pinos 30 g x1 | Piña 1 taza x1 | Bagel integral Musmanni 1 unidad x1,Yogurt griego natural Dos Pinos 150 g x1 | Banano mediano x1 | Manzana mediana x1 | Almendras 20 g x1,Bistec de res 120 g x1 | Papa cocida 150 g x1 | Brócoli al vapor 1 taza x1 | Tomate 1 unidad x1,Yogurt de fresa Dos Pinos 125 g x1 | Galleta maría Pozuelo 4 unidades x1 | Batido de proteína 1 porción x1,Salmón al horno 120 g x1 | Arroz integral cocido 1 taza x1 | Brócoli al vapor 1 taza x1 | Aguacate 1/2 unidad x1
Nat,2026-03-15,Pan blanco Musmanni 2 rebanadas x1 | Queso fresco Dos Pinos 30 g x1 | Yogurt de fresa Dos Pinos 125 g x1 | Banano mediano x1 | Leche más proteína Dos Pinos 250 ml x1,Sandía 1 taza x1 | Nueces mixtas 20 g x1 | Granola artesanal 30 g x1 | Yogurt griego natural Dos Pinos 150 g x1,Atún en agua Sardimar 1 lata x1 | Pasta integral cocida 1 taza x1 | Ensalada verde 1 taza x1,Meneitos Jack's 25 g x1 | Yogurt griego natural Dos Pinos 150 g x1 | Galleta maría Pozuelo 4 unidades x1,Sopa negra 1 taza x1 | Queso fresco Dos Pinos 30 g x1 | Tortilla de maíz 2 unidades x1 | Aguacate 1/2 unidad x1 | Helado de vainilla Dos Pinos 1 porción x1
Nat,2026-03-16,Tortilla de maíz 2 unidades x1 | Huevo entero 1 unidad x2 | Queso mozzarella Dos Pinos 30 g x1 | Piña 1 taza x1,Sandía 1 taza x1 | Nueces mixtas 20 g x1,Lomo de cerdo a la plancha 120 g x1 | Yuca cocida 150 g x1 | Pico de gallo 1 porción x1 | Ensalada verde 1 taza x1,Barra de cereal Jack's 1 unidad x1 | Manzana mediana x1,Wrap de pollo 1 unidad x1 | Pepino 1 taza x1
Nat,2026-03-17,Avena en hojuelas 40 g x1 | Leche descremada Dos Pinos 250 ml x1 | Banano mediano x1 | Semillas de chía 1 cda x1 | Bagel integral Musmanni 1 unidad x1 | Leche más proteína Dos Pinos 250 ml x1,Sandía 1 taza x1 | Nueces mixtas 20 g x1 | Almendras 20 g x1,Bistec de res 120 g x1 | Papa cocida 150 g x1 | Brócoli al vapor 1 taza x1 | Tomate 1 unidad x1,Yogurt de fresa Dos Pinos 125 g x1 | Galleta maría Pozuelo 4 unidades x1 | Batido de proteína 1 porción x1,Omelette de espinaca 1 porción x1 | Aguacate 1/2 unidad x1 | Tomate 1 unidad x1 | Helado de vainilla Dos Pinos 1 porción x1 | Queso cottage Dos Pinos 1 taza x1
Nat,2026-03-18,Tortilla de maíz 2 unidades x1 | Huevo entero 1 unidad x2 | Queso mozzarella Dos Pinos 30 g x1 | Piña 1 taza x1 | Leche más proteína Dos Pinos 250 ml x1 | Mantequilla de maní 1 cda x1,Barra de cereal Jack's 1 unidad x1 | Leche descremada Dos Pinos 250 ml x1 | Granola artesanal 30 g x1 | Almendras 20 g x1,Carne molida magra 120 g x1 | Camote cocido 150 g x1 | Brócoli al vapor 1 taza x1,Meneitos Jack's 25 g x1 | Yogurt griego natural Dos Pinos 150 g x1,Salmón al horno 120 g x1 | Arroz integral cocido 1 taza x1 | Brócoli al vapor 1 taza x1
Nat,2026-03-19,Tortilla de maíz 2 unidades x1 | Huevo entero 1 unidad x2 | Queso mozzarella Dos Pinos 30 g x1 | Piña 1 taza x1,Sandía 1 taza x1 | Nueces mixtas 20 g x1,Atún en agua Sardimar 1 lata x1 | Pasta integral cocida 1 taza x1 | Ensalada verde 1 taza x1,Yogurt de fresa Dos Pinos 125 g x1 | Galleta maría Pozuelo 4 unidades x1,Tilapia al horno 120 g x1 | Papa cocida 150 g x1 | Vegetales salteados 1 taza x1
Nat,2026-03-20,Gallo pinto casero 1 taza x1 | Huevo entero 1 unidad x2 | Queso fresco Dos Pinos 30 g x1 | Papaya 1 taza x1 | Bagel integral Musmanni 1 unidad x1 | Leche más proteína Dos Pinos 250 ml x1,Manzana mediana x1 | Almendras 20 g x1,Casado con pollo 1 plato x1,Papaya 1 taza x1 | Almendras 20 g x1 | Batido de proteína 1 porción x1 | Bagel integral Musmanni 1 unidad x1,Pechuga de pollo a la plancha 120 g x1 | Camote cocido 150 g x1 | Ensalada verde 1 taza x1 | Queso cottage Dos Pinos 1 taza x1
Nat,2026-03-21,Tortilla de maíz 2 unidades x1 | Huevo entero 1 unidad x2 | Queso mozzarella Dos Pinos 30 g x1 | Piña 1 taza x1 | Leche más proteína Dos Pinos 250 ml x1 | Mantequilla de maní 1 cda x1,Manzana mediana x1 | Almendras 20 g x1,Casado con pollo 1 plato x1,Barra de cereal Jack's 1 unidad x1 | Manzana mediana x1 | Queso cottage Dos Pinos 1 taza x1,Pechuga de pollo a la plancha 120 g x1 | Camote cocido 150 g x1 | Ensalada verde 1 taza x1 | Helado de vainilla Dos Pinos 1 porción x1
Nat,2026-03-22,Pan cuadrado integral Musmanni 2 rebanadas x1 | Revuelto de huevo con tomate 1 porción x1 | Aguacate 1/2 unidad x1 | Café negro 1 taza x1,Yogurt griego natural Dos Pinos 150 g x1 | Banano mediano x1,Lomo de cerdo a la plancha 120 g x1 | Yuca cocida 150 g x1 | Pico de gallo 1 porción x1 | Ensalada verde 1 taza x1,Papaya 1 taza x1 | Almendras 20 g x1,Tilapia al horno 120 g x1 | Papa cocida 150 g x1 | Vegetales salteados 1 taza x1
Nat,2026-03-23,Gallo pinto casero 1 taza x1 | Huevo entero 1 unidad x2 | Queso fresco Dos Pinos 30 g x1 | Papaya 1 taza x1 | Bagel integral Musmanni 1 unidad x1 | Leche más proteína Dos Pinos 250 ml x1,Barra de cereal Jack's 1 unidad x1 | Leche descremada Dos Pinos 250 ml x1 | Granola artesanal 30 g x1 | Almendras 20 g x1,Casado con pollo 1 plato x1,Papaya 1 taza x1 | Almendras 20 g x1 | Bagel integral Musmanni 1 unidad x1,Ensalada de atún 1 porción x1 | Galleta soda Pozuelo 4 unidades x1 | Helado de vainilla Dos Pinos 1 porción x1
Nat,2026-03-24,Yogurt griego natural Dos Pinos 150 g x1 | Granola artesanal 30 g x1 | Fresas 1 taza x1 | Mantequilla de maní 1 cda x1 | Leche más proteína Dos Pinos 250 ml x1,Piña 1 taza x1 | Queso fresco Dos Pinos 30 g x1 | Manzana mediana x1 | Granola artesanal 30 g x1 | Almendras 20 g x1,Casado con pollo 1 plato x1,Barra de cereal Jack's 1 unidad x1 | Manzana mediana x1 | Queso cottage Dos Pinos 1 taza x1,Pechuga de pollo a la plancha 120 g x1 | Camote cocido 150 g x1 | Ensalada verde 1 taza x1
Nat,2026-03-25,Cereal Chokos Jack's 30 g x1 | Leche más proteína Dos Pinos 250 ml x1 | Manzana mediana x1,Piña 1 taza x1 | Queso fresco Dos Pinos 30 g x1,Carne molida magra 120 g x1 | Camote cocido 150 g x1 | Brócoli al vapor 1 taza x1,Queso cottage Dos Pinos 1 taza x1 | Piña 1 taza x1,Salmón al horno 120 g x1 | Arroz integral cocido 1 taza x1 | Brócoli al vapor 1 taza x1
Nat,2026-03-26,Tortilla de maíz 2 unidades x1 | Huevo entero 1 unidad x2 | Queso mozzarella Dos Pinos 30 g x1 | Piña 1 taza x1 | Bagel integral Musmanni 1 unidad x1,Barra de cereal Jack's 1 unidad x1 | Leche descremada Dos Pinos 250 ml x1 | Yogurt griego natural Dos Pinos 150 g x1 | Granola artesanal 30 g x1,Casado con pollo 1 plato x1,Papaya 1 taza x1 | Almendras 20 g x1 | Bagel integral Musmanni 1 unidad x1,Sopa negra 1 taza x1 | Queso fresco Dos Pinos 30 g x1 | Tortilla de maíz 2 unidades x1 | Queso cottage Dos Pinos 1 taza x1
Nat,2026-03-27,Gallo pinto casero 1 taza x1 | Huevo entero 1 unidad x2 | Queso fresco Dos Pinos 30 g x1 | Papaya 1 taza x1 | Leche más proteína Dos Pinos 250 ml x1,Papaya 1 taza x1 | Galleta soda Pozuelo 4 unidades x1 | Almendras 20 g x1,Pechuga de pollo a la plancha 120 g x1 | Arroz integral cocido 1 taza x1 | Frijoles negros cocidos 1 taza x1 | Ensalada verde 1 taza x1 | Aguacate 1/2 unidad x1,Meneitos Jack's 25 g x1 | Yogurt griego natural Dos Pinos 150 g x1,Pechuga de pollo a la plancha 120 g x1 | Camote cocido 150 g x1 | Ensalada verde 1 taza x1 | Aguacate 1/2 unidad x1
Nat,2026-03-28,Tortilla de maíz 2 unidades x1 | Huevo entero 1 unidad x2 | Queso mozzarella Dos Pinos 30 g x1 | Piña 1 taza x1,Piña 1 taza x1 | Queso fresco Dos Pinos 30 g x1,Casado con pollo 1 plato x1,Batido de proteína 1 porción x1 | Banano mediano x1,Ensalada de atún 1 porción x1 | Galleta soda Pozuelo 4 unidades x1
Nat,2026-03-29,Cereal Chokos Jack's 30 g x1 | Leche más proteína Dos Pinos 250 ml x1 | Manzana mediana x1 | Bagel integral Musmanni 1 unidad x1 | Mantequilla de maní 1 cda x1,Sandía 1 taza x1 | Nueces mixtas 20 g x1 | Manzana mediana x1 | Yogurt griego natural Dos Pinos 150 g x1,Atún en agua Sardimar 1 lata x1 | Pasta integral cocida 1 taza x1 | Ensalada verde 1 taza x1,Batido de proteína 1 porción x1 | Banano mediano x1 | Bagel integral Musmanni 1 unidad x1,Tilapia al horno 120 g x1 | Papa cocida 150 g x1 | Vegetales salteados 1 taza x1 | Helado de vainilla Dos Pinos 1 porción x1 | Queso cottage Dos Pinos 1 taza x1
Nat,2026-03-30,Pan blanco Musmanni 2 rebanadas x1 | Queso fresco Dos Pinos 30 g x1 | Yogurt de fresa Dos Pinos 125 g x1 | Banano mediano x1 | Mantequilla de maní 1 cda x1,Sandía 1 taza x1 | Nueces mixtas 20 g x1 | Papaya 1 taza x1 | Almendras 20 g x1 | Yogurt griego natural Dos Pinos 150 g x1,Tilapia al horno 120 g x1 | Arroz blanco cocido 1 taza x1 | Vegetales salteados 1 taza x1 | Aguacate 1/2 unidad x1,Meneitos Jack's 25 g x1 | Yogurt griego natural Dos Pinos 150 g x1 | Galleta maría Pozuelo 4 unidades x1,Pechuga de pollo a la plancha 120 g x1 | Camote cocido 150 g x1 | Ensalada verde 1 taza x1
Nat,2026-03-31,Cereal Chokos Jack's 30 g x1 | Leche más proteína Dos Pinos 250 ml x1 | Manzana mediana x1,Sandía 1 taza x1 | Nueces mixtas 20 g x1 | Manzana mediana x1,Carne molida magra 120 g x1 | Camote cocido 150 g x1 | Brócoli al vapor 1 taza x1,Batido de proteína 1 porción x1 | Banano mediano x1,Ensalada de atún 1 porción x1 | Galleta soda Pozuelo 4 unidades x1
Nat,2026-04-06,Tortilla de maíz 2 unidades x1 | Huevo entero 1 unidad x2 | Queso mozzarella Dos Pinos 30 g x1 | Piña 1 taza x1 | Leche más proteína Dos Pinos 250 ml x1 | Mantequilla de maní 1 cda x1,Papaya 1 taza x1 | Galleta soda Pozuelo 4 unidades x1 | Almendras 20 g x1 | Yogurt griego natural Dos Pinos 150 g x1,Lomo de cerdo a la plancha 120 g x1 | Yuca cocida 150 g x1 | Pico de gallo 1 porción x1 | Ensalada verde 1 taza x1,Yogurt de fresa Dos Pinos 125 g x1 | Galleta maría Pozuelo 4 unidades x1,Ensalada de atún 1 porción x1 | Galleta soda Pozuelo 4 unidades x1 | Aguacate 1/2 unidad x1 | Helado de vainilla Dos Pinos 1 porción x1
PaolaG,2026-01-01,Yogurt griego natural Dos Pinos 150 g x1 | Granola artesanal 30 g x1 | Fresas 1 taza x1 | Mantequilla de maní 1 cda x1,Yogurt griego natural Dos Pinos 150 g x1 | Banano mediano x1,Carne molida magra 120 g x1 | Camote cocido 150 g x1 | Brócoli al vapor 1 taza x1,Papaya 1 taza x1 | Almendras 20 g x1,Omelette de espinaca 1 porción x1 | Aguacate 1/2 unidad x1 | Tomate 1 unidad x1
PaolaG,2026-01-02,Pan blanco Musmanni 2 rebanadas x1 | Queso fresco Dos Pinos 30 g x1 | Yogurt de fresa Dos Pinos 125 g x1 | Banano mediano x1,Piña 1 taza x1 | Queso fresco Dos Pinos 30 g x1,Lomo de cerdo a la plancha 120 g x1 | Yuca cocida 150 g x1 | Pico de gallo 1 porción x1 | Ensalada verde 1 taza x1,Batido de proteína 1 porción x1 | Banano mediano x1,Ensalada de atún 1 porción x1 | Galleta soda Pozuelo 4 unidades x1
PaolaG,2026-01-03,Tortilla de maíz 2 unidades x1 | Huevo entero 1 unidad x2 | Queso mozzarella Dos Pinos 30 g x1 | Piña 1 taza x1,Piña 1 taza x1 | Queso fresco Dos Pinos 30 g x1,Carne molida magra 120 g x1 | Camote cocido 150 g x1 | Brócoli al vapor 1 taza x1,Yogurt de fresa Dos Pinos 125 g x1 | Galleta maría Pozuelo 4 unidades x1,Salmón al horno 120 g x1 | Arroz integral cocido 1 taza x1 | Brócoli al vapor 1 taza x1
PaolaG,2026-01-04,Gallo pinto casero 1 taza x1 | Huevo entero 1 unidad x2 | Queso fresco Dos Pinos 30 g x1 | Papaya 1 taza x1,Piña 1 taza x1 | Queso fresco Dos Pinos 30 g x1,Bistec de res 120 g x1 | Papa cocida 150 g x1 | Brócoli al vapor 1 taza x1 | Tomate 1 unidad x1,Yogurt de fresa Dos Pinos 125 g x1 | Galleta maría Pozuelo 4 unidades x1,Pechuga de pollo a la plancha 120 g x1 | Camote cocido 150 g x1 | Ensalada verde 1 taza x1
PaolaG,2026-01-05,Gallo pinto casero 1 taza x1 | Huevo entero 1 unidad x2 | Queso fresco Dos Pinos 30 g x1 | Papaya 1 taza x1,Barra de cereal Jack's 1 unidad x1 | Leche descremada Dos Pinos 250 ml x1,Atún en agua Sardimar 1 lata x1 | Pasta integral cocida 1 taza x1 | Ensalada verde 1 taza x1,Queso cottage Dos Pinos 1 taza x1 | Piña 1 taza x1,Wrap de pollo 1 unidad x1 | Pepino 1 taza x1
PaolaG,2026-01-06,Pan blanco Musmanni 2 rebanadas x1 | Queso fresco Dos Pinos 30 g x1 | Yogurt de fresa Dos Pinos 125 g x1 | Banano mediano x1,Piña 1 taza x1 | Queso fresco Dos Pinos 30 g x1,Tilapia al horno 120 g x1 | Arroz blanco cocido 1 taza x1 | Vegetales salteados 1 taza x1 | Aguacate 1/2 unidad x1,Barra de cereal Jack's 1 unidad x1 | Manzana mediana x1,Ensalada de atún 1 porción x1 | Galleta soda Pozuelo 4 unidades x1
PaolaG,2026-01-07,Pan cuadrado integral Musmanni 2 rebanadas x1 | Revuelto de huevo con tomate 1 porción x1 | Aguacate 1/2 unidad x1 | Café negro 1 taza x1,Sandía 1 taza x1 | Nueces mixtas 20 g x1,Atún en agua Sardimar 1 lata x1 | Pasta integral cocida 1 taza x1 | Ensalada verde 1 taza x1,Yogurt de fresa Dos Pinos 125 g x1 | Galleta maría Pozuelo 4 unidades x1,Ensalada de atún 1 porción x1 | Galleta soda Pozuelo 4 unidades x1
PaolaG,2026-01-08,Gallo pinto casero 1 taza x1 | Huevo entero 1 unidad x2 | Queso fresco Dos Pinos 30 g x1 | Papaya 1 taza x1,Manzana mediana x1 | Almendras 20 g x1,Pechuga de pollo a la plancha 120 g x1 | Arroz integral cocido 1 taza x1 | Frijoles negros cocidos 1 taza x1 | Ensalada verde 1 taza x1 | Aguacate 1/2 unidad x1,Papaya 1 taza x1 | Almendras 20 g x1,Tilapia al horno 120 g x1 | Papa cocida 150 g x1 | Vegetales salteados 1 taza x1
PaolaG,2026-01-09,Tortilla de maíz 2 unidades x1 | Huevo entero 1 unidad x2 | Queso mozzarella Dos Pinos 30 g x1 | Piña 1 taza x1,Yogurt griego natural Dos Pinos 150 g x1 | Banano mediano x1,Bistec de res 120 g x1 | Papa cocida 150 g x1 | Brócoli al vapor 1 taza x1 | Tomate 1 unidad x1,Yogurt griego natural Dos Pinos 150 g x1,Wrap de pollo 1 unidad x1 | Pepino 1 taza x1
PaolaG,2026-01-10,Pan blanco Musmanni 2 rebanadas x1 | Queso fresco Dos Pinos 30 g x1 | Yogurt de fresa Dos Pinos 125 g x1 | Banano mediano x1,Sandía 1 taza x1 | Nueces mixtas 20 g x1,Lomo de cerdo a la plancha 120 g x1 | Yuca cocida 150 g x1 | Pico de gallo 1 porción x1 | Ensalada verde 1 taza x1,Barra de cereal Jack's 1 unidad x1 | Manzana mediana x1,Sopa negra 1 taza x1 | Queso fresco Dos Pinos 30 g x1 | Tortilla de maíz 2 unidades x1
PaolaG,2026-01-11,Gallo pinto casero 1 taza x1 | Huevo entero 1 unidad x2 | Queso fresco Dos Pinos 30 g x1 | Papaya 1 taza x1,Yogurt griego natural Dos Pinos 150 g x1 | Banano mediano x1,Casado con pollo 1 plato x1,Queso cottage Dos Pinos 1 taza x1 | Piña 1 taza x1,Tilapia al horno 120 g x1 | Papa cocida 150 g x1 | Vegetales salteados 1 taza x1
PaolaG,2026-01-12,Cereal Chokos Jack's 30 g x1 | Leche más proteína Dos Pinos 250 ml x1 | Manzana mediana x1,Manzana mediana x1 | Almendras 20 g x1,Casado con pollo 1 plato x1,Queso cottage Dos Pinos 1 taza x1 | Piña 1 taza x1,Ensalada de atún 1 porción x1 | Galleta soda Pozuelo 4 unidades x1
PaolaG,2026-01-13,Tortilla de maíz 2 unidades x1 | Huevo entero 1 unidad x2 | Queso mozzarella Dos Pinos 30 g x1 | Piña 1 taza x1,Piña 1 taza x1 | Queso fresco Dos Pinos 30 g x1,Bistec de res 120 g x1 | Papa cocida 150 g x1 | Brócoli al vapor 1 taza x1 | Tomate 1 unidad x1,Barra de cereal Jack's 1 unidad x1 | Manzana mediana x1,Salmón al horno 120 g x1 | Arroz integral cocido 1 taza x1 | Brócoli al vapor 1 taza x1
PaolaG,2026-01-14,Cereal Chokos Jack's 30 g x1 | Leche más proteína Dos Pinos 250 ml x1 | Manzana mediana x1,Papaya 1 taza x1 | Galleta soda Pozuelo 4 unidades x1,Lomo de cerdo a la plancha 120 g x1 | Yuca cocida 150 g x1 | Pico de gallo 1 porción x1 | Ensalada verde 1 taza x1,Batido de proteína 1 porción x1 | Banano mediano x1,Omelette de espinaca 1 porción x1 | Aguacate 1/2 unidad x1 | Tomate 1 unidad x1
PaolaG,2026-01-15,Yogurt griego natural Dos Pinos 150 g x1 | Granola artesanal 30 g x1 | Fresas 1 taza x1 | Mantequilla de maní 1 cda x1,Barra de cereal Jack's 1 unidad x1 | Leche descremada Dos Pinos 250 ml x1,Bistec de res 120 g x1 | Papa cocida 150 g x1 | Brócoli al vapor 1 taza x1 | Tomate 1 unidad x1,Barra de cereal Jack's 1 unidad x1 | Manzana mediana x1,Salmón al horno 120 g x1 | Arroz integral cocido 1 taza x1 | Brócoli al vapor 1 taza x1
PaolaG,2026-01-16,Gallo pinto casero 1 taza x1 | Huevo entero 1 unidad x2 | Queso fresco Dos Pinos 30 g x1 | Papaya 1 taza x1,Manzana mediana x1 | Almendras 20 g x1,Lomo de cerdo a la plancha 120 g x1 | Yuca cocida 150 g x1 | Pico de gallo 1 porción x1 | Ensalada verde 1 taza x1,Yogurt griego natural Dos Pinos 150 g x1,Pechuga de pollo a la plancha 120 g x1 | Camote cocido 150 g x1 | Ensalada verde 1 taza x1
PaolaG,2026-01-17,Yogurt griego natural Dos Pinos 150 g x1 | Granola artesanal 30 g x1 | Fresas 1 taza x1 | Mantequilla de maní 1 cda x1,Barra de cereal Jack's 1 unidad x1 | Leche descremada Dos Pinos 250 ml x1,Tilapia al horno 120 g x1 | Arroz blanco cocido 1 taza x1 | Vegetales salteados 1 taza x1 | Aguacate 1/2 unidad x1,Yogurt de fresa Dos Pinos 125 g x1 | Galleta maría Pozuelo 4 unidades x1,Sopa negra 1 taza x1 | Queso fresco Dos Pinos 30 g x1 | Tortilla de maíz 2 unidades x1
PaolaG,2026-01-18,Gallo pinto casero 1 taza x1 | Huevo entero 1 unidad x2 | Queso fresco Dos Pinos 30 g x1 | Papaya 1 taza x1,Piña 1 taza x1 | Queso fresco Dos Pinos 30 g x1,Carne molida magra 120 g x1 | Camote cocido 150 g x1 | Brócoli al vapor 1 taza x1,Batido de proteína 1 porción x1 | Banano mediano x1,Ensalada de atún 1 porción x1 | Galleta soda Pozuelo 4 unidades x1
PaolaG,2026-01-19,Yogurt griego natural Dos Pinos 150 g x1 | Granola artesanal 30 g x1 | Fresas 1 taza x1 | Mantequilla de maní 1 cda x1,Yogurt griego natural Dos Pinos 150 g x1 | Banano mediano x1,Casado con pollo 1 plato x1,Barra de cereal Jack's 1 unidad x1 | Manzana mediana x1,Wrap de pollo 1 unidad x1 | Pepino 1 taza x1
PaolaG,2026-01-20,Pan blanco Musmanni 2 rebanadas x1 | Queso fresco Dos Pinos 30 g x1 | Yogurt de fresa Dos Pinos 125 g x1 | Banano mediano x1,Papaya 1 taza x1 | Galleta soda Pozuelo 4 unidades x1,Lomo de cerdo a la plancha 120 g x1 | Yuca cocida 150 g x1 | Pico de gallo 1 porción x1 | Ensalada verde 1 taza x1,Papaya 1 taza x1 | Almendras 20 g x1,Pechuga de pollo a la plancha 120 g x1 | Camote cocido 150 g x1 | Ensalada verde 1 taza x1
PaolaG,2026-01-21,Cereal Chokos Jack's 30 g x1 | Leche más proteína Dos Pinos 250 ml x1 | Manzana mediana x1,Sandía 1 taza x1 | Nueces mixtas 20 g x1,Casado con pollo 1 plato x1,Yogurt de fresa Dos Pinos 125 g x1 | Galleta maría Pozuelo 4 unidades x1,Wrap de pollo 1 unidad x1 | Pepino 1 taza x1
PaolaG,2026-01-22,Gallo pinto casero 1 taza x1 | Huevo entero 1 unidad x2 | Queso fresco Dos Pinos 30 g x1 | Papaya 1 taza x1,Barra de cereal Jack's 1 unidad x1 | Leche descremada Dos Pinos 250 ml x1,Pechuga de pollo a la plancha 120 g x1 | Arroz integral cocido 1 taza x1 | Frijoles negros cocidos 1 taza x1 | Ensalada verde 1 taza x1 | Aguacate 1/2 unidad x1,Yogurt de fresa Dos Pinos 125 g x1 | Galleta maría Pozuelo 4 unidades x1,Ensalada de atún 1 porción x1 | Galleta soda Pozuelo 4 unidades x1
PaolaG,2026-01-23,Avena en hojuelas 40 g x1 | Leche descremada Dos Pinos 250 ml x1 | Banano mediano x1 | Semillas de chía 1 cda x1,Papaya 1 taza x1 | Galleta soda Pozuelo 4 unidades x1,Pechuga de pollo a la plancha 120 g x1 | Arroz integral cocido 1 taza x1 | Frijoles negros cocidos 1 taza x1 | Ensalada verde 1 taza x1 | Aguacate 1/2 unidad x1,Papaya 1 taza x1 | Almendras 20 g x1,Ensalada de atún 1 porción x1 | Galleta soda Pozuelo 4 unidades x1
PaolaG,2026-01-24,Avena en hojuelas 40 g x1 | Leche descremada Dos Pinos 250 ml x1 | Banano mediano x1 | Semillas de chía 1 cda x1,Sandía 1 taza x1 | Nueces mixtas 20 g x1,Lomo de cerdo a la plancha 120 g x1 | Yuca cocida 150 g x1 | Pico de gallo 1 porción x1 | Ensalada verde 1 taza x1,Papaya 1 taza x1 | Almendras 20 g x1,Ensalada de atún 1 porción x1 | Galleta soda Pozuelo 4 unidades x1
PaolaG,2026-01-25,Tortilla de maíz 2 unidades x1 | Huevo entero 1 unidad x2 | Queso mozzarella Dos Pinos 30 g x1 | Piña 1 taza x1,Piña 1 taza x1 | Queso fresco Dos Pinos 30 g x1,Tilapia al horno 120 g x1 | Arroz blanco cocido 1 taza x1 | Vegetales salteados 1 taza x1 | Aguacate 1/2 unidad x1,Queso cottage Dos Pinos 1 taza x1 | Piña 1 taza x1,Salmón al horno 120 g x1 | Arroz integral cocido 1 taza x1 | Brócoli al vapor 1 taza x1
PaolaG,2026-01-26,Tortilla de maíz 2 unidades x1 | Huevo entero 1 unidad x2 | Queso mozzarella Dos Pinos 30 g x1 | Piña 1 taza x1,Barra de cereal Jack's 1 unidad x1 | Leche descremada Dos Pinos 250 ml x1,Atún en agua Sardimar 1 lata x1 | Pasta integral cocida 1 taza x1 | Ensalada verde 1 taza x1,Papaya 1 taza x1 | Almendras 20 g x1,Tilapia al horno 120 g x1 | Papa cocida 150 g x1 | Vegetales salteados 1 taza x1
PaolaG,2026-01-27,Tortilla de maíz 2 unidades x1 | Huevo entero 1 unidad x2 | Queso mozzarella Dos Pinos 30 g x1 | Piña 1 taza x1,Sandía 1 taza x1 | Nueces mixtas 20 g x1,Carne molida magra 120 g x1 | Camote cocido 150 g x1 | Brócoli al vapor 1 taza x1,Batido de proteína 1 porción x1 | Banano mediano x1,Pechuga de pollo a la plancha 120 g x1 | Camote cocido 150 g x1 | Ensalada verde 1 taza x1
PaolaG,2026-01-28,Tortilla de maíz 2 unidades x1 | Huevo entero 1 unidad x2 | Queso mozzarella Dos Pinos 30 g x1 | Piña 1 taza x1,Manzana mediana x1 | Almendras 20 g x1,Bistec de res 120 g x1 | Papa cocida 150 g x1 | Brócoli al vapor 1 taza x1 | Tomate 1 unidad x1,Papaya 1 taza x1 | Almendras 20 g x1,Sopa negra 1 taza x1 | Queso fresco Dos Pinos 30 g x1 | Tortilla de maíz 2 unidades x1
PaolaG,2026-01-29,Pan blanco Musmanni 2 rebanadas x1 | Queso fresco Dos Pinos 30 g x1 | Yogurt de fresa Dos Pinos 125 g x1 | Banano mediano x1,Manzana mediana x1 | Almendras 20 g x1,Pechuga de pollo a la plancha 120 g x1 | Arroz integral cocido 1 taza x1 | Frijoles negros cocidos 1 taza x1 | Ensalada verde 1 taza x1 | Aguacate 1/2 unidad x1,Barra de cereal Jack's 1 unidad x1 | Manzana mediana x1,Omelette de espinaca 1 porción x1 | Aguacate 1/2 unidad x1 | Tomate 1 unidad x1
PaolaG,2026-01-30,Pan blanco Musmanni 2 rebanadas x1 | Queso fresco Dos Pinos 30 g x1 | Yogurt de fresa Dos Pinos 125 g x1 | Banano mediano x1,Manzana mediana x1 | Almendras 20 g x1,Casado con pollo 1 plato x1,Yogurt de fresa Dos Pinos 125 g x1 | Galleta maría Pozuelo 4 unidades x1,Sopa negra 1 taza x1 | Queso fresco Dos Pinos 30 g x1 | Tortilla de maíz 2 unidades x1
PaolaG,2026-01-31,Pan cuadrado integral Musmanni 2 rebanadas x1 | Revuelto de huevo con tomate 1 porción x1 | Aguacate 1/2 unidad x1 | Café negro 1 taza x1,Yogurt griego natural Dos Pinos 150 g x1 | Banano mediano x1,Pechuga de pollo a la plancha 120 g x1 | Arroz integral cocido 1 taza x1 | Frijoles negros cocidos 1 taza x1 | Ensalada verde 1 taza x1 | Aguacate 1/2 unidad x1,Yogurt griego natural Dos Pinos 150 g x1 | Pepino 1 taza x1,Tilapia al horno 120 g x1 | Papa cocida 150 g x1 | Vegetales salteados 1 taza x1
PaolaG,2026-02-01,Avena en hojuelas 40 g x1 | Leche descremada Dos Pinos 250 ml x1 | Banano mediano x1 | Semillas de chía 1 cda x1,Yogurt griego natural Dos Pinos 150 g x1 | Banano mediano x1,Casado con pollo 1 plato x1,Batido de proteína 1 porción x1 | Banano mediano x1,Ensalada de atún 1 porción x1 | Galleta soda Pozuelo 4 unidades x1
PaolaG,2026-02-02,Cereal Chokos Jack's 30 g x1 | Leche más proteína Dos Pinos 250 ml x1 | Manzana mediana x1,Papaya 1 taza x1 | Galleta soda Pozuelo 4 unidades x1,Tilapia al horno 120 g x1 | Arroz blanco cocido 1 taza x1 | Vegetales salteados 1 taza x1 | Aguacate 1/2 unidad x1,Papaya 1 taza x1 | Almendras 20 g x1,Pechuga de pollo a la plancha 120 g x1 | Camote cocido 150 g x1 | Ensalada verde 1 taza x1
PaolaG,2026-02-03,Pan blanco Musmanni 2 rebanadas x1 | Queso fresco Dos Pinos 30 g x1 | Yogurt de fresa Dos Pinos 125 g x1 | Banano mediano x1,Piña 1 taza x1 | Queso fresco Dos Pinos 30 g x1,Lomo de cerdo a la plancha 120 g x1 | Yuca cocida 150 g x1 | Pico de gallo 1 porción x1 | Ensalada verde 1 taza x1,Yogurt de fresa Dos Pinos 125 g x1 | Galleta maría Pozuelo 4 unidades x1,Omelette de espinaca 1 porción x1 | Aguacate 1/2 unidad x1 | Tomate 1 unidad x1
PaolaG,2026-02-04,Avena en hojuelas 40 g x1 | Leche descremada Dos Pinos 250 ml x1 | Banano mediano x1 | Semillas de chía 1 cda x1,Yogurt griego natural Dos Pinos 150 g x1 | Banano mediano x1,Lomo de cerdo a la plancha 120 g x1 | Yuca cocida 150 g x1 | Pico de gallo 1 porción x1 | Ensalada verde 1 taza x1,Barra de cereal Jack's 1 unidad x1 | Manzana mediana x1,Sopa negra 1 taza x1 | Queso fresco Dos Pinos 30 g x1 | Tortilla de maíz 2 unidades x1
PaolaG,2026-02-05,Gallo pinto casero 1 taza x1 | Huevo entero 1 unidad x2 | Queso fresco Dos Pinos 30 g x1 | Papaya 1 taza x1,Sandía 1 taza x1 | Nueces mixtas 20 g x1,Tilapia al horno 120 g x1 | Arroz blanco cocido 1 taza x1 | Vegetales salteados 1 taza x1 | Aguacate 1/2 unidad x1,Barra de cereal Jack's 1 unidad x1 | Manzana mediana x1,Sopa negra 1 taza x1 | Queso fresco Dos Pinos 30 g x1 | Tortilla de maíz 2 unidades x1
RebecaI,2026-01-01,Pan blanco Musmanni 2 rebanadas x1 | Queso fresco Dos Pinos 30 g x1 | Yogurt de fresa Dos Pinos 125 g x1 | Banano mediano x1,Manzana mediana x1 | Almendras 20 g x1,Atún en agua Sardimar 1 lata x1 | Pasta integral cocida 1 taza x1 | Ensalada verde 1 taza x1,Papaya 1 taza x1 | Almendras 20 g x1,Wrap de pollo 1 unidad x1 | Pepino 1 taza x1
RebecaI,2026-01-02,Cereal Chokos Jack's 30 g x1 | Leche más proteína Dos Pinos 250 ml x1 | Manzana mediana x1,Sandía 1 taza x1 | Nueces mixtas 20 g x1,Casado con pollo 1 plato x1,Yogurt griego natural Dos Pinos 150 g x1,Wrap de pollo 1 unidad x1 | Pepino 1 taza x1
RebecaI,2026-01-03,Cereal Chokos Jack's 30 g x1 | Leche más proteína Dos Pinos 250 ml x1 | Manzana mediana x1,Piña 1 taza x1 | Queso fresco Dos Pinos 30 g x1,Pechuga de pollo a la plancha 120 g x1 | Arroz integral cocido 1 taza x1 | Frijoles negros cocidos 1 taza x1 | Ensalada verde 1 taza x1 | Aguacate 1/2 unidad x1,Batido de proteína 1 porción x1 | Banano mediano x1,Tilapia al horno 120 g x1 | Papa cocida 150 g x1 | Vegetales salteados 1 taza x1
RebecaI,2026-01-04,Pan cuadrado integral Musmanni 2 rebanadas x1 | Revuelto de huevo con tomate 1 porción x1 | Aguacate 1/2 unidad x1 | Café negro 1 taza x1,Barra de cereal Jack's 1 unidad x1 | Leche descremada Dos Pinos 250 ml x1,Bistec de res 120 g x1 | Papa cocida 150 g x1 | Brócoli al vapor 1 taza x1 | Tomate 1 unidad x1,Papaya 1 taza x1 | Almendras 20 g x1,Tilapia al horno 120 g x1 | Papa cocida 150 g x1 | Vegetales salteados 1 taza x1
RebecaI,2026-01-05,Tortilla de maíz 2 unidades x1 | Huevo entero 1 unidad x2 | Queso mozzarella Dos Pinos 30 g x1 | Piña 1 taza x1,Sandía 1 taza x1 | Nueces mixtas 20 g x1,Tilapia al horno 120 g x1 | Arroz blanco cocido 1 taza x1 | Vegetales salteados 1 taza x1 | Aguacate 1/2 unidad x1,Yogurt de fresa Dos Pinos 125 g x1 | Galleta maría Pozuelo 4 unidades x1,Sopa negra 1 taza x1 | Queso fresco Dos Pinos 30 g x1 | Tortilla de maíz 2 unidades x1
RebecaI,2026-01-06,Gallo pinto casero 1 taza x1 | Huevo entero 1 unidad x2 | Queso fresco Dos Pinos 30 g x1 | Papaya 1 taza x1,Papaya 1 taza x1 | Galleta soda Pozuelo 4 unidades x1,Lomo de cerdo a la plancha 120 g x1 | Yuca cocida 150 g x1 | Pico de gallo 1 porción x1 | Ensalada verde 1 taza x1,Papaya 1 taza x1 | Almendras 20 g x1,Salmón al horno 120 g x1 | Arroz integral cocido 1 taza x1 | Brócoli al vapor 1 taza x1
RicardoO,2026-01-01,Yogurt griego natural Dos Pinos 150 g x1 | Granola artesanal 30 g x1 | Fresas 1 taza x1 | Mantequilla de maní 1 cda x1,Barra de cereal Jack's 1 unidad x1 | Leche descremada Dos Pinos 250 ml x1,Tilapia al horno 120 g x1 | Arroz blanco cocido 1 taza x1 | Vegetales salteados 1 taza x1 | Aguacate 1/2 unidad x1,Yogurt de fresa Dos Pinos 125 g x1 | Galleta maría Pozuelo 4 unidades x1,Wrap de pollo 1 unidad x1 | Pepino 1 taza x1
RicardoO,2026-01-02,Cereal Chokos Jack's 30 g x1 | Leche más proteína Dos Pinos 250 ml x1 | Manzana mediana x1,Yogurt griego natural Dos Pinos 150 g x1 | Banano mediano x1,Lomo de cerdo a la plancha 120 g x1 | Yuca cocida 150 g x1 | Pico de gallo 1 porción x1 | Ensalada verde 1 taza x1,Papaya 1 taza x1 | Almendras 20 g x1,Tilapia al horno 120 g x1 | Papa cocida 150 g x1 | Vegetales salteados 1 taza x1
RicardoO,2026-01-03,Cereal Chokos Jack's 30 g x1 | Leche más proteína Dos Pinos 250 ml x1 | Manzana mediana x1,Yogurt griego natural Dos Pinos 150 g x1 | Banano mediano x1,Bistec de res 120 g x1 | Papa cocida 150 g x1 | Brócoli al vapor 1 taza x1 | Tomate 1 unidad x1,Papaya 1 taza x1 | Almendras 20 g x1,Pechuga de pollo a la plancha 120 g x1 | Camote cocido 150 g x1 | Ensalada verde 1 taza x1
RicardoO,2026-01-04,Pan blanco Musmanni 2 rebanadas x1 | Queso fresco Dos Pinos 30 g x1 | Yogurt de fresa Dos Pinos 125 g x1 | Banano mediano x1,Sandía 1 taza x1 | Nueces mixtas 20 g x1,Tilapia al horno 120 g x1 | Arroz blanco cocido 1 taza x1 | Vegetales salteados 1 taza x1 | Aguacate 1/2 unidad x1,Queso cottage Dos Pinos 1 taza x1 | Piña 1 taza x1,Sopa negra 1 taza x1 | Queso fresco Dos Pinos 30 g x1 | Tortilla de maíz 2 unidades x1
RicardoO,2026-01-05,Avena en hojuelas 40 g x1 | Leche descremada Dos Pinos 250 ml x1 | Banano mediano x1 | Semillas de chía 1 cda x1,Sandía 1 taza x1 | Nueces mixtas 20 g x1,Pechuga de pollo a la plancha 120 g x1 | Arroz integral cocido 1 taza x1 | Frijoles negros cocidos 1 taza x1 | Ensalada verde 1 taza x1 | Aguacate 1/2 unidad x1,Papaya 1 taza x1 | Almendras 20 g x1,Tilapia al horno 120 g x1 | Papa cocida 150 g x1 | Vegetales salteados 1 taza x1
RicardoO,2026-01-06,Gallo pinto casero 1 taza x1 | Huevo entero 1 unidad x2 | Queso fresco Dos Pinos 30 g x1 | Papaya 1 taza x1,Piña 1 taza x1 | Queso fresco Dos Pinos 30 g x1,Lomo de cerdo a la plancha 120 g x1 | Yuca cocida 150 g x1 | Pico de gallo 1 porción x1 | Ensalada verde 1 taza x1,Batido de proteína 1 porción x1 | Banano mediano x1,Tilapia al horno 120 g x1 | Papa cocida 150 g x1 | Vegetales salteados 1 taza x1
RicardoO,2026-01-07,Pan blanco Musmanni 2 rebanadas x1 | Queso fresco Dos Pinos 30 g x1 | Yogurt de fresa Dos Pinos 125 g x1 | Banano mediano x1,Sandía 1 taza x1 | Nueces mixtas 20 g x1,Carne molida magra 120 g x1 | Camote cocido 150 g x1 | Brócoli al vapor 1 taza x1,Yogurt de fresa Dos Pinos 125 g x1 | Galleta maría Pozuelo 4 unidades x1,Pechuga de pollo a la plancha 120 g x1 | Camote cocido 150 g x1 | Ensalada verde 1 taza x1
RicardoO,2026-01-08,Pan cuadrado integral Musmanni 2 rebanadas x1 | Revuelto de huevo con tomate 1 porción x1 | Aguacate 1/2 unidad x1 | Café negro 1 taza x1,Papaya 1 taza x1 | Galleta soda Pozuelo 4 unidades x1,Tilapia al horno 120 g x1 | Arroz blanco cocido 1 taza x1 | Vegetales salteados 1 taza x1 | Aguacate 1/2 unidad x1,Queso cottage Dos Pinos 1 taza x1 | Piña 1 taza x1,Tilapia al horno 120 g x1 | Papa cocida 150 g x1 | Vegetales salteados 1 taza x1
RicardoO,2026-01-09,Gallo pinto casero 1 taza x1 | Huevo entero 1 unidad x2 | Queso fresco Dos Pinos 30 g x1 | Papaya 1 taza x1,Papaya 1 taza x1 | Galleta soda Pozuelo 4 unidades x1,Casado con pollo 1 plato x1,Yogurt de fresa Dos Pinos 125 g x1 | Galleta maría Pozuelo 4 unidades x1,Salmón al horno 120 g x1 | Arroz integral cocido 1 taza x1 | Brócoli al vapor 1 taza x1
RicardoO,2026-01-10,Yogurt griego natural Dos Pinos 150 g x1 | Granola artesanal 30 g x1 | Fresas 1 taza x1 | Mantequilla de maní 1 cda x1,Barra de cereal Jack's 1 unidad x1 | Leche descremada Dos Pinos 250 ml x1,Casado con pollo 1 plato x1,Yogurt de fresa Dos Pinos 125 g x1 | Galleta maría Pozuelo 4 unidades x1,Salmón al horno 120 g x1 | Arroz integral cocido 1 taza x1 | Brócoli al vapor 1 taza x1
RicardoO,2026-01-11,Tortilla de maíz 2 unidades x1 | Huevo entero 1 unidad x2 | Queso mozzarella Dos Pinos 30 g x1 | Piña 1 taza x1,Manzana mediana x1 | Almendras 20 g x1,Carne molida magra 120 g x1 | Camote cocido 150 g x1 | Brócoli al vapor 1 taza x1,Queso cottage Dos Pinos 1 taza x1 | Piña 1 taza x1,Sopa negra 1 taza x1 | Queso fresco Dos Pinos 30 g x1 | Tortilla de maíz 2 unidades x1
RicardoO,2026-01-12,Avena en hojuelas 40 g x1 | Leche descremada Dos Pinos 250 ml x1 | Banano mediano x1 | Semillas de chía 1 cda x1,Sandía 1 taza x1 | Nueces mixtas 20 g x1,Casado con pollo 1 plato x1,Queso cottage Dos Pinos 1 taza x1 | Piña 1 taza x1,Pechuga de pollo a la plancha 120 g x1 | Camote cocido 150 g x1 | Ensalada verde 1 taza x1
RicardoO,2026-01-13,Avena en hojuelas 40 g x1 | Leche descremada Dos Pinos 250 ml x1 | Banano mediano x1 | Semillas de chía 1 cda x1,Barra de cereal Jack's 1 unidad x1 | Leche descremada Dos Pinos 250 ml x1,Tilapia al horno 120 g x1 | Arroz blanco cocido 1 taza x1 | Vegetales salteados 1 taza x1 | Aguacate 1/2 unidad x1,Meneitos Jack's 25 g x1 | Yogurt griego natural Dos Pinos 150 g x1,Tilapia al horno 120 g x1 | Papa cocida 150 g x1 | Vegetales salteados 1 taza x1
RicardoO,2026-01-14,Gallo pinto casero 1 taza x1 | Huevo entero 1 unidad x2 | Queso fresco Dos Pinos 30 g x1 | Papaya 1 taza x1,Barra de cereal Jack's 1 unidad x1 | Leche descremada Dos Pinos 250 ml x1,Pechuga de pollo a la plancha 120 g x1 | Arroz integral cocido 1 taza x1 | Frijoles negros cocidos 1 taza x1 | Ensalada verde 1 taza x1 | Aguacate 1/2 unidad x1,Batido de proteína 1 porción x1 | Banano mediano x1,Omelette de espinaca 1 porción x1 | Aguacate 1/2 unidad x1 | Tomate 1 unidad x1
RicardoO,2026-01-15,Tortilla de maíz 2 unidades x1 | Huevo entero 1 unidad x2 | Queso mozzarella Dos Pinos 30 g x1 | Piña 1 taza x1,Barra de cereal Jack's 1 unidad x1 | Leche descremada Dos Pinos 250 ml x1,Atún en agua Sardimar 1 lata x1 | Pasta integral cocida 1 taza x1 | Ensalada verde 1 taza x1,Queso cottage Dos Pinos 1 taza x1 | Piña 1 taza x1,Tilapia al horno 120 g x1 | Papa cocida 150 g x1 | Vegetales salteados 1 taza x1
RicardoO,2026-01-16,Pan blanco Musmanni 2 rebanadas x1 | Queso fresco Dos Pinos 30 g x1 | Yogurt de fresa Dos Pinos 125 g x1 | Banano mediano x1,Sandía 1 taza x1 | Nueces mixtas 20 g x1,Casado con pollo 1 plato x1,Yogurt de fresa Dos Pinos 125 g x1 | Galleta maría Pozuelo 4 unidades x1,Sopa negra 1 taza x1 | Queso fresco Dos Pinos 30 g x1 | Tortilla de maíz 2 unidades x1
RicardoO,2026-01-17,Pan blanco Musmanni 2 rebanadas x1 | Queso fresco Dos Pinos 30 g x1 | Yogurt de fresa Dos Pinos 125 g x1 | Banano mediano x1,Piña 1 taza x1 | Queso fresco Dos Pinos 30 g x1,Atún en agua Sardimar 1 lata x1 | Pasta integral cocida 1 taza x1 | Ensalada verde 1 taza x1,Barra de cereal Jack's 1 unidad x1 | Manzana mediana x1,Tilapia al horno 120 g x1 | Papa cocida 150 g x1 | Vegetales salteados 1 taza x1
RicardoO,2026-01-18,Avena en hojuelas 40 g x1 | Leche descremada Dos Pinos 250 ml x1 | Banano mediano x1 | Semillas de chía 1 cda x1,Piña 1 taza x1 | Queso fresco Dos Pinos 30 g x1,Tilapia al horno 120 g x1 | Arroz blanco cocido 1 taza x1 | Vegetales salteados 1 taza x1 | Aguacate 1/2 unidad x1,Barra de cereal Jack's 1 unidad x1 | Manzana mediana x1,Ensalada de atún 1 porción x1 | Galleta soda Pozuelo 4 unidades x1
RicardoO,2026-01-19,Yogurt griego natural Dos Pinos 150 g x1 | Granola artesanal 30 g x1 | Fresas 1 taza x1 | Mantequilla de maní 1 cda x1,Manzana mediana x1 | Almendras 20 g x1 | Manzana mediana x1,Pechuga de pollo a la plancha 120 g x1 | Arroz integral cocido 1 taza x1 | Frijoles negros cocidos 1 taza x1 | Ensalada verde 1 taza x1 | Aguacate 1/2 unidad x1,Yogurt de fresa Dos Pinos 125 g x1 | Galleta maría Pozuelo 4 unidades x1,Wrap de pollo 1 unidad x1 | Pepino 1 taza x1
RicardoO,2026-01-20,Cereal Chokos Jack's 30 g x1 | Leche más proteína Dos Pinos 250 ml x1 | Manzana mediana x1,Yogurt griego natural Dos Pinos 150 g x1 | Banano mediano x1 | Manzana mediana x1,Tilapia al horno 120 g x1 | Arroz blanco cocido 1 taza x1 | Vegetales salteados 1 taza x1 | Aguacate 1/2 unidad x1,Meneitos Jack's 25 g x1 | Yogurt griego natural Dos Pinos 150 g x1,Sopa negra 1 taza x1 | Queso fresco Dos Pinos 30 g x1 | Tortilla de maíz 2 unidades x1
RicardoO,2026-01-21,Pan blanco Musmanni 2 rebanadas x1 | Queso fresco Dos Pinos 30 g x1 | Yogurt de fresa Dos Pinos 125 g x1 | Banano mediano x1,Manzana mediana x1 | Almendras 20 g x1 | Papaya 1 taza x1,Bistec de res 120 g x1 | Papa cocida 150 g x1 | Brócoli al vapor 1 taza x1 | Tomate 1 unidad x1,Queso cottage Dos Pinos 1 taza x1 | Piña 1 taza x1,Sopa negra 1 taza x1 | Queso fresco Dos Pinos 30 g x1 | Tortilla de maíz 2 unidades x1
RicardoO,2026-01-22,Cereal Chokos Jack's 30 g x1 | Leche más proteína Dos Pinos 250 ml x1 | Manzana mediana x1,Barra de cereal Jack's 1 unidad x1 | Leche descremada Dos Pinos 250 ml x1,Atún en agua Sardimar 1 lata x1 | Pasta integral cocida 1 taza x1 | Ensalada verde 1 taza x1,Yogurt de fresa Dos Pinos 125 g x1 | Galleta maría Pozuelo 4 unidades x1,Salmón al horno 120 g x1 | Arroz integral cocido 1 taza x1 | Brócoli al vapor 1 taza x1
RicardoO,2026-01-23,Tortilla de maíz 2 unidades x1 | Huevo entero 1 unidad x2 | Queso mozzarella Dos Pinos 30 g x1 | Piña 1 taza x1,Papaya 1 taza x1 | Galleta soda Pozuelo 4 unidades x1,Lomo de cerdo a la plancha 120 g x1 | Yuca cocida 150 g x1 | Pico de gallo 1 porción x1 | Ensalada verde 1 taza x1,Papaya 1 taza x1 | Almendras 20 g x1,Ensalada de atún 1 porción x1 | Galleta soda Pozuelo 4 unidades x1
RicardoO,2026-01-24,Cereal Chokos Jack's 30 g x1 | Leche más proteína Dos Pinos 250 ml x1 | Manzana mediana x1,Barra de cereal Jack's 1 unidad x1 | Leche descremada Dos Pinos 250 ml x1,Bistec de res 120 g x1 | Papa cocida 150 g x1 | Brócoli al vapor 1 taza x1 | Tomate 1 unidad x1,Yogurt de fresa Dos Pinos 125 g x1 | Galleta maría Pozuelo 4 unidades x1,Ensalada de atún 1 porción x1 | Galleta soda Pozuelo 4 unidades x1
RicardoO,2026-01-25,Cereal Chokos Jack's 30 g x1 | Leche más proteína Dos Pinos 250 ml x1 | Manzana mediana x1,Yogurt griego natural Dos Pinos 150 g x1 | Banano mediano x1,Casado con pollo 1 plato x1,Meneitos Jack's 25 g x1 | Yogurt griego natural Dos Pinos 150 g x1,Omelette de espinaca 1 porción x1 | Aguacate 1/2 unidad x1 | Tomate 1 unidad x1
RicardoO,2026-01-26,Avena en hojuelas 40 g x1 | Leche descremada Dos Pinos 250 ml x1 | Banano mediano x1 | Semillas de chía 1 cda x1,Manzana mediana x1 | Almendras 20 g x1,Carne molida magra 120 g x1 | Camote cocido 150 g x1 | Brócoli al vapor 1 taza x1,Queso cottage Dos Pinos 1 taza x1 | Piña 1 taza x1,Salmón al horno 120 g x1 | Arroz integral cocido 1 taza x1 | Brócoli al vapor 1 taza x1
RicardoO,2026-01-27,Avena en hojuelas 40 g x1 | Leche descremada Dos Pinos 250 ml x1 | Banano mediano x1 | Semillas de chía 1 cda x1,Piña 1 taza x1 | Queso fresco Dos Pinos 30 g x1 | Papaya 1 taza x1,Casado con pollo 1 plato x1,Batido de proteína 1 porción x1 | Banano mediano x1,Sopa negra 1 taza x1 | Queso fresco Dos Pinos 30 g x1 | Tortilla de maíz 2 unidades x1
RicardoO,2026-01-28,Avena en hojuelas 40 g x1 | Leche descremada Dos Pinos 250 ml x1 | Banano mediano x1 | Semillas de chía 1 cda x1,Barra de cereal Jack's 1 unidad x1 | Leche descremada Dos Pinos 250 ml x1,Tilapia al horno 120 g x1 | Arroz blanco cocido 1 taza x1 | Vegetales salteados 1 taza x1 | Aguacate 1/2 unidad x1,Yogurt de fresa Dos Pinos 125 g x1 | Galleta maría Pozuelo 4 unidades x1,Sopa negra 1 taza x1 | Queso fresco Dos Pinos 30 g x1 | Tortilla de maíz 2 unidades x1
RicardoO,2026-01-29,Cereal Chokos Jack's 30 g x1 | Leche más proteína Dos Pinos 250 ml x1 | Manzana mediana x1,Barra de cereal Jack's 1 unidad x1 | Leche descremada Dos Pinos 250 ml x1,Casado con pollo 1 plato x1,Yogurt de fresa Dos Pinos 125 g x1 | Galleta maría Pozuelo 4 unidades x1,Sopa negra 1 taza x1 | Queso fresco Dos Pinos 30 g x1 | Tortilla de maíz 2 unidades x1
RicardoO,2026-01-30,Yogurt griego natural Dos Pinos 150 g x1 | Granola artesanal 30 g x1 | Fresas 1 taza x1 | Mantequilla de maní 1 cda x1,Sandía 1 taza x1 | Nueces mixtas 20 g x1,Bistec de res 120 g x1 | Papa cocida 150 g x1 | Brócoli al vapor 1 taza x1 | Tomate 1 unidad x1,Barra de cereal Jack's 1 unidad x1 | Manzana mediana x1,Pechuga de pollo a la plancha 120 g x1 | Camote cocido 150 g x1 | Ensalada verde 1 taza x1
RicardoO,2026-01-31,Tortilla de maíz 2 unidades x1 | Huevo entero 1 unidad x2 | Queso mozzarella Dos Pinos 30 g x1 | Piña 1 taza x1,Barra de cereal Jack's 1 unidad x1 | Leche descremada Dos Pinos 250 ml x1,Bistec de res 120 g x1 | Papa cocida 150 g x1 | Brócoli al vapor 1 taza x1 | Tomate 1 unidad x1,Papaya 1 taza x1 | Almendras 20 g x1,Ensalada de atún 1 porción x1 | Galleta soda Pozuelo 4 unidades x1
RicardoO,2026-02-01,Yogurt griego natural Dos Pinos 150 g x1 | Granola artesanal 30 g x1 | Fresas 1 taza x1 | Mantequilla de maní 1 cda x1,Papaya 1 taza x1 | Galleta soda Pozuelo 4 unidades x1 | Papaya 1 taza x1,Tilapia al horno 120 g x1 | Arroz blanco cocido 1 taza x1 | Vegetales salteados 1 taza x1 | Aguacate 1/2 unidad x1,Meneitos Jack's 25 g x1 | Yogurt griego natural Dos Pinos 150 g x1,Wrap de pollo 1 unidad x1 | Pepino 1 taza x1
SantiagoV,2026-01-01,Yogurt griego natural Dos Pinos 150 g x1 | Granola artesanal 30 g x1 | Papaya 1 taza x1,Yogurt de fresa Dos Pinos 125 g x1 | Banano mediano x2,Wrap vegetariano 1 unidad x1 | Pepino 1 taza x1 | Hummus 2 cdas x1,Barra de cereal Jack's 1 unidad x1 | Manzana mediana x1,Lentejas cocidas 1 taza x1 | Ensalada verde 1 taza x1 | Bagel integral Musmanni 1 unidad x2
SantiagoV,2026-01-02,Cereal Poffis Jack's 30 g x1 | Leche descremada Dos Pinos 250 ml x1 | Manzana mediana x1,Manzana mediana x1 | Almendras 20 g x1 | Barra de cereal Jack's 1 unidad x1,Garbanzos cocidos 1 taza x1 | Camote cocido 150 g x1 | Vegetales salteados 1 taza x1,Galleta maría Pozuelo 4 unidades x1 | Leche descremada Dos Pinos 250 ml x1 | Barra de cereal Jack's 1 unidad x1,Ensalada de garbanzos 1 porción x1 | Galleta soda Pozuelo 4 unidades x1
SantiagoV,2026-01-03,Pan cuadrado integral Musmanni 2 rebanadas x2 | Omelette de espinaca 1 porción x1 | Aguacate 1/2 unidad x1,Piña 1 taza x1 | Galleta soda Pozuelo 4 unidades x1,Omelette de espinaca 1 porción x1 | Papa cocida 150 g x1 | Ensalada verde 1 taza x1,Queso cottage Dos Pinos 1 taza x1 | Piña 1 taza x1 | Banano mediano x1,Wrap vegetariano 1 unidad x1 | Pepino 1 taza x1
SantiagoV,2026-01-04,Avena en hojuelas 40 g x1 | Leche descremada Dos Pinos 250 ml x1 | Banano mediano x1 | Semillas de chía 1 cda x1,Sandía 1 taza x1 | Nueces mixtas 20 g x1 | Banano mediano x1,Tofu firme 100 g x2 | Arroz integral cocido 1 taza x1 | Frijoles negros cocidos 1 taza x1 | Ensalada verde 1 taza x1 | Aguacate 1/2 unidad x1,Papaya 1 taza x2 | Almendras 20 g x1 | Banano mediano x1,Omelette de espinaca 1 porción x1 | Tomate 1 unidad x1 | Aguacate 1/2 unidad x1
SantiagoV,2026-01-05,Yogurt griego natural Dos Pinos 150 g x1 | Granola artesanal 30 g x1 | Papaya 1 taza x2,Manzana mediana x1 | Almendras 20 g x1,Lentejas cocidas 1 taza x1 | Arroz blanco cocido 1 taza x2 | Brócoli al vapor 1 taza x1 | Tomate 1 unidad x1,Papaya 1 taza x1 | Almendras 20 g x1,Lentejas cocidas 1 taza x1 | Ensalada verde 1 taza x1 | Bagel integral Musmanni 1 unidad x1
SantiagoV,2026-01-06,Avena en hojuelas 40 g x1 | Leche descremada Dos Pinos 250 ml x1 | Banano mediano x2 | Semillas de chía 1 cda x1,Piña 1 taza x1 | Galleta soda Pozuelo 4 unidades x1 | Banano mediano x1,Casado vegetariano 1 plato x1,Papaya 1 taza x1 | Almendras 20 g x1,Omelette de espinaca 1 porción x1 | Tomate 1 unidad x1 | Aguacate 1/2 unidad x1
SantiagoV,2026-01-07,Pan cuadrado integral Musmanni 2 rebanadas x1 | Omelette de espinaca 1 porción x1 | Aguacate 1/2 unidad x1,Sandía 1 taza x1 | Nueces mixtas 20 g x1,Omelette de espinaca 1 porción x1 | Papa cocida 150 g x1 | Ensalada verde 1 taza x1,Galleta maría Pozuelo 4 unidades x1 | Leche descremada Dos Pinos 250 ml x1 | Banano mediano x1,Ensalada de garbanzos 1 porción x1 | Galleta soda Pozuelo 4 unidades x1
SantiagoV,2026-01-08,Pan cuadrado integral Musmanni 2 rebanadas x2 | Omelette de espinaca 1 porción x1 | Aguacate 1/2 unidad x1,Manzana mediana x1 | Almendras 20 g x1,Wrap vegetariano 1 unidad x1 | Pepino 1 taza x1 | Hummus 2 cdas x1,Queso cottage Dos Pinos 1 taza x2 | Piña 1 taza x1,Sopa negra 1 taza x1 | Queso fresco Dos Pinos 30 g x1 | Tortilla de maíz 2 unidades x1
SantiagoV,2026-01-09,Yogurt griego natural Dos Pinos 150 g x1 | Granola artesanal 30 g x1 | Papaya 1 taza x1,Piña 1 taza x1 | Galleta soda Pozuelo 4 unidades x1,Tofu firme 100 g x1 | Arroz integral cocido 1 taza x2 | Frijoles negros cocidos 1 taza x1 | Ensalada verde 1 taza x1 | Aguacate 1/2 unidad x1,Papaya 1 taza x2 | Almendras 20 g x1 | Barra de cereal Jack's 1 unidad x1,Sopa negra 1 taza x1 | Queso fresco Dos Pinos 30 g x1 | Tortilla de maíz 2 unidades x2
SantiagoV,2026-01-10,Pan cuadrado integral Musmanni 2 rebanadas x1 | Omelette de espinaca 1 porción x1 | Aguacate 1/2 unidad x1,Yogurt de fresa Dos Pinos 125 g x1 | Banano mediano x1,Lentejas cocidas 1 taza x1 | Arroz blanco cocido 1 taza x1 | Brócoli al vapor 1 taza x1 | Tomate 1 unidad x1,Papaya 1 taza x1 | Almendras 20 g x1 | Leche más proteína Dos Pinos 250 ml x1,Ensalada de garbanzos 1 porción x1 | Galleta soda Pozuelo 4 unidades x1
SantiagoV,2026-01-11,Bagel integral Musmanni 1 unidad x1 | Queso cottage Dos Pinos 1 taza x2 | Fresas 1 taza x1,Yogurt de fresa Dos Pinos 125 g x1 | Banano mediano x2,Ensalada de garbanzos 1 porción x1 | Pan cuadrado integral Musmanni 2 rebanadas x2,Galleta maría Pozuelo 4 unidades x1 | Leche descremada Dos Pinos 250 ml x1,Sopa negra 1 taza x1 | Queso fresco Dos Pinos 30 g x1 | Tortilla de maíz 2 unidades x1
SantiagoV,2026-01-12,Cereal Poffis Jack's 30 g x1 | Leche descremada Dos Pinos 250 ml x1 | Manzana mediana x1,Barra de cereal Jack's 1 unidad x1 | Papaya 1 taza x1,Omelette de espinaca 1 porción x1 | Papa cocida 150 g x1 | Ensalada verde 1 taza x1,Queso cottage Dos Pinos 1 taza x1 | Piña 1 taza x1 | Banano mediano x1,Omelette de espinaca 1 porción x1 | Tomate 1 unidad x1 | Aguacate 1/2 unidad x1
SantiagoV,2026-01-13,Yogurt griego natural Dos Pinos 150 g x1 | Granola artesanal 30 g x1 | Papaya 1 taza x1,Sandía 1 taza x1 | Nueces mixtas 20 g x1,Tofu firme 100 g x1 | Arroz integral cocido 1 taza x1 | Frijoles negros cocidos 1 taza x1 | Ensalada verde 1 taza x1 | Aguacate 1/2 unidad x1,Papaya 1 taza x1 | Almendras 20 g x1,Lentejas cocidas 1 taza x1 | Ensalada verde 1 taza x1 | Bagel integral Musmanni 1 unidad x1
SantiagoV,2026-01-14,Bagel integral Musmanni 1 unidad x1 | Queso cottage Dos Pinos 1 taza x1 | Fresas 1 taza x1,Piña 1 taza x1 | Galleta soda Pozuelo 4 unidades x1,Lentejas cocidas 1 taza x1 | Arroz blanco cocido 1 taza x2 | Brócoli al vapor 1 taza x1 | Tomate 1 unidad x1,Queso cottage Dos Pinos 1 taza x2 | Piña 1 taza x1,Sopa negra 1 taza x1 | Queso fresco Dos Pinos 30 g x1 | Tortilla de maíz 2 unidades x1
SantiagoV,2026-01-15,Avena en hojuelas 40 g x1 | Leche descremada Dos Pinos 250 ml x1 | Banano mediano x2 | Semillas de chía 1 cda x1,Barra de cereal Jack's 1 unidad x1 | Papaya 1 taza x2,Wrap vegetariano 1 unidad x1 | Pepino 1 taza x1 | Hummus 2 cdas x1,Yogurt griego natural Dos Pinos 150 g x1 | Fresas 1 taza x1 | Banano mediano x1,Tofu firme 100 g x1 | Vegetales salteados 1 taza x1 | Aguacate 1/2 unidad x1
SantiagoV,2026-01-16,Cereal Poffis Jack's 30 g x1 | Leche descremada Dos Pinos 250 ml x1 | Manzana mediana x1,Manzana mediana x1 | Almendras 20 g x1,Lentejas cocidas 1 taza x1 | Arroz blanco cocido 1 taza x1 | Brócoli al vapor 1 taza x1 | Tomate 1 unidad x1,Papaya 1 taza x1 | Almendras 20 g x1,Sopa negra 1 taza x1 | Queso fresco Dos Pinos 30 g x1 | Tortilla de maíz 2 unidades x2
SantiagoV,2026-01-17,Cereal Poffis Jack's 30 g x1 | Leche descremada Dos Pinos 250 ml x1 | Manzana mediana x1,Piña 1 taza x1 | Galleta soda Pozuelo 4 unidades x1,Wrap vegetariano 1 unidad x1 | Pepino 1 taza x1 | Hummus 2 cdas x1,Yogurt griego natural Dos Pinos 150 g x1 | Fresas 1 taza x1 | Barra de cereal Jack's 1 unidad x1,Tofu firme 100 g x2 | Vegetales salteados 1 taza x1 | Aguacate 1/2 unidad x1
SantiagoV,2026-01-18,Avena en hojuelas 40 g x1 | Leche descremada Dos Pinos 250 ml x1 | Banano mediano x1 | Semillas de chía 1 cda x1,Piña 1 taza x1 | Galleta soda Pozuelo 4 unidades x1,Garbanzos cocidos 1 taza x1 | Camote cocido 150 g x1 | Vegetales salteados 1 taza x1,Queso cottage Dos Pinos 1 taza x2 | Piña 1 taza x1,Tofu firme 100 g x1 | Vegetales salteados 1 taza x1 | Aguacate 1/2 unidad x1
SantiagoV,2026-01-19,Avena en hojuelas 40 g x1 | Leche descremada Dos Pinos 250 ml x1 | Banano mediano x1 | Semillas de chía 1 cda x1,Manzana mediana x1 | Almendras 20 g x1 | Barra de cereal Jack's 1 unidad x1,Ensalada de garbanzos 1 porción x1 | Pan cuadrado integral Musmanni 2 rebanadas x1,Queso cottage Dos Pinos 1 taza x1 | Piña 1 taza x1,Sopa negra 1 taza x1 | Queso fresco Dos Pinos 30 g x1 | Tortilla de maíz 2 unidades x2
SantiagoV,2026-01-20,Avena en hojuelas 40 g x1 | Leche descremada Dos Pinos 250 ml x1 | Banano mediano x1 | Semillas de chía 1 cda x1,Piña 1 taza x1 | Galleta soda Pozuelo 4 unidades x1,Garbanzos cocidos 1 taza x1 | Camote cocido 150 g x1 | Vegetales salteados 1 taza x1,Papaya 1 taza x1 | Almendras 20 g x1,Tofu firme 100 g x2 | Vegetales salteados 1 taza x1 | Aguacate 1/2 unidad x1
SantiagoV,2026-01-21,Tortilla de maíz 2 unidades x1 | Queso fresco Dos Pinos 30 g x1 | Tomate 1 unidad x1 | Piña 1 taza x1,Manzana mediana x1 | Almendras 20 g x1,Garbanzos cocidos 1 taza x1 | Camote cocido 150 g x1 | Vegetales salteados 1 taza x1,Papaya 1 taza x2 | Almendras 20 g x1,Omelette de espinaca 1 porción x1 | Tomate 1 unidad x1 | Aguacate 1/2 unidad x1
SantiagoV,2026-01-22,Bagel integral Musmanni 1 unidad x1 | Queso cottage Dos Pinos 1 taza x1 | Fresas 1 taza x1,Manzana mediana x1 | Almendras 20 g x1,Casado vegetariano 1 plato x1,Barra de cereal Jack's 1 unidad x1 | Manzana mediana x1,Omelette de espinaca 1 porción x1 | Tomate 1 unidad x1 | Aguacate 1/2 unidad x1
SantiagoV,2026-01-23,Pan cuadrado integral Musmanni 2 rebanadas x1 | Omelette de espinaca 1 porción x1 | Aguacate 1/2 unidad x1,Barra de cereal Jack's 1 unidad x1 | Papaya 1 taza x2 | Leche más proteína Dos Pinos 250 ml x1,Garbanzos cocidos 1 taza x1 | Camote cocido 150 g x2 | Vegetales salteados 1 taza x1,Galleta maría Pozuelo 4 unidades x1 | Leche descremada Dos Pinos 250 ml x1,Ensalada de garbanzos 1 porción x1 | Galleta soda Pozuelo 4 unidades x1
SantiagoV,2026-01-24,Pan cuadrado integral Musmanni 2 rebanadas x1 | Omelette de espinaca 1 porción x1 | Aguacate 1/2 unidad x1,Barra de cereal Jack's 1 unidad x1 | Papaya 1 taza x2,Wrap vegetariano 1 unidad x1 | Pepino 1 taza x1 | Hummus 2 cdas x1,Barra de cereal Jack's 1 unidad x1 | Manzana mediana x1,Sopa negra 1 taza x1 | Queso fresco Dos Pinos 30 g x1 | Tortilla de maíz 2 unidades x1
SantiagoV,2026-01-25,Tortilla de maíz 2 unidades x1 | Queso fresco Dos Pinos 30 g x1 | Tomate 1 unidad x1 | Piña 1 taza x1,Yogurt de fresa Dos Pinos 125 g x1 | Banano mediano x2 | Leche más proteína Dos Pinos 250 ml x1,Ensalada de garbanzos 1 porción x1 | Pan cuadrado integral Musmanni 2 rebanadas x2,Yogurt griego natural Dos Pinos 150 g x1 | Fresas 1 taza x1,Lentejas cocidas 1 taza x1 | Ensalada verde 1 taza x1 | Bagel integral Musmanni 1 unidad x2
SantiagoV,2026-01-26,Pan cuadrado integral Musmanni 2 rebanadas x1 | Omelette de espinaca 1 porción x1 | Aguacate 1/2 unidad x1,Piña 1 taza x1 | Galleta soda Pozuelo 4 unidades x1,Garbanzos cocidos 1 taza x1 | Camote cocido 150 g x2 | Vegetales salteados 1 taza x1,Barra de cereal Jack's 1 unidad x1 | Manzana mediana x1,Wrap vegetariano 1 unidad x1 | Pepino 1 taza x1
SantiagoV,2026-01-27,Bagel integral Musmanni 1 unidad x1 | Queso cottage Dos Pinos 1 taza x1 | Fresas 1 taza x1,Barra de cereal Jack's 1 unidad x1 | Papaya 1 taza x1,Lentejas cocidas 1 taza x1 | Arroz blanco cocido 1 taza x1 | Brócoli al vapor 1 taza x1 | Tomate 1 unidad x1,Yogurt griego natural Dos Pinos 150 g x1 | Fresas 1 taza x1 | Leche más proteína Dos Pinos 250 ml x1,Omelette de espinaca 1 porción x1 | Tomate 1 unidad x1 | Aguacate 1/2 unidad x1
SantiagoV,2026-01-28,Yogurt griego natural Dos Pinos 150 g x1 | Granola artesanal 30 g x1 | Papaya 1 taza x1,Manzana mediana x1 | Almendras 20 g x1,Omelette de espinaca 1 porción x1 | Papa cocida 150 g x2 | Ensalada verde 1 taza x1,Barra de cereal Jack's 1 unidad x1 | Manzana mediana x1,Omelette de espinaca 1 porción x1 | Tomate 1 unidad x1 | Aguacate 1/2 unidad x1
SantiagoV,2026-01-29,Yogurt griego natural Dos Pinos 150 g x1 | Granola artesanal 30 g x1 | Papaya 1 taza x1,Yogurt de fresa Dos Pinos 125 g x1 | Banano mediano x2 | Barra de cereal Jack's 1 unidad x1,Garbanzos cocidos 1 taza x1 | Camote cocido 150 g x2 | Vegetales salteados 1 taza x1,Papaya 1 taza x2 | Almendras 20 g x1 | Banano mediano x1,Sopa negra 1 taza x1 | Queso fresco Dos Pinos 30 g x1 | Tortilla de maíz 2 unidades x2
SantiagoV,2026-01-30,Pan cuadrado integral Musmanni 2 rebanadas x1 | Omelette de espinaca 1 porción x1 | Aguacate 1/2 unidad x1,Sandía 1 taza x1 | Nueces mixtas 20 g x1,Casado vegetariano 1 plato x1,Queso cottage Dos Pinos 1 taza x2 | Piña 1 taza x1 | Barra de cereal Jack's 1 unidad x1,Wrap vegetariano 1 unidad x1 | Pepino 1 taza x1
SantiagoV,2026-01-31,Pan cuadrado integral Musmanni 2 rebanadas x2 | Omelette de espinaca 1 porción x1 | Aguacate 1/2 unidad x1,Piña 1 taza x1 | Galleta soda Pozuelo 4 unidades x1 | Banano mediano x1,Lentejas cocidas 1 taza x1 | Arroz blanco cocido 1 taza x1 | Brócoli al vapor 1 taza x1 | Tomate 1 unidad x1,Queso cottage Dos Pinos 1 taza x1 | Piña 1 taza x1,Wrap vegetariano 1 unidad x1 | Pepino 1 taza x1
SantiagoV,2026-02-01,Yogurt griego natural Dos Pinos 150 g x1 | Granola artesanal 30 g x1 | Papaya 1 taza x1,Sandía 1 taza x1 | Nueces mixtas 20 g x1,Wrap vegetariano 1 unidad x1 | Pepino 1 taza x1 | Hummus 2 cdas x1,Yogurt griego natural Dos Pinos 150 g x1 | Fresas 1 taza x1,Omelette de espinaca 1 porción x1 | Tomate 1 unidad x1 | Aguacate 1/2 unidad x1
SantiagoV,2026-02-02,Avena en hojuelas 40 g x1 | Leche descremada Dos Pinos 250 ml x1 | Banano mediano x1 | Semillas de chía 1 cda x1,Piña 1 taza x1 | Galleta soda Pozuelo 4 unidades x1,Tofu firme 100 g x1 | Arroz integral cocido 1 taza x2 | Frijoles negros cocidos 1 taza x2 | Ensalada verde 1 taza x1 | Aguacate 1/2 unidad x1,Yogurt griego natural Dos Pinos 150 g x1 | Fresas 1 taza x1,Lentejas cocidas 1 taza x1 | Ensalada verde 1 taza x1 | Bagel integral Musmanni 1 unidad x2
SantiagoV,2026-02-03,Tortilla de maíz 2 unidades x2 | Queso fresco Dos Pinos 30 g x1 | Tomate 1 unidad x1 | Piña 1 taza x1,Sandía 1 taza x1 | Nueces mixtas 20 g x1,Ensalada de garbanzos 1 porción x1 | Pan cuadrado integral Musmanni 2 rebanadas x1,Papaya 1 taza x1 | Almendras 20 g x1,Tofu firme 100 g x1 | Vegetales salteados 1 taza x1 | Aguacate 1/2 unidad x1
SantiagoV,2026-02-04,Tortilla de maíz 2 unidades x1 | Queso fresco Dos Pinos 30 g x1 | Tomate 1 unidad x1 | Piña 1 taza x1,Piña 1 taza x1 | Galleta soda Pozuelo 4 unidades x1,Ensalada de garbanzos 1 porción x1 | Pan cuadrado integral Musmanni 2 rebanadas x2,Papaya 1 taza x1 | Almendras 20 g x1 | Banano mediano x1,Sopa negra 1 taza x1 | Queso fresco Dos Pinos 30 g x1 | Tortilla de maíz 2 unidades x1
SantiagoV,2026-02-05,Yogurt griego natural Dos Pinos 150 g x1 | Granola artesanal 30 g x1 | Papaya 1 taza x1,Barra de cereal Jack's 1 unidad x1 | Papaya 1 taza x1,Ensalada de garbanzos 1 porción x1 | Pan cuadrado integral Musmanni 2 rebanadas x1,Barra de cereal Jack's 1 unidad x1 | Manzana mediana x1,Wrap vegetariano 1 unidad x1 | Pepino 1 taza x1
SantiagoV,2026-02-06,Yogurt griego natural Dos Pinos 150 g x1 | Granola artesanal 30 g x1 | Papaya 1 taza x1,Manzana mediana x1 | Almendras 20 g x1,Casado vegetariano 1 plato x1,Galleta maría Pozuelo 4 unidades x1 | Leche descremada Dos Pinos 250 ml x1,Ensalada de garbanzos 1 porción x1 | Galleta soda Pozuelo 4 unidades x1
SantiagoV,2026-02-07,Yogurt griego natural Dos Pinos 150 g x1 | Granola artesanal 30 g x1 | Papaya 1 taza x1,Manzana mediana x1 | Almendras 20 g x1,Tofu firme 100 g x1 | Arroz integral cocido 1 taza x1 | Frijoles negros cocidos 1 taza x2 | Ensalada verde 1 taza x1 | Aguacate 1/2 unidad x1,Papaya 1 taza x1 | Almendras 20 g x1,Tofu firme 100 g x1 | Vegetales salteados 1 taza x1 | Aguacate 1/2 unidad x1
SantiagoV,2026-02-08,Bagel integral Musmanni 1 unidad x1 | Queso cottage Dos Pinos 1 taza x1 | Fresas 1 taza x1,Yogurt de fresa Dos Pinos 125 g x1 | Banano mediano x1,Garbanzos cocidos 1 taza x1 | Camote cocido 150 g x1 | Vegetales salteados 1 taza x1,Queso cottage Dos Pinos 1 taza x1 | Piña 1 taza x1 | Leche más proteína Dos Pinos 250 ml x1,Omelette de espinaca 1 porción x1 | Tomate 1 unidad x1 | Aguacate 1/2 unidad x1
SantiagoV,2026-02-09,Cereal Poffis Jack's 30 g x1 | Leche descremada Dos Pinos 250 ml x1 | Manzana mediana x1,Sandía 1 taza x1 | Nueces mixtas 20 g x1,Ensalada de garbanzos 1 porción x1 | Pan cuadrado integral Musmanni 2 rebanadas x1,Galleta maría Pozuelo 4 unidades x1 | Leche descremada Dos Pinos 250 ml x1 | Banano mediano x1,Lentejas cocidas 1 taza x1 | Ensalada verde 1 taza x1 | Bagel integral Musmanni 1 unidad x2
SantiagoV,2026-02-10,Bagel integral Musmanni 1 unidad x1 | Queso cottage Dos Pinos 1 taza x1 | Fresas 1 taza x1,Manzana mediana x1 | Almendras 20 g x1,Garbanzos cocidos 1 taza x1 | Camote cocido 150 g x1 | Vegetales salteados 1 taza x1,Papaya 1 taza x1 | Almendras 20 g x1 | Leche más proteína Dos Pinos 250 ml x1,Omelette de espinaca 1 porción x1 | Tomate 1 unidad x1 | Aguacate 1/2 unidad x1
SantiagoV,2026-02-11,Avena en hojuelas 40 g x1 | Leche descremada Dos Pinos 250 ml x1 | Banano mediano x1 | Semillas de chía 1 cda x1,Barra de cereal Jack's 1 unidad x1 | Papaya 1 taza x1,Tofu firme 100 g x1 | Arroz integral cocido 1 taza x2 | Frijoles negros cocidos 1 taza x1 | Ensalada verde 1 taza x1 | Aguacate 1/2 unidad x1,Galleta maría Pozuelo 4 unidades x1 | Leche descremada Dos Pinos 250 ml x1,Ensalada de garbanzos 1 porción x1 | Galleta soda Pozuelo 4 unidades x1
SantiagoV,2026-02-12,Tortilla de maíz 2 unidades x2 | Queso fresco Dos Pinos 30 g x1 | Tomate 1 unidad x1 | Piña 1 taza x1,Manzana mediana x1 | Almendras 20 g x1 | Barra de cereal Jack's 1 unidad x1,Lentejas cocidas 1 taza x2 | Arroz blanco cocido 1 taza x2 | Brócoli al vapor 1 taza x1 | Tomate 1 unidad x1,Barra de cereal Jack's 1 unidad x1 | Manzana mediana x1,Wrap vegetariano 1 unidad x1 | Pepino 1 taza x1
SantiagoV,2026-02-13,Tortilla de maíz 2 unidades x1 | Queso fresco Dos Pinos 30 g x1 | Tomate 1 unidad x1 | Piña 1 taza x1,Sandía 1 taza x1 | Nueces mixtas 20 g x1,Casado vegetariano 1 plato x1,Queso cottage Dos Pinos 1 taza x1 | Piña 1 taza x1,Sopa negra 1 taza x1 | Queso fresco Dos Pinos 30 g x1 | Tortilla de maíz 2 unidades x1
SantiagoV,2026-02-14,Yogurt griego natural Dos Pinos 150 g x1 | Granola artesanal 30 g x1 | Papaya 1 taza x1,Piña 1 taza x1 | Galleta soda Pozuelo 4 unidades x1 | Leche más proteína Dos Pinos 250 ml x1,Wrap vegetariano 1 unidad x1 | Pepino 1 taza x1 | Hummus 2 cdas x1,Queso cottage Dos Pinos 1 taza x2 | Piña 1 taza x1,Lentejas cocidas 1 taza x1 | Ensalada verde 1 taza x1 | Bagel integral Musmanni 1 unidad x1
SantiagoV,2026-02-15,Cereal Poffis Jack's 30 g x1 | Leche descremada Dos Pinos 250 ml x1 | Manzana mediana x1,Barra de cereal Jack's 1 unidad x1 | Papaya 1 taza x1,Omelette de espinaca 1 porción x1 | Papa cocida 150 g x1 | Ensalada verde 1 taza x1,Queso cottage Dos Pinos 1 taza x1 | Piña 1 taza x1,Tofu firme 100 g x1 | Vegetales salteados 1 taza x1 | Aguacate 1/2 unidad x1
SantiagoV,2026-02-16,Bagel integral Musmanni 1 unidad x1 | Queso cottage Dos Pinos 1 taza x1 | Fresas 1 taza x1,Piña 1 taza x1 | Galleta soda Pozuelo 4 unidades x1,Omelette de espinaca 1 porción x1 | Papa cocida 150 g x1 | Ensalada verde 1 taza x1,Queso cottage Dos Pinos 1 taza x1 | Piña 1 taza x1,Tofu firme 100 g x1 | Vegetales salteados 1 taza x1 | Aguacate 1/2 unidad x1
SantiagoV,2026-02-17,Tortilla de maíz 2 unidades x2 | Queso fresco Dos Pinos 30 g x1 | Tomate 1 unidad x1 | Piña 1 taza x1,Barra de cereal Jack's 1 unidad x1 | Papaya 1 taza x1,Tofu firme 100 g x1 | Arroz integral cocido 1 taza x2 | Frijoles negros cocidos 1 taza x2 | Ensalada verde 1 taza x1 | Aguacate 1/2 unidad x1,Papaya 1 taza x1 | Almendras 20 g x1 | Leche más proteína Dos Pinos 250 ml x1,Lentejas cocidas 1 taza x2 | Ensalada verde 1 taza x1 | Bagel integral Musmanni 1 unidad x1
SantiagoV,2026-02-18,Pan cuadrado integral Musmanni 2 rebanadas x1 | Omelette de espinaca 1 porción x1 | Aguacate 1/2 unidad x1,Sandía 1 taza x1 | Nueces mixtas 20 g x1 | Leche más proteína Dos Pinos 250 ml x1,Lentejas cocidas 1 taza x2 | Arroz blanco cocido 1 taza x2 | Brócoli al vapor 1 taza x1 | Tomate 1 unidad x1,Galleta maría Pozuelo 4 unidades x1 | Leche descremada Dos Pinos 250 ml x1 | Banano mediano x1,Ensalada de garbanzos 1 porción x1 | Galleta soda Pozuelo 4 unidades x1
SantiagoV,2026-02-19,Yogurt griego natural Dos Pinos 150 g x1 | Granola artesanal 30 g x1 | Papaya 1 taza x1,Manzana mediana x1 | Almendras 20 g x1,Garbanzos cocidos 1 taza x1 | Camote cocido 150 g x2 | Vegetales salteados 1 taza x1,Galleta maría Pozuelo 4 unidades x1 | Leche descremada Dos Pinos 250 ml x1 | Leche más proteína Dos Pinos 250 ml x1,Ensalada de garbanzos 1 porción x1 | Galleta soda Pozuelo 4 unidades x1
SantiagoV,2026-02-20,Bagel integral Musmanni 1 unidad x1 | Queso cottage Dos Pinos 1 taza x1 | Fresas 1 taza x1,Barra de cereal Jack's 1 unidad x1 | Papaya 1 taza x1,Garbanzos cocidos 1 taza x1 | Camote cocido 150 g x2 | Vegetales salteados 1 taza x1,Barra de cereal Jack's 1 unidad x1 | Manzana mediana x1,Lentejas cocidas 1 taza x1 | Ensalada verde 1 taza x1 | Bagel integral Musmanni 1 unidad x2
SantiagoV,2026-02-21,Tortilla de maíz 2 unidades x1 | Queso fresco Dos Pinos 30 g x1 | Tomate 1 unidad x1 | Piña 1 taza x1,Barra de cereal Jack's 1 unidad x1 | Papaya 1 taza x1,Omelette de espinaca 1 porción x1 | Papa cocida 150 g x1 | Ensalada verde 1 taza x1,Papaya 1 taza x1 | Almendras 20 g x1,Ensalada de garbanzos 1 porción x1 | Galleta soda Pozuelo 4 unidades x1
SantiagoV,2026-02-22,Tortilla de maíz 2 unidades x2 | Queso fresco Dos Pinos 30 g x1 | Tomate 1 unidad x1 | Piña 1 taza x1,Barra de cereal Jack's 1 unidad x1 | Papaya 1 taza x1,Wrap vegetariano 1 unidad x1 | Pepino 1 taza x1 | Hummus 2 cdas x1,Yogurt griego natural Dos Pinos 150 g x1 | Fresas 1 taza x1 | Barra de cereal Jack's 1 unidad x1,Ensalada de garbanzos 1 porción x1 | Galleta soda Pozuelo 4 unidades x1
SantiagoV,2026-02-23,Pan cuadrado integral Musmanni 2 rebanadas x1 | Omelette de espinaca 1 porción x1 | Aguacate 1/2 unidad x1,Barra de cereal Jack's 1 unidad x1 | Papaya 1 taza x1,Casado vegetariano 1 plato x1,Queso cottage Dos Pinos 1 taza x1 | Piña 1 taza x1,Ensalada de garbanzos 1 porción x1 | Galleta soda Pozuelo 4 unidades x1
SantiagoV,2026-02-24,Tortilla de maíz 2 unidades x1 | Queso fresco Dos Pinos 30 g x1 | Tomate 1 unidad x1 | Piña 1 taza x1,Manzana mediana x1 | Almendras 20 g x1,Casado vegetariano 1 plato x1,Yogurt griego natural Dos Pinos 150 g x1 | Fresas 1 taza x1,Sopa negra 1 taza x1 | Queso fresco Dos Pinos 30 g x1 | Tortilla de maíz 2 unidades x1
SantiagoV,2026-02-25,Avena en hojuelas 40 g x1 | Leche descremada Dos Pinos 250 ml x1 | Banano mediano x1 | Semillas de chía 1 cda x1,Manzana mediana x1 | Almendras 20 g x1,Omelette de espinaca 1 porción x1 | Papa cocida 150 g x1 | Ensalada verde 1 taza x1,Barra de cereal Jack's 1 unidad x1 | Manzana mediana x1,Omelette de espinaca 1 porción x1 | Tomate 1 unidad x1 | Aguacate 1/2 unidad x1
SantiagoV,2026-02-26,Cereal Poffis Jack's 30 g x1 | Leche descremada Dos Pinos 250 ml x1 | Manzana mediana x1,Yogurt de fresa Dos Pinos 125 g x1 | Banano mediano x2 | Leche más proteína Dos Pinos 250 ml x1,Garbanzos cocidos 1 taza x1 | Camote cocido 150 g x2 | Vegetales salteados 1 taza x1,Barra de cereal Jack's 1 unidad x1 | Manzana mediana x1 | Leche más proteína Dos Pinos 250 ml x1,Tofu firme 100 g x1 | Vegetales salteados 1 taza x1 | Aguacate 1/2 unidad x1
SantiagoV,2026-02-27,Avena en hojuelas 40 g x1 | Leche descremada Dos Pinos 250 ml x1 | Banano mediano x2 | Semillas de chía 1 cda x1,Barra de cereal Jack's 1 unidad x1 | Papaya 1 taza x2,Omelette de espinaca 1 porción x1 | Papa cocida 150 g x1 | Ensalada verde 1 taza x1,Queso cottage Dos Pinos 1 taza x1 | Piña 1 taza x1 | Barra de cereal Jack's 1 unidad x1,Lentejas cocidas 1 taza x1 | Ensalada verde 1 taza x1 | Bagel integral Musmanni 1 unidad x1
SantiagoV,2026-02-28,Cereal Poffis Jack's 30 g x1 | Leche descremada Dos Pinos 250 ml x1 | Manzana mediana x1,Barra de cereal Jack's 1 unidad x1 | Papaya 1 taza x2,Omelette de espinaca 1 porción x1 | Papa cocida 150 g x1 | Ensalada verde 1 taza x1,Yogurt griego natural Dos Pinos 150 g x1 | Fresas 1 taza x1,Sopa negra 1 taza x1 | Queso fresco Dos Pinos 30 g x1 | Tortilla de maíz 2 unidades x1
SantiagoV,2026-03-01,Bagel integral Musmanni 1 unidad x1 | Queso cottage Dos Pinos 1 taza x1 | Fresas 1 taza x1,Barra de cereal Jack's 1 unidad x1 | Papaya 1 taza x2,Wrap vegetariano 1 unidad x1 | Pepino 1 taza x1 | Hummus 2 cdas x1,Queso cottage Dos Pinos 1 taza x1 | Piña 1 taza x1,Omelette de espinaca 1 porción x1 | Tomate 1 unidad x1 | Aguacate 1/2 unidad x1
SantiagoV,2026-03-02,Tortilla de maíz 2 unidades x1 | Queso fresco Dos Pinos 30 g x1 | Tomate 1 unidad x1 | Piña 1 taza x1,Barra de cereal Jack's 1 unidad x1 | Papaya 1 taza x1,Wrap vegetariano 1 unidad x1 | Pepino 1 taza x1 | Hummus 2 cdas x1,Barra de cereal Jack's 1 unidad x1 | Manzana mediana x1,Tofu firme 100 g x2 | Vegetales salteados 1 taza x1 | Aguacate 1/2 unidad x1
SantiagoV,2026-03-03,Pan cuadrado integral Musmanni 2 rebanadas x2 | Omelette de espinaca 1 porción x1 | Aguacate 1/2 unidad x1,Piña 1 taza x1 | Galleta soda Pozuelo 4 unidades x1,Wrap vegetariano 1 unidad x1 | Pepino 1 taza x1 | Hummus 2 cdas x1,Papaya 1 taza x1 | Almendras 20 g x1,Lentejas cocidas 1 taza x1 | Ensalada verde 1 taza x1 | Bagel integral Musmanni 1 unidad x1
SantiagoV,2026-03-04,Bagel integral Musmanni 1 unidad x2 | Queso cottage Dos Pinos 1 taza x1 | Fresas 1 taza x1,Sandía 1 taza x1 | Nueces mixtas 20 g x1,Wrap vegetariano 1 unidad x1 | Pepino 1 taza x1 | Hummus 2 cdas x1,Barra de cereal Jack's 1 unidad x1 | Manzana mediana x1,Lentejas cocidas 1 taza x1 | Ensalada verde 1 taza x1 | Bagel integral Musmanni 1 unidad x1
SantiagoV,2026-03-05,Yogurt griego natural Dos Pinos 150 g x1 | Granola artesanal 30 g x1 | Papaya 1 taza x2,Manzana mediana x1 | Almendras 20 g x1 | Banano mediano x1,Casado vegetariano 1 plato x1,Barra de cereal Jack's 1 unidad x1 | Manzana mediana x1,Lentejas cocidas 1 taza x1 | Ensalada verde 1 taza x1 | Bagel integral Musmanni 1 unidad x2
SantiagoV,2026-03-06,Yogurt griego natural Dos Pinos 150 g x1 | Granola artesanal 30 g x1 | Papaya 1 taza x2,Manzana mediana x1 | Almendras 20 g x1,Omelette de espinaca 1 porción x1 | Papa cocida 150 g x1 | Ensalada verde 1 taza x1,Barra de cereal Jack's 1 unidad x1 | Manzana mediana x1,Ensalada de garbanzos 1 porción x1 | Galleta soda Pozuelo 4 unidades x1
SantiagoV,2026-03-07,Avena en hojuelas 40 g x1 | Leche descremada Dos Pinos 250 ml x1 | Banano mediano x1 | Semillas de chía 1 cda x1,Barra de cereal Jack's 1 unidad x1 | Papaya 1 taza x2,Omelette de espinaca 1 porción x1 | Papa cocida 150 g x1 | Ensalada verde 1 taza x1,Queso cottage Dos Pinos 1 taza x1 | Piña 1 taza x1,Wrap vegetariano 1 unidad x1 | Pepino 1 taza x1
SantiagoV,2026-03-08,Bagel integral Musmanni 1 unidad x2 | Queso cottage Dos Pinos 1 taza x1 | Fresas 1 taza x1,Sandía 1 taza x1 | Nueces mixtas 20 g x1,Tofu firme 100 g x1 | Arroz integral cocido 1 taza x1 | Frijoles negros cocidos 1 taza x1 | Ensalada verde 1 taza x1 | Aguacate 1/2 unidad x1,Yogurt griego natural Dos Pinos 150 g x1 | Fresas 1 taza x1 | Leche más proteína Dos Pinos 250 ml x1,Sopa negra 1 taza x1 | Queso fresco Dos Pinos 30 g x1 | Tortilla de maíz 2 unidades x2
SantiagoV,2026-03-09,Bagel integral Musmanni 1 unidad x1 | Queso cottage Dos Pinos 1 taza x1 | Fresas 1 taza x1,Piña 1 taza x1 | Galleta soda Pozuelo 4 unidades x1,Garbanzos cocidos 1 taza x2 | Camote cocido 150 g x1 | Vegetales salteados 1 taza x1,Yogurt griego natural Dos Pinos 150 g x1 | Fresas 1 taza x1,Omelette de espinaca 1 porción x1 | Tomate 1 unidad x1 | Aguacate 1/2 unidad x1
SantiagoV,2026-03-10,Avena en hojuelas 40 g x1 | Leche descremada Dos Pinos 250 ml x1 | Banano mediano x2 | Semillas de chía 1 cda x1,Barra de cereal Jack's 1 unidad x1 | Papaya 1 taza x1 | Banano mediano x1,Wrap vegetariano 1 unidad x1 | Pepino 1 taza x1 | Hummus 2 cdas x1,Papaya 1 taza x1 | Almendras 20 g x1,Wrap vegetariano 1 unidad x1 | Pepino 1 taza x1
SantiagoV,2026-03-11,Pan cuadrado integral Musmanni 2 rebanadas x1 | Omelette de espinaca 1 porción x1 | Aguacate 1/2 unidad x1,Manzana mediana x1 | Almendras 20 g x1,Tofu firme 100 g x2 | Arroz integral cocido 1 taza x1 | Frijoles negros cocidos 1 taza x2 | Ensalada verde 1 taza x1 | Aguacate 1/2 unidad x1,Galleta maría Pozuelo 4 unidades x1 | Leche descremada Dos Pinos 250 ml x1,Ensalada de garbanzos 1 porción x1 | Galleta soda Pozuelo 4 unidades x1
SantiagoV,2026-03-12,Yogurt griego natural Dos Pinos 150 g x1 | Granola artesanal 30 g x1 | Papaya 1 taza x2,Manzana mediana x1 | Almendras 20 g x1 | Barra de cereal Jack's 1 unidad x1,Casado vegetariano 1 plato x1,Barra de cereal Jack's 1 unidad x1 | Manzana mediana x1,Omelette de espinaca 1 porción x1 | Tomate 1 unidad x1 | Aguacate 1/2 unidad x1
SantiagoV,2026-03-13,Bagel integral Musmanni 1 unidad x1 | Queso cottage Dos Pinos 1 taza x1 | Fresas 1 taza x1,Yogurt de fresa Dos Pinos 125 g x1 | Banano mediano x2,Lentejas cocidas 1 taza x1 | Arroz blanco cocido 1 taza x2 | Brócoli al vapor 1 taza x1 | Tomate 1 unidad x1,Papaya 1 taza x2 | Almendras 20 g x1,Lentejas cocidas 1 taza x1 | Ensalada verde 1 taza x1 | Bagel integral Musmanni 1 unidad x1
SantiagoV,2026-03-14,Pan cuadrado integral Musmanni 2 rebanadas x1 | Omelette de espinaca 1 porción x1 | Aguacate 1/2 unidad x1,Barra de cereal Jack's 1 unidad x1 | Papaya 1 taza x2,Tofu firme 100 g x1 | Arroz integral cocido 1 taza x2 | Frijoles negros cocidos 1 taza x1 | Ensalada verde 1 taza x1 | Aguacate 1/2 unidad x1,Queso cottage Dos Pinos 1 taza x2 | Piña 1 taza x1 | Barra de cereal Jack's 1 unidad x1,Lentejas cocidas 1 taza x1 | Ensalada verde 1 taza x1 | Bagel integral Musmanni 1 unidad x2
SofíaH,2026-01-01,Avena en hojuelas 40 g x1 | Leche descremada Dos Pinos 250 ml x1 | Banano mediano x1 | Semillas de chía 1 cda x1,Barra de cereal Jack's 1 unidad x1 | Papaya 1 taza x1 | Banano mediano x1,Lentejas cocidas 1 taza x1 | Arroz blanco cocido 1 taza x2 | Brócoli al vapor 1 taza x1 | Tomate 1 unidad x1,Barra de cereal Jack's 1 unidad x1 | Manzana mediana x1,Ensalada de garbanzos 1 porción x1 | Galleta soda Pozuelo 4 unidades x1
SofíaH,2026-01-02,Tortilla de maíz 2 unidades x1 | Queso fresco Dos Pinos 30 g x1 | Tomate 1 unidad x1 | Piña 1 taza x1,Sandía 1 taza x1 | Nueces mixtas 20 g x1,Lentejas cocidas 1 taza x1 | Arroz blanco cocido 1 taza x1 | Brócoli al vapor 1 taza x1 | Tomate 1 unidad x1,Galleta maría Pozuelo 4 unidades x1 | Leche descremada Dos Pinos 250 ml x1,Wrap vegetariano 1 unidad x1 | Pepino 1 taza x1
SofíaH,2026-01-03,Pan cuadrado integral Musmanni 2 rebanadas x1 | Omelette de espinaca 1 porción x1 | Aguacate 1/2 unidad x1,Piña 1 taza x1 | Galleta soda Pozuelo 4 unidades x1,Wrap vegetariano 1 unidad x1 | Pepino 1 taza x1 | Hummus 2 cdas x1,Papaya 1 taza x2 | Almendras 20 g x1,Sopa negra 1 taza x1 | Queso fresco Dos Pinos 30 g x1 | Tortilla de maíz 2 unidades x2
SofíaH,2026-01-04,Bagel integral Musmanni 1 unidad x1 | Queso cottage Dos Pinos 1 taza x1 | Fresas 1 taza x1,Piña 1 taza x1 | Galleta soda Pozuelo 4 unidades x1 | Banano mediano x1,Tofu firme 100 g x1 | Arroz integral cocido 1 taza x1 | Frijoles negros cocidos 1 taza x2 | Ensalada verde 1 taza x1 | Aguacate 1/2 unidad x1,Queso cottage Dos Pinos 1 taza x2 | Piña 1 taza x1,Sopa negra 1 taza x1 | Queso fresco Dos Pinos 30 g x1 | Tortilla de maíz 2 unidades x1
SofíaH,2026-01-05,Yogurt griego natural Dos Pinos 150 g x1 | Granola artesanal 30 g x1 | Papaya 1 taza x1,Piña 1 taza x1 | Galleta soda Pozuelo 4 unidades x1,Wrap vegetariano 1 unidad x1 | Pepino 1 taza x1 | Hummus 2 cdas x1,Galleta maría Pozuelo 4 unidades x1 | Leche descremada Dos Pinos 250 ml x1,Wrap vegetariano 1 unidad x1 | Pepino 1 taza x1
SofíaH,2026-01-06,Tortilla de maíz 2 unidades x2 | Queso fresco Dos Pinos 30 g x1 | Tomate 1 unidad x1 | Piña 1 taza x1,Manzana mediana x1 | Almendras 20 g x1,Lentejas cocidas 1 taza x2 | Arroz blanco cocido 1 taza x1 | Brócoli al vapor 1 taza x1 | Tomate 1 unidad x1,Barra de cereal Jack's 1 unidad x1 | Manzana mediana x1,Omelette de espinaca 1 porción x1 | Tomate 1 unidad x1 | Aguacate 1/2 unidad x1
SofíaH,2026-01-07,Pan cuadrado integral Musmanni 2 rebanadas x1 | Omelette de espinaca 1 porción x1 | Aguacate 1/2 unidad x1,Yogurt de fresa Dos Pinos 125 g x1 | Banano mediano x1,Tofu firme 100 g x1 | Arroz integral cocido 1 taza x1 | Frijoles negros cocidos 1 taza x1 | Ensalada verde 1 taza x1 | Aguacate 1/2 unidad x1,Yogurt griego natural Dos Pinos 150 g x1 | Fresas 1 taza x1,Omelette de espinaca 1 porción x1 | Tomate 1 unidad x1 | Aguacate 1/2 unidad x1
SofíaH,2026-01-08,Cereal Poffis Jack's 30 g x1 | Leche descremada Dos Pinos 250 ml x1 | Manzana mediana x1,Piña 1 taza x1 | Galleta soda Pozuelo 4 unidades x1,Tofu firme 100 g x1 | Arroz integral cocido 1 taza x1 | Frijoles negros cocidos 1 taza x2 | Ensalada verde 1 taza x1 | Aguacate 1/2 unidad x1,Papaya 1 taza x2 | Almendras 20 g x1 | Barra de cereal Jack's 1 unidad x1,Ensalada de garbanzos 1 porción x1 | Galleta soda Pozuelo 4 unidades x1
SofíaH,2026-01-09,Avena en hojuelas 40 g x1 | Leche descremada Dos Pinos 250 ml x1 | Banano mediano x2 | Semillas de chía 1 cda x1,Piña 1 taza x1 | Galleta soda Pozuelo 4 unidades x1 | Barra de cereal Jack's 1 unidad x1,Garbanzos cocidos 1 taza x1 | Camote cocido 150 g x1 | Vegetales salteados 1 taza x1,Yogurt griego natural Dos Pinos 150 g x1 | Fresas 1 taza x1 | Leche más proteína Dos Pinos 250 ml x1,Lentejas cocidas 1 taza x1 | Ensalada verde 1 taza x1 | Bagel integral Musmanni 1 unidad x2
SofíaH,2026-01-10,Pan cuadrado integral Musmanni 2 rebanadas x2 | Omelette de espinaca 1 porción x1 | Aguacate 1/2 unidad x1,Barra de cereal Jack's 1 unidad x1 | Papaya 1 taza x1,Omelette de espinaca 1 porción x1 | Papa cocida 150 g x2 | Ensalada verde 1 taza x1,Queso cottage Dos Pinos 1 taza x1 | Piña 1 taza x1 | Banano mediano x1,Tofu firme 100 g x1 | Vegetales salteados 1 taza x1 | Aguacate 1/2 unidad x1
SofíaH,2026-01-11,Tortilla de maíz 2 unidades x2 | Queso fresco Dos Pinos 30 g x1 | Tomate 1 unidad x1 | Piña 1 taza x1,Manzana mediana x1 | Almendras 20 g x1,Omelette de espinaca 1 porción x1 | Papa cocida 150 g x2 | Ensalada verde 1 taza x1,Yogurt griego natural Dos Pinos 150 g x1 | Fresas 1 taza x1,Tofu firme 100 g x1 | Vegetales salteados 1 taza x1 | Aguacate 1/2 unidad x1
SofíaH,2026-01-12,Cereal Poffis Jack's 30 g x1 | Leche descremada Dos Pinos 250 ml x1 | Manzana mediana x1,Yogurt de fresa Dos Pinos 125 g x1 | Banano mediano x2,Ensalada de garbanzos 1 porción x1 | Pan cuadrado integral Musmanni 2 rebanadas x2,Papaya 1 taza x1 | Almendras 20 g x1 | Barra de cereal Jack's 1 unidad x1,Lentejas cocidas 1 taza x2 | Ensalada verde 1 taza x1 | Bagel integral Musmanni 1 unidad x1
SofíaH,2026-01-13,Tortilla de maíz 2 unidades x1 | Queso fresco Dos Pinos 30 g x1 | Tomate 1 unidad x1 | Piña 1 taza x1,Piña 1 taza x1 | Galleta soda Pozuelo 4 unidades x1,Wrap vegetariano 1 unidad x1 | Pepino 1 taza x1 | Hummus 2 cdas x1,Papaya 1 taza x1 | Almendras 20 g x1,Wrap vegetariano 1 unidad x1 | Pepino 1 taza x1
SofíaH,2026-01-14,Tortilla de maíz 2 unidades x1 | Queso fresco Dos Pinos 30 g x1 | Tomate 1 unidad x1 | Piña 1 taza x1,Sandía 1 taza x1 | Nueces mixtas 20 g x1 | Leche más proteína Dos Pinos 250 ml x1,Ensalada de garbanzos 1 porción x1 | Pan cuadrado integral Musmanni 2 rebanadas x1,Yogurt griego natural Dos Pinos 150 g x1 | Fresas 1 taza x1,Tofu firme 100 g x2 | Vegetales salteados 1 taza x1 | Aguacate 1/2 unidad x1
SofíaH,2026-01-15,Bagel integral Musmanni 1 unidad x2 | Queso cottage Dos Pinos 1 taza x1 | Fresas 1 taza x1,Manzana mediana x1 | Almendras 20 g x1,Omelette de espinaca 1 porción x1 | Papa cocida 150 g x1 | Ensalada verde 1 taza x1,Yogurt griego natural Dos Pinos 150 g x1 | Fresas 1 taza x1,Sopa negra 1 taza x1 | Queso fresco Dos Pinos 30 g x1 | Tortilla de maíz 2 unidades x1
SofíaH,2026-01-16,Yogurt griego natural Dos Pinos 150 g x1 | Granola artesanal 30 g x1 | Papaya 1 taza x1,Yogurt de fresa Dos Pinos 125 g x1 | Banano mediano x1 | Leche más proteína Dos Pinos 250 ml x1,Casado vegetariano 1 plato x1,Barra de cereal Jack's 1 unidad x1 | Manzana mediana x1 | Banano mediano x1,Omelette de espinaca 1 porción x1 | Tomate 1 unidad x1 | Aguacate 1/2 unidad x1
SofíaH,2026-01-17,Bagel integral Musmanni 1 unidad x1 | Queso cottage Dos Pinos 1 taza x1 | Fresas 1 taza x1,Yogurt de fresa Dos Pinos 125 g x1 | Banano mediano x2 | Barra de cereal Jack's 1 unidad x1,Ensalada de garbanzos 1 porción x1 | Pan cuadrado integral Musmanni 2 rebanadas x1,Barra de cereal Jack's 1 unidad x1 | Manzana mediana x1,Wrap vegetariano 1 unidad x1 | Pepino 1 taza x1
SofíaH,2026-01-18,Pan cuadrado integral Musmanni 2 rebanadas x1 | Omelette de espinaca 1 porción x1 | Aguacate 1/2 unidad x1,Yogurt de fresa Dos Pinos 125 g x1 | Banano mediano x2,Garbanzos cocidos 1 taza x1 | Camote cocido 150 g x1 | Vegetales salteados 1 taza x1,Queso cottage Dos Pinos 1 taza x1 | Piña 1 taza x1 | Banano mediano x1,Sopa negra 1 taza x1 | Queso fresco Dos Pinos 30 g x1 | Tortilla de maíz 2 unidades x2
SofíaH,2026-01-19,Cereal Poffis Jack's 30 g x1 | Leche descremada Dos Pinos 250 ml x1 | Manzana mediana x1,Piña 1 taza x1 | Galleta soda Pozuelo 4 unidades x1 | Banano mediano x1,Casado vegetariano 1 plato x1,Barra de cereal Jack's 1 unidad x1 | Manzana mediana x1 | Leche más proteína Dos Pinos 250 ml x1,Wrap vegetariano 1 unidad x1 | Pepino 1 taza x1
SofíaH,2026-01-20,Tortilla de maíz 2 unidades x2 | Queso fresco Dos Pinos 30 g x1 | Tomate 1 unidad x1 | Piña 1 taza x1,Piña 1 taza x1 | Galleta soda Pozuelo 4 unidades x1,Casado vegetariano 1 plato x1,Galleta maría Pozuelo 4 unidades x1 | Leche descremada Dos Pinos 250 ml x1,Sopa negra 1 taza x1 | Queso fresco Dos Pinos 30 g x1 | Tortilla de maíz 2 unidades x1
SofíaH,2026-01-21,Bagel integral Musmanni 1 unidad x2 | Queso cottage Dos Pinos 1 taza x1 | Fresas 1 taza x1,Manzana mediana x1 | Almendras 20 g x1,Omelette de espinaca 1 porción x1 | Papa cocida 150 g x1 | Ensalada verde 1 taza x1,Queso cottage Dos Pinos 1 taza x2 | Piña 1 taza x1 | Leche más proteína Dos Pinos 250 ml x1,Wrap vegetariano 1 unidad x1 | Pepino 1 taza x1
SofíaH,2026-01-22,Tortilla de maíz 2 unidades x2 | Queso fresco Dos Pinos 30 g x1 | Tomate 1 unidad x1 | Piña 1 taza x1,Yogurt de fresa Dos Pinos 125 g x1 | Banano mediano x1,Garbanzos cocidos 1 taza x1 | Camote cocido 150 g x2 | Vegetales salteados 1 taza x1,Barra de cereal Jack's 1 unidad x1 | Manzana mediana x1 | Leche más proteína Dos Pinos 250 ml x1,Lentejas cocidas 1 taza x2 | Ensalada verde 1 taza x1 | Bagel integral Musmanni 1 unidad x1
ValeriaR,2026-01-01,Claras de huevo 3 unidades x1 | Huevo entero 1 unidad x1 | Queso cottage Dos Pinos 1 taza x1,Almendras 20 g x1 | Queso fresco Dos Pinos 30 g x1,Atún en agua Sardimar 1 lata x1 | Ensalada verde 1 taza x1 | Tomate 1 unidad x1 | Aguacate 1/2 unidad x1,Queso fresco Dos Pinos 30 g x1 | Pepino 1 taza x1,Ensalada de atún 1 porción x1 | Pepino 1 taza x1
ValeriaR,2026-01-02,Yogurt griego natural Dos Pinos 150 g x1 | Almendras 20 g x1 | Fresas 1 taza x1,Yogurt griego natural Dos Pinos 150 g x1,Bistec de res 120 g x1 | Vegetales salteados 1 taza x1 | Aguacate 1/2 unidad x1,Nueces mixtas 20 g x1,Tilapia al horno 120 g x1 | Ensalada verde 1 taza x1 | Aguacate 1/2 unidad x1
ValeriaR,2026-01-03,Claras de huevo 3 unidades x1 | Huevo entero 1 unidad x1 | Queso cottage Dos Pinos 1 taza x1,Nueces mixtas 20 g x1,Lomo de cerdo a la plancha 120 g x1 | Brócoli al vapor 1 taza x1 | Queso fresco Dos Pinos 30 g x1,Nueces mixtas 20 g x1,Pechuga de pollo a la plancha 120 g x1 | Brócoli al vapor 1 taza x1 | Queso mozzarella Dos Pinos 30 g x1
ValeriaR,2026-01-04,Huevo entero 1 unidad x2 | Queso fresco Dos Pinos 30 g x1 | Aguacate 1/2 unidad x1 | Café negro 1 taza x1,Yogurt griego natural Dos Pinos 150 g x1,Lomo de cerdo a la plancha 120 g x1 | Brócoli al vapor 1 taza x1 | Queso fresco Dos Pinos 30 g x1,Queso cottage Dos Pinos 1 taza x1,Salmón al horno 120 g x1 | Zucchini salteado 1 taza x1
ValeriaR,2026-01-05,Huevo entero 1 unidad x2 | Queso fresco Dos Pinos 30 g x1 | Aguacate 1/2 unidad x1 | Café negro 1 taza x1,Almendras 20 g x1 | Queso fresco Dos Pinos 30 g x1,Bistec de res 120 g x1 | Vegetales salteados 1 taza x1 | Aguacate 1/2 unidad x1,Queso cottage Dos Pinos 1 taza x1,Omelette de espinaca 1 porción x1 | Tomate 1 unidad x1 | Aguacate 1/2 unidad x1
ValeriaR,2026-01-06,Revuelto de huevo con tomate 1 porción x1 | Queso mozzarella Dos Pinos 30 g x1 | Aguacate 1/2 unidad x1,Aguacate 1/2 unidad x1 | Pepino 1 taza x1,Atún en agua Sardimar 1 lata x1 | Ensalada verde 1 taza x1 | Tomate 1 unidad x1 | Aguacate 1/2 unidad x1,Queso cottage Dos Pinos 1 taza x1,Tilapia al horno 120 g x1 | Ensalada verde 1 taza x1 | Aguacate 1/2 unidad x1
ValeriaR,2026-01-07,Yogurt griego natural Dos Pinos 150 g x1 | Almendras 20 g x1 | Fresas 1 taza x1,Nueces mixtas 20 g x1,Pechuga de pollo a la plancha 120 g x1 | Ensalada verde 1 taza x1 | Aguacate 1/2 unidad x1 | Queso mozzarella Dos Pinos 30 g x1,Nueces mixtas 20 g x1,Tilapia al horno 120 g x1 | Ensalada verde 1 taza x1 | Aguacate 1/2 unidad x1
ValeriaR,2026-01-08,Yogurt griego natural Dos Pinos 150 g x1 | Almendras 20 g x1 | Fresas 1 taza x1,Aguacate 1/2 unidad x1 | Pepino 1 taza x1,Bistec de res 120 g x1 | Vegetales salteados 1 taza x1 | Aguacate 1/2 unidad x1,Queso fresco Dos Pinos 30 g x1 | Pepino 1 taza x1,Ensalada de atún 1 porción x1 | Pepino 1 taza x1
ValeriaR,2026-01-09,Claras de huevo 3 unidades x1 | Huevo entero 1 unidad x1 | Queso cottage Dos Pinos 1 taza x1,Yogurt griego natural Dos Pinos 150 g x1,Salmón al horno 120 g x1 | Brócoli al vapor 1 taza x1 | Zucchini salteado 1 taza x1,Nueces mixtas 20 g x1,Tilapia al horno 120 g x1 | Ensalada verde 1 taza x1 | Aguacate 1/2 unidad x1
ValeriaR,2026-01-10,Claras de huevo 3 unidades x1 | Huevo entero 1 unidad x1 | Queso cottage Dos Pinos 1 taza x1,Nueces mixtas 20 g x1,Salmón al horno 120 g x1 | Brócoli al vapor 1 taza x1 | Zucchini salteado 1 taza x1,Almendras 20 g x1 | Yogurt griego natural Dos Pinos 150 g x1,Pechuga de pollo a la plancha 120 g x1 | Brócoli al vapor 1 taza x1 | Queso mozzarella Dos Pinos 30 g x1
ValeriaR,2026-01-11,Revuelto de huevo con tomate 1 porción x1 | Queso mozzarella Dos Pinos 30 g x1 | Aguacate 1/2 unidad x1,Aguacate 1/2 unidad x1 | Pepino 1 taza x1,Pechuga de pollo a la plancha 120 g x1 | Ensalada verde 1 taza x1 | Aguacate 1/2 unidad x1 | Queso mozzarella Dos Pinos 30 g x1,Nueces mixtas 20 g x1,Salmón al horno 120 g x1 | Zucchini salteado 1 taza x1
ValeriaR,2026-01-12,Yogurt griego natural Dos Pinos 150 g x1 | Almendras 20 g x1 | Fresas 1 taza x1,Yogurt griego natural Dos Pinos 150 g x1,Pechuga de pollo a la plancha 120 g x1 | Ensalada verde 1 taza x1 | Aguacate 1/2 unidad x1 | Queso mozzarella Dos Pinos 30 g x1,Queso cottage Dos Pinos 1 taza x1,Omelette de espinaca 1 porción x1 | Tomate 1 unidad x1 | Aguacate 1/2 unidad x1
ValeriaR,2026-01-13,Omelette de espinaca 1 porción x1 | Natilla liviana Dos Pinos 1 cda x1 | Café negro 1 taza x1,Nueces mixtas 20 g x1,Salmón al horno 120 g x1 | Brócoli al vapor 1 taza x1 | Zucchini salteado 1 taza x1,Queso cottage Dos Pinos 1 taza x1,Ensalada de atún 1 porción x1 | Pepino 1 taza x1
ValeriaR,2026-01-14,Yogurt griego natural Dos Pinos 150 g x1 | Almendras 20 g x1 | Fresas 1 taza x1,Nueces mixtas 20 g x1,Salmón al horno 120 g x1 | Brócoli al vapor 1 taza x1 | Zucchini salteado 1 taza x1,Almendras 20 g x1 | Yogurt griego natural Dos Pinos 150 g x1,Pechuga de pollo a la plancha 120 g x1 | Brócoli al vapor 1 taza x1 | Queso mozzarella Dos Pinos 30 g x1
ValeriaR,2026-01-15,Yogurt griego natural Dos Pinos 150 g x1 | Almendras 20 g x1 | Fresas 1 taza x1,Almendras 20 g x1 | Queso fresco Dos Pinos 30 g x1,Lomo de cerdo a la plancha 120 g x1 | Brócoli al vapor 1 taza x1 | Queso fresco Dos Pinos 30 g x1,Queso fresco Dos Pinos 30 g x1 | Pepino 1 taza x1,Tilapia al horno 120 g x1 | Ensalada verde 1 taza x1 | Aguacate 1/2 unidad x1
ValeriaR,2026-01-16,Yogurt griego natural Dos Pinos 150 g x1 | Almendras 20 g x1 | Fresas 1 taza x1,Almendras 20 g x1 | Queso fresco Dos Pinos 30 g x1,Atún en agua Sardimar 1 lata x1 | Ensalada verde 1 taza x1 | Tomate 1 unidad x1 | Aguacate 1/2 unidad x1,Queso fresco Dos Pinos 30 g x1 | Pepino 1 taza x1,Ensalada de atún 1 porción x1 | Pepino 1 taza x1
ValeriaR,2026-01-17,Huevo entero 1 unidad x2 | Queso fresco Dos Pinos 30 g x1 | Aguacate 1/2 unidad x1 | Café negro 1 taza x1,Nueces mixtas 20 g x1,Atún en agua Sardimar 1 lata x1 | Ensalada verde 1 taza x1 | Tomate 1 unidad x1 | Aguacate 1/2 unidad x1,Queso cottage Dos Pinos 1 taza x1,Tilapia al horno 120 g x1 | Ensalada verde 1 taza x1 | Aguacate 1/2 unidad x1
ValeriaR,2026-01-18,Huevo entero 1 unidad x2 | Queso fresco Dos Pinos 30 g x1 | Aguacate 1/2 unidad x1 | Café negro 1 taza x1,Nueces mixtas 20 g x1,Atún en agua Sardimar 1 lata x1 | Ensalada verde 1 taza x1 | Tomate 1 unidad x1 | Aguacate 1/2 unidad x1,Almendras 20 g x1 | Yogurt griego natural Dos Pinos 150 g x1,Pechuga de pollo a la plancha 120 g x1 | Brócoli al vapor 1 taza x1 | Queso mozzarella Dos Pinos 30 g x1
ValeriaR,2026-01-19,Claras de huevo 3 unidades x1 | Huevo entero 1 unidad x1 | Queso cottage Dos Pinos 1 taza x1,Aguacate 1/2 unidad x1 | Pepino 1 taza x1,Pechuga de pollo a la plancha 120 g x1 | Ensalada verde 1 taza x1 | Aguacate 1/2 unidad x1 | Queso mozzarella Dos Pinos 30 g x1,Queso cottage Dos Pinos 1 taza x1,Pechuga de pollo a la plancha 120 g x1 | Brócoli al vapor 1 taza x1 | Queso mozzarella Dos Pinos 30 g x1
ValeriaR,2026-01-20,Revuelto de huevo con tomate 1 porción x1 | Queso mozzarella Dos Pinos 30 g x1 | Aguacate 1/2 unidad x1,Aguacate 1/2 unidad x1 | Pepino 1 taza x1,Atún en agua Sardimar 1 lata x1 | Ensalada verde 1 taza x1 | Tomate 1 unidad x1 | Aguacate 1/2 unidad x1,Queso fresco Dos Pinos 30 g x1 | Pepino 1 taza x1,Salmón al horno 120 g x1 | Zucchini salteado 1 taza x1
ValeriaR,2026-01-21,Revuelto de huevo con tomate 1 porción x1 | Queso mozzarella Dos Pinos 30 g x1 | Aguacate 1/2 unidad x1,Yogurt griego natural Dos Pinos 150 g x1,Atún en agua Sardimar 1 lata x1 | Ensalada verde 1 taza x1 | Tomate 1 unidad x1 | Aguacate 1/2 unidad x1,Almendras 20 g x1 | Yogurt griego natural Dos Pinos 150 g x1,Salmón al horno 120 g x1 | Zucchini salteado 1 taza x1
ValeriaR,2026-01-22,Omelette de espinaca 1 porción x1 | Natilla liviana Dos Pinos 1 cda x1 | Café negro 1 taza x1,Nueces mixtas 20 g x1,Atún en agua Sardimar 1 lata x1 | Ensalada verde 1 taza x1 | Tomate 1 unidad x1 | Aguacate 1/2 unidad x1,Nueces mixtas 20 g x1,Ensalada de atún 1 porción x1 | Pepino 1 taza x1
ValeriaR,2026-01-23,Claras de huevo 3 unidades x1 | Huevo entero 1 unidad x1 | Queso cottage Dos Pinos 1 taza x1,Yogurt griego natural Dos Pinos 150 g x1,Lomo de cerdo a la plancha 120 g x1 | Brócoli al vapor 1 taza x1 | Queso fresco Dos Pinos 30 g x1,Queso cottage Dos Pinos 1 taza x1,Omelette de espinaca 1 porción x1 | Tomate 1 unidad x1 | Aguacate 1/2 unidad x1
ValeriaR,2026-01-24,Yogurt griego natural Dos Pinos 150 g x1 | Almendras 20 g x1 | Fresas 1 taza x1,Aguacate 1/2 unidad x1 | Pepino 1 taza x1,Pechuga de pollo a la plancha 120 g x1 | Ensalada verde 1 taza x1 | Aguacate 1/2 unidad x1 | Queso mozzarella Dos Pinos 30 g x1,Queso fresco Dos Pinos 30 g x1 | Pepino 1 taza x1,Tilapia al horno 120 g x1 | Ensalada verde 1 taza x1 | Aguacate 1/2 unidad x1
ValeriaR,2026-01-25,Huevo entero 1 unidad x2 | Queso fresco Dos Pinos 30 g x1 | Aguacate 1/2 unidad x1 | Café negro 1 taza x1,Almendras 20 g x1 | Queso fresco Dos Pinos 30 g x1,Salmón al horno 120 g x1 | Brócoli al vapor 1 taza x1 | Zucchini salteado 1 taza x1,Queso fresco Dos Pinos 30 g x1 | Pepino 1 taza x1,Pechuga de pollo a la plancha 120 g x1 | Brócoli al vapor 1 taza x1 | Queso mozzarella Dos Pinos 30 g x1
ValeriaR,2026-01-26,Omelette de espinaca 1 porción x1 | Natilla liviana Dos Pinos 1 cda x1 | Café negro 1 taza x1,Aguacate 1/2 unidad x1 | Pepino 1 taza x1,Pechuga de pollo a la plancha 120 g x1 | Ensalada verde 1 taza x1 | Aguacate 1/2 unidad x1 | Queso mozzarella Dos Pinos 30 g x1,Nueces mixtas 20 g x1,Salmón al horno 120 g x1 | Zucchini salteado 1 taza x1
ValeriaR,2026-01-27,Revuelto de huevo con tomate 1 porción x1 | Queso mozzarella Dos Pinos 30 g x1 | Aguacate 1/2 unidad x1,Aguacate 1/2 unidad x1 | Pepino 1 taza x1,Pechuga de pollo a la plancha 120 g x1 | Ensalada verde 1 taza x1 | Aguacate 1/2 unidad x1 | Queso mozzarella Dos Pinos 30 g x1,Almendras 20 g x1 | Yogurt griego natural Dos Pinos 150 g x1,Ensalada de atún 1 porción x1 | Pepino 1 taza x1
ValeriaR,2026-01-28,Omelette de espinaca 1 porción x1 | Natilla liviana Dos Pinos 1 cda x1 | Café negro 1 taza x1,Aguacate 1/2 unidad x1 | Pepino 1 taza x1,Lomo de cerdo a la plancha 120 g x1 | Brócoli al vapor 1 taza x1 | Queso fresco Dos Pinos 30 g x1,Nueces mixtas 20 g x1,Pechuga de pollo a la plancha 120 g x1 | Brócoli al vapor 1 taza x1 | Queso mozzarella Dos Pinos 30 g x1
ValeriaR,2026-01-29,Yogurt griego natural Dos Pinos 150 g x1 | Almendras 20 g x1 | Fresas 1 taza x1,Almendras 20 g x1 | Queso fresco Dos Pinos 30 g x1,Salmón al horno 120 g x1 | Brócoli al vapor 1 taza x1 | Zucchini salteado 1 taza x1,Queso cottage Dos Pinos 1 taza x1,Omelette de espinaca 1 porción x1 | Tomate 1 unidad x1 | Aguacate 1/2 unidad x1
ValeriaR,2026-01-30,Claras de huevo 3 unidades x1 | Huevo entero 1 unidad x1 | Queso cottage Dos Pinos 1 taza x1,Nueces mixtas 20 g x1,Bistec de res 120 g x1 | Vegetales salteados 1 taza x1 | Aguacate 1/2 unidad x1,Queso cottage Dos Pinos 1 taza x1,Omelette de espinaca 1 porción x1 | Tomate 1 unidad x1 | Aguacate 1/2 unidad x1
ValeriaR,2026-01-31,Omelette de espinaca 1 porción x1 | Natilla liviana Dos Pinos 1 cda x1 | Café negro 1 taza x1,Nueces mixtas 20 g x1,Atún en agua Sardimar 1 lata x1 | Ensalada verde 1 taza x1 | Tomate 1 unidad x1 | Aguacate 1/2 unidad x1,Nueces mixtas 20 g x1,Tilapia al horno 120 g x1 | Ensalada verde 1 taza x1 | Aguacate 1/2 unidad x1
ValeriaR,2026-02-01,Yogurt griego natural Dos Pinos 150 g x1 | Almendras 20 g x1 | Fresas 1 taza x1,Aguacate 1/2 unidad x1 | Pepino 1 taza x1,Bistec de res 120 g x1 | Vegetales salteados 1 taza x1 | Aguacate 1/2 unidad x1,Almendras 20 g x1 | Yogurt griego natural Dos Pinos 150 g x1,Ensalada de atún 1 porción x1 | Pepino 1 taza x1
ValeriaR,2026-02-02,Yogurt griego natural Dos Pinos 150 g x1 | Almendras 20 g x1 | Fresas 1 taza x1,Yogurt griego natural Dos Pinos 150 g x1,Bistec de res 120 g x1 | Vegetales salteados 1 taza x1 | Aguacate 1/2 unidad x1,Queso cottage Dos Pinos 1 taza x1,Pechuga de pollo a la plancha 120 g x1 | Brócoli al vapor 1 taza x1 | Queso mozzarella Dos Pinos 30 g x1
ValeriaR,2026-02-03,Omelette de espinaca 1 porción x1 | Natilla liviana Dos Pinos 1 cda x1 | Café negro 1 taza x1,Yogurt griego natural Dos Pinos 150 g x1,Bistec de res 120 g x1 | Vegetales salteados 1 taza x1 | Aguacate 1/2 unidad x1,Almendras 20 g x1 | Yogurt griego natural Dos Pinos 150 g x1,Salmón al horno 120 g x1 | Zucchini salteado 1 taza x1
ValeriaR,2026-02-04,Claras de huevo 3 unidades x1 | Huevo entero 1 unidad x1 | Queso cottage Dos Pinos 1 taza x1,Yogurt griego natural Dos Pinos 150 g x1,Atún en agua Sardimar 1 lata x1 | Ensalada verde 1 taza x1 | Tomate 1 unidad x1 | Aguacate 1/2 unidad x1,Queso cottage Dos Pinos 1 taza x1,Salmón al horno 120 g x1 | Zucchini salteado 1 taza x1
ValeriaR,2026-02-05,Yogurt griego natural Dos Pinos 150 g x1 | Almendras 20 g x1 | Fresas 1 taza x1,Yogurt griego natural Dos Pinos 150 g x1,Pechuga de pollo a la plancha 120 g x1 | Ensalada verde 1 taza x1 | Aguacate 1/2 unidad x1 | Queso mozzarella Dos Pinos 30 g x1,Queso fresco Dos Pinos 30 g x1 | Pepino 1 taza x1,Tilapia al horno 120 g x1 | Ensalada verde 1 taza x1 | Aguacate 1/2 unidad x1
ValeriaR,2026-02-06,Claras de huevo 3 unidades x1 | Huevo entero 1 unidad x1 | Queso cottage Dos Pinos 1 taza x1,Almendras 20 g x1 | Queso fresco Dos Pinos 30 g x1,Lomo de cerdo a la plancha 120 g x1 | Brócoli al vapor 1 taza x1 | Queso fresco Dos Pinos 30 g x1,Queso cottage Dos Pinos 1 taza x1,Omelette de espinaca 1 porción x1 | Tomate 1 unidad x1 | Aguacate 1/2 unidad x1
ValeriaR,2026-02-07,Omelette de espinaca 1 porción x1 | Natilla liviana Dos Pinos 1 cda x1 | Café negro 1 taza x1,Yogurt griego natural Dos Pinos 150 g x1,Lomo de cerdo a la plancha 120 g x1 | Brócoli al vapor 1 taza x1 | Queso fresco Dos Pinos 30 g x1,Queso fresco Dos Pinos 30 g x1 | Pepino 1 taza x1,Ensalada de atún 1 porción x1 | Pepino 1 taza x1
ValeriaR,2026-02-08,Huevo entero 1 unidad x2 | Queso fresco Dos Pinos 30 g x1 | Aguacate 1/2 unidad x1 | Café negro 1 taza x1,Nueces mixtas 20 g x1,Lomo de cerdo a la plancha 120 g x1 | Brócoli al vapor 1 taza x1 | Queso fresco Dos Pinos 30 g x1,Almendras 20 g x1 | Yogurt griego natural Dos Pinos 150 g x1,Salmón al horno 120 g x1 | Zucchini salteado 1 taza x1
ValeriaR,2026-02-09,Omelette de espinaca 1 porción x1 | Natilla liviana Dos Pinos 1 cda x1 | Café negro 1 taza x1,Aguacate 1/2 unidad x1 | Pepino 1 taza x1,Atún en agua Sardimar 1 lata x1 | Ensalada verde 1 taza x1 | Tomate 1 unidad x1 | Aguacate 1/2 unidad x1,Queso cottage Dos Pinos 1 taza x1,Salmón al horno 120 g x1 | Zucchini salteado 1 taza x1
ValeriaR,2026-02-10,Yogurt griego natural Dos Pinos 150 g x1 | Almendras 20 g x1 | Fresas 1 taza x1,Yogurt griego natural Dos Pinos 150 g x1,Lomo de cerdo a la plancha 120 g x1 | Brócoli al vapor 1 taza x1 | Queso fresco Dos Pinos 30 g x1,Queso fresco Dos Pinos 30 g x1 | Pepino 1 taza x1,Omelette de espinaca 1 porción x1 | Tomate 1 unidad x1 | Aguacate 1/2 unidad x1
ValeriaR,2026-02-11,Omelette de espinaca 1 porción x1 | Natilla liviana Dos Pinos 1 cda x1 | Café negro 1 taza x1,Aguacate 1/2 unidad x1 | Pepino 1 taza x1,Salmón al horno 120 g x1 | Brócoli al vapor 1 taza x1 | Zucchini salteado 1 taza x1,Queso cottage Dos Pinos 1 taza x1,Tilapia al horno 120 g x1 | Ensalada verde 1 taza x1 | Aguacate 1/2 unidad x1
ValeriaR,2026-02-12,Revuelto de huevo con tomate 1 porción x1 | Queso mozzarella Dos Pinos 30 g x1 | Aguacate 1/2 unidad x1,Nueces mixtas 20 g x1,Bistec de res 120 g x1 | Vegetales salteados 1 taza x1 | Aguacate 1/2 unidad x1,Nueces mixtas 20 g x1,Omelette de espinaca 1 porción x1 | Tomate 1 unidad x1 | Aguacate 1/2 unidad x1
ValeriaR,2026-02-13,Omelette de espinaca 1 porción x1 | Natilla liviana Dos Pinos 1 cda x1 | Café negro 1 taza x1,Nueces mixtas 20 g x1,Bistec de res 120 g x1 | Vegetales salteados 1 taza x1 | Aguacate 1/2 unidad x1,Almendras 20 g x1 | Yogurt griego natural Dos Pinos 150 g x1,Pechuga de pollo a la plancha 120 g x1 | Brócoli al vapor 1 taza x1 | Queso mozzarella Dos Pinos 30 g x1
ValeriaR,2026-02-14,Claras de huevo 3 unidades x1 | Huevo entero 1 unidad x1 | Queso cottage Dos Pinos 1 taza x1,Almendras 20 g x1 | Queso fresco Dos Pinos 30 g x1,Bistec de res 120 g x1 | Vegetales salteados 1 taza x1 | Aguacate 1/2 unidad x1,Nueces mixtas 20 g x1,Salmón al horno 120 g x1 | Zucchini salteado 1 taza x1
ValeriaR,2026-02-15,Revuelto de huevo con tomate 1 porción x1 | Queso mozzarella Dos Pinos 30 g x1 | Aguacate 1/2 unidad x1,Nueces mixtas 20 g x1,Pechuga de pollo a la plancha 120 g x1 | Ensalada verde 1 taza x1 | Aguacate 1/2 unidad x1 | Queso mozzarella Dos Pinos 30 g x1,Nueces mixtas 20 g x1,Salmón al horno 120 g x1 | Zucchini salteado 1 taza x1
ValeriaR,2026-02-16,Huevo entero 1 unidad x2 | Queso fresco Dos Pinos 30 g x1 | Aguacate 1/2 unidad x1 | Café negro 1 taza x1,Aguacate 1/2 unidad x1 | Pepino 1 taza x1,Lomo de cerdo a la plancha 120 g x1 | Brócoli al vapor 1 taza x1 | Queso fresco Dos Pinos 30 g x1,Nueces mixtas 20 g x1,Pechuga de pollo a la plancha 120 g x1 | Brócoli al vapor 1 taza x1 | Queso mozzarella Dos Pinos 30 g x1
ValeriaR,2026-02-17,Revuelto de huevo con tomate 1 porción x1 | Queso mozzarella Dos Pinos 30 g x1 | Aguacate 1/2 unidad x1,Aguacate 1/2 unidad x1 | Pepino 1 taza x1,Bistec de res 120 g x1 | Vegetales salteados 1 taza x1 | Aguacate 1/2 unidad x1,Almendras 20 g x1 | Yogurt griego natural Dos Pinos 150 g x1,Tilapia al horno 120 g x1 | Ensalada verde 1 taza x1 | Aguacate 1/2 unidad x1
ValeriaR,2026-02-18,Huevo entero 1 unidad x2 | Queso fresco Dos Pinos 30 g x1 | Aguacate 1/2 unidad x1 | Café negro 1 taza x1,Yogurt griego natural Dos Pinos 150 g x1,Atún en agua Sardimar 1 lata x1 | Ensalada verde 1 taza x1 | Tomate 1 unidad x1 | Aguacate 1/2 unidad x1,Queso cottage Dos Pinos 1 taza x1,Pechuga de pollo a la plancha 120 g x1 | Brócoli al vapor 1 taza x1 | Queso mozzarella Dos Pinos 30 g x1
ValeriaR,2026-02-19,Omelette de espinaca 1 porción x1 | Natilla liviana Dos Pinos 1 cda x1 | Café negro 1 taza x1,Almendras 20 g x1 | Queso fresco Dos Pinos 30 g x1,Bistec de res 120 g x1 | Vegetales salteados 1 taza x1 | Aguacate 1/2 unidad x1,Nueces mixtas 20 g x1,Salmón al horno 120 g x1 | Zucchini salteado 1 taza x1
ValeriaR,2026-02-20,Claras de huevo 3 unidades x1 | Huevo entero 1 unidad x1 | Queso cottage Dos Pinos 1 taza x1,Aguacate 1/2 unidad x1 | Pepino 1 taza x1,Salmón al horno 120 g x1 | Brócoli al vapor 1 taza x1 | Zucchini salteado 1 taza x1,Almendras 20 g x1 | Yogurt griego natural Dos Pinos 150 g x1,Omelette de espinaca 1 porción x1 | Tomate 1 unidad x1 | Aguacate 1/2 unidad x1
ValeriaR,2026-02-21,Claras de huevo 3 unidades x1 | Huevo entero 1 unidad x1 | Queso cottage Dos Pinos 1 taza x1,Aguacate 1/2 unidad x1 | Pepino 1 taza x1,Pechuga de pollo a la plancha 120 g x1 | Ensalada verde 1 taza x1 | Aguacate 1/2 unidad x1 | Queso mozzarella Dos Pinos 30 g x1,Nueces mixtas 20 g x1,Salmón al horno 120 g x1 | Zucchini salteado 1 taza x1
ValeriaR,2026-02-22,Claras de huevo 3 unidades x1 | Huevo entero 1 unidad x1 | Queso cottage Dos Pinos 1 taza x1,Aguacate 1/2 unidad x1 | Pepino 1 taza x1,Salmón al horno 120 g x1 | Brócoli al vapor 1 taza x1 | Zucchini salteado 1 taza x1,Almendras 20 g x1 | Yogurt griego natural Dos Pinos 150 g x1,Omelette de espinaca 1 porción x1 | Tomate 1 unidad x1 | Aguacate 1/2 unidad x1
ValeriaR,2026-02-23,Claras de huevo 3 unidades x1 | Huevo entero 1 unidad x1 | Queso cottage Dos Pinos 1 taza x1,Almendras 20 g x1 | Queso fresco Dos Pinos 30 g x1,Pechuga de pollo a la plancha 120 g x1 | Ensalada verde 1 taza x1 | Aguacate 1/2 unidad x1 | Queso mozzarella Dos Pinos 30 g x1,Nueces mixtas 20 g x1,Ensalada de atún 1 porción x1 | Pepino 1 taza x1
ValeriaR,2026-02-24,Omelette de espinaca 1 porción x1 | Natilla liviana Dos Pinos 1 cda x1 | Café negro 1 taza x1,Aguacate 1/2 unidad x1 | Pepino 1 taza x1,Bistec de res 120 g x1 | Vegetales salteados 1 taza x1 | Aguacate 1/2 unidad x1,Queso cottage Dos Pinos 1 taza x1,Ensalada de atún 1 porción x1 | Pepino 1 taza x1
ValeriaR,2026-02-25,Claras de huevo 3 unidades x1 | Huevo entero 1 unidad x1 | Queso cottage Dos Pinos 1 taza x1,Nueces mixtas 20 g x1,Pechuga de pollo a la plancha 120 g x1 | Ensalada verde 1 taza x1 | Aguacate 1/2 unidad x1 | Queso mozzarella Dos Pinos 30 g x1,Almendras 20 g x1 | Yogurt griego natural Dos Pinos 150 g x1,Tilapia al horno 120 g x1 | Ensalada verde 1 taza x1 | Aguacate 1/2 unidad x1
admin,2026-02-03,Gallo pinto casero 1 taza x1 | Huevo entero 1 unidad x2 | Queso fresco Dos Pinos 30 g x1 | Café negro 1 taza x1,Yogurt griego natural Dos Pinos 150 g x1 | Almendras 20 g x1,Pechuga de pollo a la plancha 120 g x1 | Arroz integral cocido 1 taza x1 | Ensalada verde 1 taza x1 | Aguacate 1/2 unidad x1,Piña 1 taza x1 | Queso cottage Dos Pinos 1 taza x1,Sopa negra 1 taza x1 | Tortilla de maíz 2 unidades x1 | Pico de gallo 1 porción x1
admin,2026-02-08,Avena en hojuelas 40 g x1 | Leche descremada Dos Pinos 250 ml x1 | Banano mediano x1 | Semillas de chía 1 cda x1,Manzana mediana x1 | Nueces mixtas 20 g x1,Casado con pollo 1 plato x1 | Aguacate 1/2 unidad x1,Batido de proteína 1 porción x1,Ensalada de atún 1 porción x1 | Galleta soda Pozuelo 4 unidades x1
admin,2026-02-14,Omelette de espinaca 1 porción x1 | Pan cuadrado integral Musmanni 2 rebanadas x1 | Papaya 1 taza x1,Yogurt de fresa Dos Pinos 125 g x1 | Barra de cereal Jack's 1 unidad x1,Tilapia al horno 120 g x1 | Camote cocido 150 g x1 | Brócoli al vapor 1 taza x1,Sandía 1 taza x1 | Queso mozzarella Dos Pinos 30 g x1,Wrap vegetariano 1 unidad x1 | Hummus 2 cdas x1 | Pepino 1 taza x1
admin,2026-02-20,Bagel integral Musmanni 1 unidad x1 | Leche más proteína Dos Pinos 250 ml x1 | Fresas 1 taza x1,Piña 1 taza x1 | Almendras 20 g x1,Lomo de cerdo a la plancha 120 g x1 | Yuca cocida 150 g x1 | Ensalada verde 1 taza x1,Yogurt griego natural Dos Pinos 150 g x1 | Granola artesanal 30 g x1,Ceviche de pescado 1 taza x1 | Galleta soda Pozuelo 4 unidades x1 | Aguacate 1/2 unidad x1
admin,2026-02-26,Cereal Poffis Jack's 30 g x1 | Leche descremada Dos Pinos 250 ml x1 | Mango 1 taza x1,Queso fresco Dos Pinos 30 g x1 | Tomate 1 unidad x1,Carne molida magra 120 g x1 | Papa cocida 150 g x1 | Vegetales salteados 1 taza x1,Agua de pipa 250 ml x1 | Galleta maría Pozuelo 4 unidades x1,Ensalada de garbanzos 1 porción x1 | Aguacate 1/2 unidad x1 | Pepino 1 taza x1
